COFF,Nescafe Original Decaf Instant Coffee 300g
COFF,Sainsbury's Gold Roast Instant Coffee 200g
COFF,Nescafe Azera Americano Instant Coffee 140g
COFF,Coffee Mate Coffee Whitener 450g
COFF,"Sainsbury's Fairtrade Italian Style Coffee, Strength 4 227g"
COFF,Kenco Smooth Instant Coffee 200g
COFF,Kenco Latte Instant Coffee Sachets 130.4g
COFF,Kenco Decaff Instant Coffee 200g
COFF,Lavazza Qualita Rossa Ground Coffee 2x250g
COFF,Sainsbury's Gold Roast Decaffeinated Instant Coffee Granules 200g
COFF,"Sainsbury's Fairtrade Colombian Coffee, Taste the Difference, Strength 3 227g"
COFF,"Sainsbury's Fairtrade House Blend Original Coffee, Strength 3 227g"
COFF,Kenco Rich Instant Coffee 200g
COFF,Taylors of Harrogate Rich Italian Ground Coffee 227g
COFF,Nescafe Gold Cappuccino Instant Coffee Sachets x12 15.5g
COFF,Taylors of Harrogate Rich Italian Coffee Bags x10
COFF,Taylors of Harrogate Lazy Sunday Ground Coffee 227g
COFF,Nescafe Gold Vanilla Latte Instant Coffee Sachets x8
COFF,Nescafe Gold Caramel Latte Instant Coffee Sachets x8
COFF,Sainsbury's Rich Roast Instant Coffee 200g
COFF,Sainsbury's Gold Roast Instant Coffee 500g
COFF,Kenco Cappuccino Instant Coffee x8 Sachets
COFF,Kenco Decaff Instant Coffee Refill 150g
COFF,Nescafe Gold Latte Instant Coffee Sachets x8 124g
COFF,"Sainsbury's Fairtrade Decaff House Blend Coffee, Strength 3 227g"
COFF,Nescafe Gold Double Choc Mocha Instant Coffee Sachets x8
COFF,Douwe Egberts Pure Gold Instant Coffee 190g
COFF,Kenco Rich Instant Coffee Refill 150g
COFF,Lavazza Cafe Decaffeinated Ground Coffee 250g
COFF,Taylors of Harrogate Lazy Sunday Ground Coffee 454g
COFF,Taylors of Harrogate Rich Italian Ground Coffee 454g
COFF,Nescafe Gold Blend Coffee 200G
COFF,Nescafe Original Instant Coffee 300G
COFF,Nescafe Azera Americano Instant Coffee 90G
COFF,Tesco Gold Instant Coffee 200G
COFF,Taylors Rich Italian Ground Coffee 227G
COFF,Taylors Lazy Sunday Ground Coffee 227G
COFF,Lor Classique Instant Coffee 150G
COFF,Douwe Egberts Pure Gold Coffee 190G
COFF,Lor Intense Instant Coffee 150G
COFF,Tesco Classic Instant Coffee 200G
COFF,Kenco Smooth Instant Coffee 200G
COFF,Nescafe Azera Americano Intense Instant Coffee 90G
COFF,Kenco Smooth Instant Coffee Refill 150G
COFF,Nescafe Gold Smooth Instant Coffee 200G
COFF,Kenco Millicano Americano Instant Coffee 100G
COFF,Kenco Rich Instant Coffee Refill 150G
COFF,Nescafe Original Instant Coffee 100G
COFF,Lavazza Qualita Rossa Ground Coffee 2 X 250G
COFF,Taylors Hot Lava Java Ground Coffee 227G
COFF,Tesco Gold Instant Coffee 500G
COFF,Stockwell  Co Instant Coffee 100G
COFF,Tesco Italian Inspired Blend Ground Coffee 454G
COFF,Nescafe Gold Blend Coffee Refill 150G
COFF,Kenco Rich Instant Coffee 200G
HTCD,Cadbury Drinking Hot Chocolate 500g
HTCD,Cadbury Hot Chocolate Instant Jar 400g
HTCD,"Ovaltine Malted Drink, Chocolate, Light 300g"
HTCD,Sainsbury's Low Calorie Instant Fairtrade Hot Chocolate 250g
HTCD,Galaxy Instant Hot Chocolate Jar 370g
HTCD,Sainsbury's Instant Fairtrade Hot Chocolate 350g
HTCD,Green & Black's Organic Hot Chocolate 300g
HTCD,Cadbury Hot Chocolate Instant 28g
HTCD,Cadbury Drinking Hot Chocolate 250g
HTCD,Twinings Swiss Hot Chocolate 350g
HTCD,Clipper Fairtrade Instant Hot Chocolate 350g
HTCD,Galaxy Instant Hot Chocolate Sachet 25g
HTCD,Maltesers Malty Hot Chocolate 350g
HTCD,Options Vegan Belgian Hot Chocolate 200g
HTCD,Galaxy Vegan Instant Silky & Smooth Hot Chocolate Drink 250g
HTCD,Options Salted Caramel Hot Chocolate 220g
HTCD,Aero Instant Hot Chocolate Powder Jar 288g
HTCD,Starbucks Signature 42% Cocoa Hot Chocolate Powder Tin 330g
HTCD,Galaxy Hot Chocolate 500g
HTCD,Costa Hot Chocolate 300g
HTCD,"Sainsbury's Fairtrade Belgian Milk Drinking Chocolate, Taste the Difference 280g"
HTCD,Starbucks Signature Chocolate Salted Caramel Flavour Hot Chocolate Powder 10x20g Sachets
HTCD,The Trending Taste Marshmallow Hot Chocolate Stirring Spoon 30g
HTCD,Butlers Hot Chocolate 240g
HTCD,Cadbury Hot Chocolate Cocoa Powder 500G
HTCD,Cadbury Instant Hot Chocolate Cocoa Powder 400G
HTCD,Cadbury Fair Trade Hot Chocolate Instant Stickpack 28G
HTCD,Tesco Drinking Chocolate 400G
HTCD,Stockwell  Co Hot Chocolate 375G
HTCD,Cadbury Hot Chocolate Cocoa Powder 250G
HTCD,Options Hot Chocolate Salted Caramel 220G
HTCD,Options Belgian Chocolate 220G
HTCD,Galaxy Light Instant Hot Chocolate 210G
HTCD,Twinings Luxury Chocolate Drink 350G
HTCD,Cadbury Highlights Milk Chocolate Jar 220G
HTCD,Tesco Pink  White Marshmallows 100G
HTCD,Options Vegan Belgian Hot Chocolate Drink 200G
HTCD,Starbucks Signature 42 Cocoa Hot Chocolate 330G
HTCD,Tesco Finest Belgian Hot Chocolate Flakes 200G
HTCD,Naturya Organic Hot Chocolate 250G
HTCD,Options Mint Madness 220G
HTCD,Options Instant Belgian Chocolate Sachet 11G
HTCD,Green  Blacks Organic Cocoa Fair Trade 125G
HTCD,Tesco White Mini Marshmallows 100G
HTCD,Tesco Cocoa Powder 250G
HTCD,Sweet Freedom Chocolate Shot Liquid Chocolate 320G
HTCD,Tassimo Cadbury Hot Chocolate 8 Pods 240G
HTCD,Twinings 80 English Breakfast T Bags 200G
SBTB,Yorkshire Tea Tea Bags x80
SBTB,"Sainsbury's Earl Grey Coronation Tea Bags 100's, Taste the Difference"
SBTB,Yorkshire Tea Tea Bags x240
SBTB,Sainsbury's Fairly Traded Decaffeinated Red Label x80 Tea Bags 250g
SBTB,PG tips Original Biodegradable Black Tea Bags x240
SBTB,Sainsbury's Fairly Traded Red Label x240 Tea Bags 750g
SBTB,"Tetley Everyday Tea Bags, Softpack x240"
SBTB,Yorkshire Tea Decaf Tea Bags x80
SBTB,Clipper Organic Everyday Tea Bags x80
SBTB,Sainsbury's Fairly Traded Red Label x160 Tea Bags 500g
SBTB,Yorkshire Gold Tea Bags x80
SBTB,Sainsbury's Fairly Traded Red Label x80 Tea Bags 250g
SBTB,PG tips Original Biodegradable Black Tea Bags x80
SBTB,Tetley Everyday Tea Bags Decaffeinated x80 250g
SBTB,"Tetley Everyday Tea Bags, Softpack x80"
SBTB,PG tips Original Biodegradable Black Tea Bags x160
SBTB,PG Tips Decaffeinated Biodegradable Tea Bags x140 406g
SBTB,Yorkshire Tea Decaf Tea Bags x160
SBTB,PG Tips Decaffeinated Tea Bags x70 230g
SBTB,Sainsbury's Infusions Peppermint Tea Bags x80
SBTB,"Sainsbury's Earl Grey Decaff Tea Bags, Taste the Difference x50"
SBTB,Sainsbury's Infusions Lemon & Ginger Tea Bags x20
SBTB,Sainsbury's English Breakfast Tea Bags Taste the Difference x80
SBTB,Sainsbury's Assam Tea Bags Taste the Difference x80
SBTB,"Twinings Peppermint Tea, 20 Tea Bags"
SBTB,Yorkshire Tea Hard Water Tea Bags x80
SBTB,Yorkshire Tea Loose Leaf Tea 250g
SBTB,"Twinings Peppermint Tea, 80 Tea Bags"
SBTB,"Twinings Superblends Sleep with Spiced Apple & Camomile, 20 Tea Bags"
SBTB,Tick Tock Rooibos Tea Bags x80
SBTB,"Sainsbury's Earl Grey Tea Bags, Taste the Difference x50"
SBTB,Twinings Strong English Breakfast 80 Tea Bags 250G
SBTB,Yorkshire Tea 210 Tea Bags 656G
SBTB,Tetley Original Tea Bags 600 Pack 1875Kg
SBTB,Tesco Finest English Breakfast 100 Tea Bags 250G
SBTB,Yorkshire Teabags 40S 125G
SBTB,Tetley Softpack 240 Teabags 750G
SBTB,Tesco 80 Teabags 250G
SBTB,Yorkshire 80 Teabags 250G
SBTB,Stockwell  Co 80 Tea Bags 200G
SBTB,Clipper Classic Everyday Tea Bags 80Pk 232G
SBTB,Yorkshire Decaff Teabags 160S 500G
SBTB,Tetley Original 120 Teabags 375G
SBTB,Pukka Organic Night Time 20 Tea Bags 20G
SBTB,Tesco Peppermint 40S 60G
SBTB,Tetley Decaffeinated 160 Teabags 500G
SBTB,Yorkshire Gold 80 Teabags 250G
SBTB,Tesco Lemon  Ginger 40S 80G
SBTB,Pg Tips 40S Pyramid Teabags 116G
SBTB,Yorkshire Tea Malty Biscuit Brew 40 Tea Bags 112G
SBTB,Taylors Yorkshire Leaf Tea 250G
SBTB,Twinings Cranberry And Raspberry 20S 40G
SBTB,Clipper Snore  Peace Chamomile Lemon  Lavender Tea Bags 30G
SBTB,Galaxy Instant Hot Chocolate Drink 370G
