FIZD,7UP Free / Zero Sparkling Lemon & Lime Drink 6x330ml
FIZD,Tango Dark Berry Sugar Free 6x330ml
FIZD,R Whites Lemonade 2L
FIZD,R Whites Diet Lemonade 2L
FIZD,7up Free / Zero Cherry 6x330ml
FIZD,Tango Orange 2L
FIZD,7up Free / Zero Cherry 2L
FIZD,Tango Dark Berry Sugar Free 2L
FIZD,7up 2 Litres
FIZD,7UP Free Lemon & Lime Can 24x330ml
FIZD,Coca-Cola Original Taste 24x330ml
FIZD,Coca-Cola Original Taste 8x330ml
FIZD,Diet Coke No Caffeine 8 x 330ml
FIZD,Diet Coke 8x330ml
FIZD,Diet Coke 12x330ml Cans
FIZD,Coca-Cola Zero Sugar 8x330ml
FIZD,Coca-Cola Original Taste 1.75L
FIZD,Diet Coke 2L
FIZD,Coca-Cola Zero Sugar 2L
FIZD,Diet Coke 4x1.5L
FIZD,Diet Coke No Caffeine 2L
FIZD,Coca-Cola Zero Sugar Cherry 2L
FIZD,Coca-Cola Cherry 1.75L
FIZD,Coca-Cola Zero Sugar Vanilla 2L
FIZD,Diet Coke 500ml
FIZD,Coca-Cola Original Taste 500ml
FIZD,Monster Energy Drink Ultra Fiesta Mango 4x500ml
FIZD,Diet Coke Sublime Lime 2L
FIZD,Pepsi Max Cans 24x330ml
FIZD,Pepsi Max Cans 8x330ml
FIZD,Pepsi Max Cherry 2L
FIZD,Pepsi Max Cherry Cans 8x330ml
FIZD,Pepsi Max Lime No Sugar Cola Bottle 2L
FIZD,Diet Pepsi 2L
FIZD,Pepsi 2L (Sugar levy applied)
FIZD,Pepsi Max No Caffeine 8x330ml
FIZD,Diet Pepsi Caffeine Free Cans 8x330ml
FIZD,Pepsi Max 1.25L
FIZD,"Sainsbury's Diet Ginger Beer, No Added Sugar 2L"
FIZD,"Sainsbury's Ginger Beer, Diet x6 330ml"
FIZD,"Sainsbury's Diet Cream Soda, No Added Sugar 2L"
FIZD,Old Jamaica Ginger Beer 1.5L
FIZD,"Sainsbury's Diet Cream Soda, No Added Sugar 6x330ml"
FIZD,IRN-BRU Xtra Sugar Free Soft Drink 2lL
FIZD,Old Jamaica Ginger Beer 4x330ml
FIZD,"Old Jamaica Ginger Beer, Diet 1.5L"
FIZD,"Sainsbury's Diet Dandelion & Burdock, No Added Sugar 2L"
FIZD,Ben Shaws Shandy 6x330ml
FIZD,Sainsbury's Dandelion & Burdock Diet x6 330ml
FIZD,Bundaberg Ginger Beer 4x375ml
FIZD,IRN-BRU Soft Drink 2l
FIZD,Red Bull Energy Drink 12x250ml (Sugar levy applied)
FIZD,"Red Bull Sugarfree, Energy Drink 12x250ml"
FIZD,"Red Bull Fruits Energy Drink, the Tropical Edition 4x250ml"
FIZD,"Red Bull Sugarfree, Energy Drink 8x250ml"
FIZD,"Red Bull Sugarfree The Tropical Edition, 250ml"
FIZD,Red Bull Watermelon 250ml
FIZD,Red Bull Tropical Edition Energy Drink 250ml
FIZD,"Red Bull Apricot Strawberry Energy Drink, Summer Edition 250ml"
FIZD,Red Bull Sugar Free Energy Drink 473ml
FIZD,"Red Bull Sugarfree, Energy Drink 355ml"
FIZD,"Red Bull Sugarfree, Energy Drink 250ml"
FIZD,Dr Pepper 6x250ml
FIZD,Fentimans Ginger Beer 6x150ml
FIZD,Fentimans Rose Lemonade 6x150ml
FIZD,Pepsi Max 24 X 330Ml
FIZD,Diet Coke 24 X 330 Ml Pack
FIZD,Coca Cola Regular 24 X 330 Ml Pack
FIZD,Pepsi Max Cherry 2L
FIZD,Pepsi Max Cola Bottle
FIZD,Diet Coke Caffeine Free 2 Litre
FIZD,Diet Coke 2L
FIZD,Fanta Watermelon Zero Sugar 500Ml
FIZD,Old Jamaica Ginger Beer 330Ml
FIZD,7 Up Light Lemon  Lime 2 Litre Bottle
FIZD,Tango Paradise Punch Sugar Free 500Ml
FIZD,Tesco Diet Lemonade 330Ml
FIZD,Schweppes Lemonade 2Litre Bottle
FIZD,Tesco No Added Sugar Ginger Beer 330Ml
FIZD,Tesco Orange Zero 2L
FIZD,Tesco Lemon  Lime Zero 330Ml
FIZD,Tesco Lemonade 330Ml
FIZD,Tesco Orange Zero 330Ml
FIZD,Tesco Sparkling Lemonade 2L Bottle
FIZD,Tesco Xero Cola 2L
FIZD,Tesco Diet Cola 2L Bottle
FIZD,Pepsi Max Cherry Cans 24 X 330Ml
FIZD,Fanta Lemon 8 X 330Ml
FIZD,Dr Pepper 8X330ml
FIZD,Fanta Orange Zero 8X330ml
FIZD,Orangina Sparkling Orange Drink 6 X 330Ml
FIZD,Dr Pepper Zero 2L Bottle
FIZD,Fanta Orange Zero 2L
FIZD,Tesco No Added Sugar Cloudy Lemonade 2L Bottle
FIZD,Tesco No Added Sugar Smooth Cream Soda 2L
FIZD,Tesco No Added Sugar Fiery Ginger Beer 2L Bottle
FIZD,Tesco Fizzio Zero 2 Litre
FIZD,Tesco No Added Sugar Pink Lemonade 2L
FIZD,Fanta Pineapple  Grapefruit Zero Sugar 2 Litre
FIZD,Tesco Xero Cola Cherry 2 Litre
FIZD,San Pellegrino Sparkling Lemon Drink 6 X 330Ml
FIZD,Monster Energy Ultra Rosa Sugar Free Drink 500Ml
FIZD,Coca Cola 125 Litre
FIZD,Irn Bru Xtra 2Ltr
FIZD,Lipton Ice Tea Peach Flavour 125L Bottle
FIZD,Lipton Ice Tea Lemon Flavour 125L Bottle
FIZD,Tesco Classic Diet Caffeine Free Cola 2 Litre
FIZD,Coca Cola Zero Sugar 150Ml
FIZD,Tango Orange Drink 2 Litre Bottle
FIZD,Tango Apple Sugar Free 18 X 330Ml
FIZD,Tango Orange Original 18 X 330Ml
FIZD,Sprite Can 150Ml
FIZD,Bundaberg Ginger Beer 4 X 375Ml
FIZD,Irn Bru Xtra 8X330ml
FIZD,Fanta Orange Can 150Ml
FIZD,Vimto Zero Carbonated Fruit Juice 6X330ml
FIZD,Coca Cola Regular 150Ml
FIZD,Fever Tree Light Sicilian Lemonade 500Ml
FIZD,Oasis Summer Fruit 15Ltr N
FIZD,Rubicon Sparkling Mango Juice Drink 330Ml
FIZD,Dr Pepper Can 150 Ml
FIZD,Belvoir Raspberry Lemonade 750Ml
FIZD,Fever Tree Refreshingly Light Rose Lemonade 500Ml
FIZD,Oasis Citrus Punch 500Ml N
FIZD,Belvoir Farm Botanical Soda Floral Fizz 500Ml
FIZD,Orangina 420Ml
FIZD,San Pellegrino Sparkling Orange Drink 330Ml
ENRD,Lucozade Energy Original 900ml
ENRD,Sainsbury's Blue Bolt Zero 6x250ml
ENRD,Lucozade Energy Zero Pink 900ml
ENRD,Lucozade Energy Original 12x330ml
ENRD,Monster Energy Drink Mango Loco 4x500ml
ENRD,Lucozade Energy Orange 12x330ml
ENRD,Monster Energy Drink 4x500ml
ENRD,Monster Energy Drink Pipeline Punch 4x500ml
ENRD,Lucozade Sport Fruit Punch 4 X 500ml
ENRD,Purdey's Natural Energy Rejuvenate Grape & Apple 4x250ml
ENRD,Monster Energy Drink Ultra Paradise 4x500ml
ENRD,Sainsbury's Pink Bolt Zero Strawberry & Kiwi 250ml
ENRD,Relentless Origin Energy Drink 4x500ml
ENRD,Gatorade Cool Blue 500ml
ENRD,Lucozade Energy Orange 500ml
ENRD,"Red Bull Fruits Energy Drink, the Tropical Edition 4x250ml"
ENRD,Relentless Cherry Energy Drink 500ml
ENRD,Monster Energy Drink Pacific Punch 4x500ml
ENRD,Monster Energy Drink Ultra Gold  4x500ml
ENRD,Tiger Energy Drink 250ml
ENRD,Tiger Zero No Sugar Energy Drink 250ml
ENRD,Red Bull Watermelon 250ml
ENRD,Monster Energy Drink Ultra 500ml
ENRD,Mountain Dew Citrus Blast 500ml
ENRD,Relentless Raspberry Zero Energy Drink 500ml
ENRD,Rubicon Raw Raspberry & Blueberry Energy Drink 4x500ml
ENRD,Monster Energy Drink Khaotic 500ml
ENRD,Rubicon Raw Orange & Mango Energy Drink 4x500ml
ENRD,Emerge Zero Sugar Energy Drink 250ml
ENRD,Oshee Vitamin Cocktail 250ml
ENRD,Monster Energy Drink Rossi VR46 500ml
ENRD,Red Bull Energy Drink 250ml (Sugar levy applied)
ENRD,Oshee Vitamin Cocktail 250ml
ENRD,Monster Energy Ultra 9 X 500Ml
ENRD,Monster Energy Ultra Fiesta Zero Sugar Mango 9X500ml
ENRD,Red Bull Energy Drink 8 X 250Ml
ENRD,Ufit High Protein Milkshake White Chocolate Flavoured 330Ml
ENRD,Ufit High Protein Milkshake Drink Strawberry 330Ml
ENRD,Tesco Blue Spark 6X250ml
ENRD,For Goodness Shakes Protein Chocolate 475Ml
ENRD,Red Bull Energy Drink 4 X 250Ml
ENRD,Tesco Blue Spark Sugar Free Drink 6X250ml
ENRD,Emmi Caffe Latte Cappuccino Mr Big 370Ml
ENRD,Lucozade Sport Raspberry 4X500ml
ENRD,Lucozade Sport Orange 4X500ml
ENRD,Costa Coffee Caramel Latte 250Ml
ENRD,Emmi Caffe Latte Cappuccino 230Ml
ENRD,Emmi Caffe Latte Skinny 230Ml
ENRD,Pro Milk Chocolate Protein Shake 330Ml
ENRD,Lucozade Sport Zero Sugar Raspberry  Passion Fruit 4X500ml
ENRD,Tesco Blue Spark Sugar Free Energy Drink 1L
ENRD,Lucozade Sport Zero Sugar Orange  Peach 4X500ml
ENRD,Lucozade Zero Sugar Pink Lemonade 900Ml
ENRD,Arctic Coffee Cafe Latte 1 Litre
ENRD,Starbucks Skinny Latte 220Ml
ENRD,Lucozade Energy Original Fridge Pack 4 X 380Ml
ENRD,Arctic Coffee Caramel Latte 1L
ENRD,Tesco Blue Spark Original 1L
ENRD,Monster Energy 500 Ml Can
ENRD,Relentless Origin 500Ml
ENRD,Mighty Shake Banana  Oat 330Ml
ENRD,Red Bull Energy Drink 355Ml
ENRD,Red Bull Energy Drink 473Ml
ENRD,Lucozade Energy Original 900Ml
ENRD,Lucozade Energy Orange 900Ml
ENRD,Rockstar Refresh Strawberry  Lime 500Ml
ENRD,Rubicon Raw Energy Pineapple  Passion Fruit 500Ml
ENRD,Volvic Touch Of Fruit Lemon And Lime 6X500ml
FRUJ,No.1 Living Cognitive Kombucha Shot 60ml
FRUJ,No.1 Living Immune Kombucha Shot 60ml
FRUJ,Sainsbury's Smooth Pure Orange Juice 1L
FRUJ,"Sainsbury's 100% Pure Squeezed Smooth Orange Juice, Not From Concentrate 1L"
FRUJ,"Sainsbury's 100% Pure Squeezed Smooth Orange Juice, Not From Concentrate 1.75L"
FRUJ,"Sainsbury's 100% Pressed Apple Juice, Not From Concentrate 1L"
FRUJ,Sainsbury's Pure Apple Juice 1L
FRUJ,Tropicana Pure Smooth Orange Fruit Juice 900ml
FRUJ,"Sainsbury's 100% Pure Squeezed Orange Juice with Bits, Not From Concentrate 1L"
FRUJ,Sainsbury's Pure Apple Juice 6x200ml
FRUJ,Innocent Pure Orange Juice Smooth 1.35L
FRUJ,"Sainsbury's 100% Apple Juice, Not From Concentrate 1.75L"
FRUJ,"Sainsbury's 100% Pure Squeezed Pineapple Juice, Not From Concentrate 1L"
FRUJ,"Sainsbury's 100% Pure Squeezed Orange Juice with Bits, Not From Concentrate 1.75L"
FRUJ,Actimel Multifruit Cultured Yogurt Drink 8x100g
FRUJ,Sainsbury's Smooth Pure Orange Juice 2L
FRUJ,Sainsbury's Pure Orange Juice 6x200ml
FRUJ,Tropicana Original Orange Fruit Juice with Bits 900ml
FRUJ,"Sainsbury's Apple & Mango Juice, Not From Concentrate 1L"
FRUJ,"Sainsbury's Freshly Squeezed Orange Juice with Bits, Taste the Difference 1L"
FRUJ,Copella Cloudy Apple Fruit Juice 1.35L
FRUJ,Sainsbury's Pure Orange Juice with Juicy Bits 1L
FRUJ,Benecol Original No Added Sugar Yogurt Drink 6x67.5g
FRUJ,Benecol Raspberry No Added Sugar Yogurt Drink 6x67.5g
FRUJ,Innocent Apple Juice 1.35L
FRUJ,Actimel Strawberry Cultured Yogurt Drink 12x100g
FRUJ,Happy Monkey Strawberry & Banana Kids Smoothie 4x180ml
FRUJ,Actimel Blueberry Cultured Yogurt Drink 8x100g
FRUJ,Actimel Original 0% Added Sugar Fat Free Yogurt Drink 8x100g
FRUJ,"Sainsbury's 100% Pure Squeezed Pink Grapefruit Juice, Not From Concentrate 1L"
FRUJ,Actimel Multifruit Cultured Yogurt Drink 12x100g
FRUJ,"Sainsbury's Freshly Squeezed Smooth Orange Juice, Taste the Difference 1L"
FRUJ,"Sainsbury's Apple & Pear Juice, Not From Concentrate 1L"
FRUJ,Tropicana Pure Smooth Orange Fruit Juice 1.7L
FRUJ,"Innocent Kids Smoothies, Strawberries, Raspberries & Apples with Vitamins 10x150ml"
FRUJ,Benecol Peach & Apricot No Added Sugar Yogurt Drink 6x67.5g
FRUJ,"Sainsbury's Tropical Juice, Not From Concentrate 1L"
FRUJ,"Sainsbury's Orange & Mango Juice, Not From Concentrate 1L"
FRUJ,Innocent Smoothie  Strawberry & Bananas 750ml
FRUJ,Innocent Orange Juice Smooth 135L
FRUJ,Innocent Kids Smoothies Apple  Blackcurrant 4X150ml
FRUJ,Innocent Apple Juice 135L
FRUJ,Innocent Kids Orange Mango  Pineapple 4X150ml
FRUJ,Innocent Kids Strawberry Raspberry  Apple 4X150ml
FRUJ,Tropicana Original Orange Juice With Juicy Bits 17L
FRUJ,Tropicana Smooth Orange Juice With No Juicy Bits 17L
FRUJ,Ufit Strawberry 22G Protein Milkshake 310Ml
FRUJ,Don Simon My First Juice Apple 4X125ml
FRUJ,Tesco Cranberry Juice 1 Litre
FRUJ,Tesco Pressed Apple Juice Not From Concentrate 1 Litre
FRUJ,Tesco Mango Passion Fruit Smoothie 750Ml
FRUJ,Tropicana Original Orange With Juicy Bits 900Ml
FRUJ,Tesco Strawberry Sensation Smoothie 750Ml
FRUJ,Tesco Pure Apple Juice 1 Litre
FRUJ,Tropicana Smooth Orange Juice 900Ml
FRUJ,Tesco 100 Pure Not From Concentrate Squeezed Juice Clementine 1L
FRUJ,Tesco Apple  Mango Juice Not From Concentrate 1 Litre
FRUJ,Tesco 100 Pure Squeezed Breakfast Juice Not From Concentrate 1 Litre
FRUJ,Tesco Orange Juice With Bits Not From Concentrate 1L
FRUJ,Tesco 100 Pure Squeezed Orange Juice Smooth Not From Concentrate 1L
FRUJ,Tesco No Added Sugar Cranberry Juice Drink 1 Litre
FRUJ,Tesco Tomato Juice 1 Litre
FRUJ,Happy Monkey Strawberries  Bananas 4 Pack
FRUJ,Tesco Cranberry Juice Drink 1L
FRUJ,Growers Harvest Pure Apple Juice 2 Litre
FRUJ,Tesco Tropical Juice Drink 1 Litre
FRUJ,Ocean Spray Cranbery Classic Juice Drink 1Ltr
FRUJ,Ocean Spray Cranberry Classic Light Juice Drink 1 Litre
FRUJ,Tesco 100 Squeezed  Pressed Orange  Mango Juice Not From Concentrate 1L
FRUJ,Tesco Apple And Mango From Concentrate 1 Litre
FRUJ,Tesco Orange Juice With Bits Not From Concentrate 175L
FRUJ,Tesco Pure Orange Juice Smooth 1 Litre
FRUJ,Tesco Orange Juice Smooth Not From Concentrate 175L
FRUJ,Tesco Pink Grapefruit 1 Litre
FRUJ,Growers Harvest No Added Sugar Apple Juice Drink 1 Litre
FRUJ,Growers Harvest Pure Apple Juice 1 Litre
FRUJ,Growers Harvest Pure Apple Juice 1 Litre
FRUJ,Growers Harvest Tropical Juice Drink 2L
FRUJ,T100 Pure Pressed Pineapple Juicenfc 1 Litre
FRUJ,Growers Harvest Orange Juice Drink No Added Sugar 1Litre
FRUJ,Growers Harvest Orange Juice Smooth 2L
FRUJ,Tesco Pineapple Juice 1 Litre
FRUJ,Growers Harvest Orange Juice Smooth 1 Litre
FRUJ,Growers Harvest Orange Juice Smooth 1L
FRUJ,Growers Harvest Orange Juice With Bits 1L
FRUJ,Innocent Kids Strawberry Raspberry  Apple 10X150ml
