FLWR,Volvic Touch of Fruit Sugar Free Lemon & Lime Flavoured Water 1.5L
FLWR,Volvic Touch of Fruit Sugar Free Strawberry Flavoured Water 1.5L
FLWR,Volvic Touch of Fruit Sugar Free Summer Fruits Flavoured Water 1.5L
FLWR,"Sainsbury's Sparkling Flavoured Water, Blackcurrant & Cherry 1L"
FLWR,Sainsbury's No Added Sugar Sparkling Apple & Elderflower Flavoured Spring Water 1L
FLWR,"Sainsbury's Sparkling Flavoured Water, Strawberry & Kiwi 1L"
FLWR,"Sainsbury's Still Flavoured Water, Strawberry & Kiwi 1L"
FLWR,"Sainsbury's Still Flavoured Water, Lemon & Lime 1L"
FLWR,Nexba Naturally Sugar Free Elderflower & Lemon Kombucha 1L
FLWR,Volvic Touch of Fruit Sugar Free Special Edition Mango Passion Flavoured Water 1.5L
FLWR,Sainsbury's Raspberry & Rhubarb Sparkling Water 1L
FLWR,"Sainsbury's Sparkling Flavoured Water Lemon & Lime, No Added Sugar 4x500ml"
FLWR,Aqua Libra Sparkling Water Infused with Cucumber Mint & Lime 4x330ml
FLWR,Volvic Touch of Fruit Sugar Free Watermelon Flavoured Water 1.5L
FLWR,Trip CBD Infused Elderflower Mint 4x250ml
FLWR,Volvic Touch of Fruit Sugar Free Peach & Raspberry Natural Flavoured Water 1.5L
FLWR,Trip CBD Infused Peach Ginger 4x250ml
FLWR,Sainsbury's No Added Sugar Mineral Water Fruit Slurps Blackcurrant Flavoured 6 x 250ml
FLWR,Aqua Libra Sparkling Water Infused with Raspberry & Blackcurrant 4x330ml
FLWR,Dash British Sparkling Spring Water Infused with Raspberry 4 x 330ml
FLWR,Volvic Touch of Fruit Strawberry Flavoured Water 1.5L
FLWR,No.1 Living Sugar Free Kombucha Ginger with Turmeric 4x250ml
FLWR,"Sainsbury's Sparkling Flavoured Water Strawberry & Kiwi, No Added Sugar 4x500ml"
FLWR,Sainsbury's No Added Sugar Fruit Slurps Orange & Pineapple Flavoured 6x250ml
FLWR,No.1 Living Sugar Free Kombucha Raspberry with Pomegranate 4x250ml
FLWR,Dash Water Peach Infused Sparkling Water 4x330ml
FLWR,Fruit Shoot Hydro Blackcurrant Kids Water Drink 8x200ml
FLWR,Aqua Libra Sparkling Water Infused with Blood Orange & Mango 4x330ml
FLWR,Perfectly Clear Still Red Apple Flavour Spring Water 1.5L
FLWR,Volvic Touch of Fruit Lemon & Lime Flavoured Water 1.5L
FLWR,Ocean Spray Sparkling Water Cranberry 1L
FLWR,Volvic Touch of Fruit Summer Fruits Flavoured Water 1.5L
FLWR,Nexba Kombucha Mango 1L
FLWR,"Sainsbury's Cucumber, Lime & Mint Sparkling Water 1L"
FLWR,Ocean Spray Sparkling Water Cranberry & Raspberry 1L
FLWR,Perfectly Clear Still Summer Fruits Flavour Spring Water 1.5L
FLWR,Volvic Touch Of Fruit Strawberry 6X500ml
FLWR,Tesco Water Splash Blackcurrant 12X300ml
FLWR,Volvic Touch Of Fruit Lemon And Lime 15Ltr
FLWR,Volvic Touch Of Fruit Lemon  Lime Sugar Free 15Ltr
FLWR,Volvic Touch Of Fruit Strawberry Sugar Free 15 Litre
FLWR,Get More Vitamin D Still Mango  Passion Fruit 1Ltr
FLWR,Get More Vitamins Peach  Apricot SFree Still 1L
FLWR,Get More Vitamins B12 Pink Grapefruit Sugar Free Still 1L
FLWR,Tesco Lemon  Lime Flavoured Still Water 4X500ml
FLWR,Tesco Strawberry Flavoured Still Water 4X500ml
FLWR,Tesco Summer Fruits Still Flavoured Water 1L
FLWR,Rubicon Spring Water Black Cherry Raspberry 15L
FLWR,Tesco Strawberry Still Flavoured Water 1Ltr
FLWR,Tesco Lemon  Lime Still Flavoured Water 1Ltr
FLWR,Volvic Touch Of Fruit Lemon  Lime 750Ml
FLWR,Tesco Still Pear  Plum Flavoured Water 1L
FLWR,Volvic Touch Of Fruit Peach  Raspberry Natural Flavoured Water 15 Litre
FLWR,Get More Vitamin D 500 Ml
FLWR,Volvic Touch Of Fruit Strawberry 750Ml
FLWR,Volvic Touch Of Fruit Strawberry 15Ltr
FLWR,Volvic Touch Of Fruit Pineapple  Orange Flavoured Water 15Ltr
FLWR,Volvic Touch Of Fruit Summer Fruits 15Ltr
FLWR,Volvic Touch Of Fruit Sugar Free Apple  BCurnt Water 15L
FLWR,S Pellegrino Essenza Dark Cherry  Pomegranate 6X330ml
FLWR,Dash Raspberry Infused Sparkling Water 4X330ml
FLWR,Dash Mango Infused Sparkling Water 4X330ml
FLWR,Dash Peach Infused Sparkling Water 4X330ml
FLWR,Highland Spring Pear  Elderflower Spring Water 4X330ml
FLWR,Highland Spring Blackberry Plum Spring Water 4X330ml
FLWR,Rubicon Orange  Mango Sparkling Water 4X330ml
FLWR,Aqua Libra Water Sparkling Raspberry  Blackcurrant 4X330ml
FLWR,Aqua Libra Sparkling Water Cucumber Mint Lime4x330ml
FLWR,Highland Spring Water Pear  Elderflower Sparkling 330Ml
FLWR,Rubicon Spring Black Cherry  Raspberry 500Ml
FLWR,Innocent Tropical Juice 135 Litres
FLWR,Innocent Orange Juice With Bits 135L
SMWR,Evian Natural Mineral Water 6x1.5L
SMWR,Evian Natural Mineral Water 6x500ml
SMWR,Evian Natural Mineral Water 4x750ml (Sports Cap)
SMWR,Buxton Still Natural Mineral Water 8x500ml
SMWR,Buxton Still Natural Mineral Water 6x1.5L
SMWR,Volvic Mineral Water 6x1.5L
SMWR,Evian Natural Mineral Water 12x330ml
SMWR,Evian Natural Mineral Water 1.5L
SMWR,Volvic Mineral Water 6x500ml
SMWR,Volvic Mineral Water 1.5L
SMWR,Evian Natural Mineral Water 750ml (Sports Cap)
SMWR,Evian Natural Mineral Water 1L
SMWR,Buxton Still Natural Mineral Water 1.5L
SMWR,AQUA Carpatica Kids Natural Still Mineral Water 6x250ml
SMWR,Evian Natural Mineral Water 500ml
SMWR,Aqua Pura Still Natural Mineral Water 12x500ml
SMWR,Buxton Still Natural Mineral Water Sports Cap 1L
SMWR,Aqua Carpatica Natural Still Mineral Water 1.5L
SMWR,Highland Spring Still Water 6 X 15L
SMWR,Highland Spring Still Bottled Water 12 X 500Ml
SMWR,Ice Valley Spring Water Still 24X500ml
SMWR,Evian Natural Mineral Water 6X15Ltr
SMWR,Aqua Pura Still Natural Mineral Water 12X500ml
SMWR,Highland Still Spring Water 12 X 330Ml
SMWR,Evian Water 1L
SMWR,Rubicon Black Cherry Raspberry Sparkling Water 4X330ml
SMWR,Tesco Elmhurst English Still Water 6 X 2 Litre
SMWR,Buxton Natural Mineral Water Still 6 X 15Ltr
SMWR,Highland Spring Still Water 15 Litre
SMWR,Volvic Natural Mineral Water 15L
SMWR,Tesco Ashbeck 5Ltr
SMWR,Buxton Still Water 15Ltr
SMWR,Evian Natural Mineral Water 15 Litres
SMWR,Evian Natural Mineral Water 6 X 500 Ml
SMWR,Nestle Pure Life Water 12X500ml
SMWR,Tesco Ashbeck Natural Mineral Water Sport 6X500ml
SMWR,Evian Still 4X75cl
SMWR,Tesco Ashbeck Still Water 2Ltr
SMWR,Buxton Natural Mineral Water Still 8 X 500 Ml
SMWR,Tesco Elmhurst Natural Mineral Still Water 12X500ml
SMWR,Volvic Sports Cap Water 1Ltr
SMWR,Actiph Alkaline Ionised Water 6X600ml
