DAIR,Pilgrims Choice Mature Cheddar 550G
DAIR,Pilgrims Choice Extra Mature Cheddar 550G
DAIR,Tesco Finest Vintage Cheddar 300G
DAIR,Pilgrims Choice Extra Mature Cheddar 350G
DAIR,Tesco Medium Cheddar 400G
DAIR,Cathedral City Lighter Cheddar 350G
DAIR,Cathedral City Mature Cheddar 350G
DAIR,Cathedral City Extra Mature 350G
DAIR,Tesco British Mild Cheddar Cheese 400G
DAIR,Tesco Mature 10 Cheddar Slices 250G
DAIR,Cathedral City Matured Sliced 150G
DAIR,Cathedral City Extra Mature Cheddar 550G
DAIR,Cathedral City Mature Cheddar 550G
DAIR,Tesco British Medium Grated Cheddar 250G
DAIR,Tesco Mature Cheddar 400G
DAIR,Tesco 30 Reduced Fat Mature Cheese 400G
DAIR,Tesco Mild 10 Cheddar Slices 250G
DAIR,Tesco Extra Mature Cheddar Cheese 400G
DAIR,Tesco 30 Reduced Fat Extra Mature Cheese 400G
DAIR,Tesco Mature Grated Cheddar 250G
DAIR,Tesco 50 Reduced Fat Mature Grated Cheese 250G
DAIR,Tesco Extra Mature Grated Cheddar 250G
DAIR,Tesco 30 Reduced Fat Mature Cheese Slices 250G
DAIR,Creamfields Mild White Cheddar 400G
DAIR,Creamfields Mild White Cheddar 400G
DAIR,Cathedral City Mature Cheddar Cheese 350g
DAIR,Sainsbury's British Mature Cheddar Cheese 400g
DAIR,Mary Ann's Dairy Mature Cheddar Cheese 600g
DAIR,Sainsbury's British Extra Mature Cheddar Cheese 400g
DAIR,Sainsbury's British Mature Grated Cheddar Cheese 250g
DAIR,Sainsbury's British Medium Cheddar Cheese 400g
DAIR,Sainsbury's West Country Farmhouse Mature Cheddar Cheese 400g
DAIR,Mary Ann's Dairy Grated Cheddar Cheese 500g
DAIR,Sainsbury's Red Leicester Cheese 250g
DAIR,Cathedral City Extra Mature Cheddar Cheese 350g
DAIR,Sainsbury's British Mild Cheddar Cheese 400g
DAIR,"Sainsbury's Barber's Mature Cruncher Cheese, Taste the Difference 350g"
DAIR,Davidstow Cornish Extra Mature Cheddar Cheese 320g
DAIR,Sainsbury's British Mature Cheddar Cheese Slices 240g
DAIR,Cathedral City Lighter Mature Cheddar Cheese 350g
DAIR,Mary Ann's Dairy Mature Cheddar Cheese 900g
DAIR,Pilgrims Choice Extra Mature Cheddar Cheese 550g
DAIR,Cathedral City Mature Cheddar Cheese Slices x6 150g
DAIR,Sainsbury's Lighter Mature Cheese 400g
DAIR,Sainsbury's Grated Four Cheese Mix 250g
DAIR,Sainsbury's British Mature Grated Cheddar Cheese 500g
DAIR,Sainsbury's Double Gloucester Cheese 250g
DAIR,Cathedral City Grated Mature Cheddar Cheese 180g
DAIR,Cathedral City Mini Mature Cheddar Cheeses 6x20g
DAIR,Sainsbury's Lighter Mature Grated Cheese 250g
DAIR,Sainsbury's British Free Range Eggs Large x12
DAIR,Sainsbury's British Free Range Eggs Large x6
DAIR,Sainsbury's British Free Range Eggs Medium x6
DAIR,Sainsbury's British Free Range Eggs Medium x12
DAIR,Sainsbury's Free Range British Eggs Medium x15
DAIR,"Sainsbury's Woodland Free Range Large Eggs, SO Organic x6"
DAIR,Sainsbury's British Free Range Eggs Extra Large x6
DAIR,"Sainsbury's Woodland Free Range Golden Yolked Mixed Weight Eggs, Taste the Difference x6"
DAIR,"Sainsbury's Woodland Free Range Medium Eggs, SO Organic x6"
DAIR,Clarence Court Mabel Pearmans's Burford Browns Large Free Range Eggs x6
DAIR,The Happy Egg Co. Free Range Large Eggs x6
DAIR,Happy Egg Large Free Range Eggs x10
DAIR,Clarence Court Mabel Pearmans's Burford Browns Large Free Range Eggs x10
DAIR,Purely Organic Free Range Eggs x10 540g
DAIR,Clarence Court Mabel Pearmans's Burford Brown Medium Free Range Eggs x6
DAIR,The Happy Egg Co. Free Range Mixed Weight x10 497g
DAIR,Freshlay Family Run Farms Golden Yolks Free Range Eggs x10
DAIR,Two Chicks Liquid Egg White 500g
DAIR,Respectful Medium Carbon Neutral Free Range Eggs x6
DAIR,Clarence Court Old Cotswold Legbar Large Free Range Eggs x6
DAIR,Clarence Court Duck Eggs x6
DAIR,Clarence Court Brown Medium Free Range Eggs 6 Pack
DAIR,Clarence Court Burford Brown Large Free Range Eggs 6 Pack
DAIR,Rymer Farm Eggs Large Free Range 6 Eggs
DAIR,Happy Egg Co Large Free Range Eggs 6 Pack
DAIR,Tesco Finest 6 Free Range Chestnut Maran Eggs
DAIR,Happy Egg Co Free Range Eggs 10 Mixed Weight
DAIR,Tesco Mixed Sized Organic Eggs 6 Pack
DAIR,Happy Egg Co Medium Free Range Eggs 6 Pack
DAIR,Tesco Free Range Eggs Very Large 6 Pack
DAIR,St Ewes 6 Large Free Range Eggs
DAIR,StEwe Rich Yolk Free Range Eggs 6 Pack
DAIR,Tesco Large Free Range Eggs 6 Pack
DAIR,Tesco Large Free Range Eggs 12 Pack
DAIR,Big  Fresh Mixed Sized Eggs 6 Pack
DAIR,Tesco Medium Free Range Eggs 12 Pack
DAIR,Tesco Medium Free Range Eggs 6 Pack
DAIR,Two Chicks Free Range Liquid Egg White 500Ml
DAIR,Clarence Court Old Cotswold Free Range Eggs 6 Pack
DAIR,Big  Fresh Medium Eggs 6 Pack
DAIR,Tesco 10 British Mixed Weight Caged Eggs
DAIR,Tesco Mixed Sized Free Range Eggs 15 Pack
DAIR,Cravendale Semi Skimmed Milk 2 Litre
DAIR,Cravendale Pure Filtered Semi Skimmed Milk 1L
DAIR,Tesco Semi Skimmed Milk 568Ml1 Pint
DAIR,Tesco Semi Skimmed Milk 113L2 Pints
DAIR,Tesco Filtered Semi Skimmed Milk 2 Litre
DAIR,Tesco Filtered Semi Skimmed Milk 1 Litre
DAIR,Tesco British Semi Skimmed Milk 2272L 4 Pints
DAIR,Tesco Semi Skimmed Milk 3408L6 Pints
DAIR,Sainsbury's British Semi Skimmed Milk 2.27L (4 pint)
DAIR,Sainsbury's British Semi Skimmed Milk 1.13L (2 pint)
DAIR,Sainsbury's British Skimmed Milk 2.27L (4 pint)
DAIR,Cravendale Filtered Fresh Semi Skimmed Milk 2L Fresher for Longer
DAIR,Sainsbury's British Skimmed Milk 1.13L (2 pint)
DAIR,Sainsbury's British Semi Skimmed Milk 3.4L (6 pint)
DAIR,Sainsbury's British Filtered Semi Skimmed Milk 2L
DAIR,Cravendale Filtered Fresh Semi Skimmed Milk Fresher for Longer 1L
DAIR,"Sainsbury's British Semi Skimmed Milk, SO Organic 2.27L (4 pint)"
DAIR,Sainsbury's British Semi Skimmed Milk 1 Pint
DAIR,"Sainsbury's British Semi Skimmed Milk, SO Organic 1.13L (2 pint)"
DAIR,Cravendale Filtered Fresh Skimmed Milk Fresher for Longer 2L
DAIR,Violife Vegan Greek White Block 230G
DAIR,Philadelphia Original Soft Cheese 280G
DAIR,Philadelphia Light Soft Cheese 280G
DAIR,Philadelphia Garlic  Herbs Soft Cheese 280G
DAIR,Philadelphia Plant-Based Almond  Oat Soft Cheese Alternative 150G
DAIR,Tesco Finest Stratford Blue Cream Cheese 140G
DAIR,Tesco Finest Matured Lancashire Cream Cheese 140G
DAIR,Tesco Natural Cottage Cheese Fat 600G
DAIR,Tesco Pineapple 0 Fat Cottage Cheese 300G
DAIR,Tesco Fat Free Cottage Cheese 300G
DAIR,Philadelphia Original Mini Tubs 4X35g
DAIR,Philadelphia Light Mini Tub 140G 4X35g
DAIR,Primula Cheese  Prawn Tube 140G
DAIR,Primula Cheese  Ham Tube 140G
DAIR,Primula Original Cheese Tube 140G
DAIR,Philadelphia Intense Garlic  Herb Soft Cheese 140G
DAIR,Philadelphia Intense Herbes Provence Soft Cheese 140G
DAIR,Dairylea Cheese Spread 270G
DAIR,Grahams Natural Cottage Cheese Full Fat 300G
DAIR,Tesco Soft Cheese Plain Full Fat 200G
DAIR,Tesco 50 Less Fat Soft Cheese 200G
DAIR,Tesco Soft Cheese 50 Less Fat Garlic  Herb 200G
DAIR,Lactofree Soft White Cheese 200G
DAIR,Philadelphia Chives Soft Cheese 165G
DAIR,Philadelphia Original Soft Cheese 165g
DAIR,Philadelphia Light Soft Cheese 165g
DAIR,Sainsbury's White Soft Cheese 300g
DAIR,Boursin Garlic & Herb French Cheese 150g
DAIR,Sainsbury's Cottage Cheese 300g
DAIR,Sainsbury's Light Soft Cheese 250g
DAIR,"Sainsbury's Cottage Cheese, Fat Free 300g"
DAIR,Mary Ann's Dairy Soft Cheese 200g
DAIR,Philadelphia Soft Cheese Mini Tub Light x4 35g
DAIR,Philadelphia Garlic & Herbs Soft Cheese 165g
DAIR,Sainsbury's Cottage Cheese 600g
DAIR,Philadelphia Lightest Soft Cheese 165g
DAIR,Sainsbury's Fat Free Pineapple Cottage Cheese 300g
DAIR,Philadelphia Original Soft Cheese Mini Tubs 140g
DAIR,Seriously Spreadable Cheese 125g
DAIR,Boursin Garlic & Herb French Cheese Portions x6 96g
DAIR,Sainsbury's Roule Cheese 125g
DAIR,Sainsbury's Fat Free Onion & Chive Cottage Cheese 300g
DAIR,Philadelphia Original Soft Cheese 280g
DAIR,Philadelphia Chives Soft Cheese 165g
DAIR,Sainsbury's Light Garlic & Herb Soft Cheese 250g
DAIR,Seriously Spreadable Cheese Lighter 125g
DAIR,Seriously Spreadable Vintage Cheese 125g
DAIR,Castello Pineapple & Almond Cream Cheese Ring 125g
DAIR,Cravendale Filtered Whole Milk 2 Litre
DAIR,Arla Big Milk 2Ltr
DAIR,Yeo Valley Organic Whole Milk 2 Litre
DAIR,Tesco Organic Free Range Whole Milk 1136L 2 Pint
DAIR,Cravendale Whole Milk 1 Litre
DAIR,Tesco Organic Whole Milk 2272L4 Pints
DAIR,Tesco Whole Milk 568Ml1 Pint
DAIR,Tesco Whole Milk 2 Pints113L
DAIR,Grahams Gold Smooth Milk 1 Litre
DAIR,Tesco Finest Jersey Whole Milk 1L
DAIR,Tesco Filtered Whole Milk 2 Litre
DAIR,Tesco Whole Milk 2272L4 Pints
DAIR,Tesco Salmon Side 1Kg
DAIR,Sainsbury's British Whole Milk 2.27L (4 pint)
DAIR,Sainsbury's British Whole Milk 1.13L (2 pint)
DAIR,Sainsbury's British Whole Milk 3.4L (6 pint)
DAIR,"Sainsbury's British Whole Milk, SO Organic 2.27L (4 Pint)"
DAIR,Cravendale Filtered Fresh Whole Milk 2L Fresher for Longer
DAIR,Sainsbury's British Whole Milk 568ml (1 pint)
DAIR,Yeo Valley Organic Fresh Whole Milk 2L
DAIR,"Graham's Whole Milk, Organic 1L"
FISH,Tesco Organic 2 Boneless Salmon Fillets 265G
FISH,Tesco Finest 2 Scottish Loch Trout Fillets 260G
FISH,Leap Wild Smoked Sockeye Salmon 100G
FISH,Tesco Hot Smoked Roasted Salmon Fillets 180G
FISH,Tesco Finest Scottish Salmon Fillets 240G
FISH,Tesco Boneless Haddock Fillets 280G
FISH,Sainsbury's Skin on ASC Scottish Salmon Fillets x2 240g
FISH,Harbour Smokehouse Salmon 100g
FISH,Sainsbury's ASC Scottish Mild Smoked Salmon 100g (Ready to Eat)
FISH,Sainsbury's Skin on ASC Scottish Salmon Fillets x4 480g
FISH,Mowi Scottish Salmon Fillets 230g
FISH,Sainsbury's ASC Scottish Mild Smoked Salmon 200g (Ready to Eat)
FISH,"Sainsbury's ASC Oak Smoked Scottish Salmon, Taste the Difference 100g (Ready to eat)"
FISH,Sainsbury's Scottish Smoked Salmon Trimmings 100g (Ready to Eat)
FISH,"Sainsbury's Skinless ASC Scottish Salmon Fillets, Taste the Difference x2 240g"
FISH,Mowi Smoked Scottish Salmon Slices x4 100g
FISH,"Sainsbury's Skinless ASC lightly Smoked Scottish Salmon Fillets, Taste the Difference x2 240g"
FISH,"Sainsbury's Loch Trout Fillets, Taste the Difference x2 240g"
FISH,Sainsbury's Skin on ASC Scottish Salmon Fillet 600g
FISH,Sainsbury's Skin on ASC Scottish Salmon Fillet Tails 140g
FISH,"Sainsbury's Skin on ASC Scottish Salmon Fillets, So Organic x2 240g"
FISH,Sainsbury's Honey Roast ASC Scottish Salmon Portions x2 180g (Ready to eat)
FISH,"Sainsbury's ASC Scottish Smoked Salmon, So Organic 100g (Ready to Eat)"
FISH,"Sainsburys Hebridean Kiln Dried Thick Sliced ASC Scottish Smoked Salmon, Taste the Difference 100g (Ready to Eat)"
FISH,Wild Fish Discovery Keta Salmon x2 230g
FISH,Tesco 2 Lemon  Pepper Sea Bass Fillets 200G
FISH,Tesco 2 Boneless Sea Bass Fillets 180G
FISH,Tesco 4 Boneless Sea Bass Fillets 360G
FISH,Tesco Boneless Smoked Haddock 280G
FISH,Tesco 2 Cape Hake Fillets 240G
FISH,Tesco 2 Skinless  Boneless Basa Fillets 250G
FISH,Tesco 2 Boneless Cod Fillets 280G
FISH,Tesco Finest Skinless  Boneless Cod Loins 280G
FISH,Tesco Finest Skinless  Boneless Cod Loins 280G
FISH,Tesco Finest Raw Jumbo King Prawns 165G
FISH,Fish Said Fred Big Cod Fillets x2 320g
FISH,Fish Said Fred Glorious Whole Sea Bream x2 520g
FISH,Sainsbury's Sea Bass Fillets ASC 180g
FISH,Sainsbury's Skinless & Boneless Smoked Haddock Fillets 240g
FISH,"Sainsbury's Cod Fillets, Boneless & Skinless 250g"
FISH,Fish Said Fred Big Sea Bass Fillets 240g
FISH,Sainsbury’s Smoked Basa fillets ASC 240g
FISH,Sainsbury's Basa Fillets ASC 250g
FISH,Sainsbury's Skinless & Boneless Haddock Fillets 260g
FISH,Sainsbury’s Sea Bass Fillets ASC x4 360g
FISH,"Sainsbury's Smoked Cod Fillets, Boneless & Skinless 230g"
FISH,Sainsbury's Butterflied Sea Bass 255g
FISH,Tesco Raw King Prawns 165G
FISH,Tesco Lemon  Garlic King Prawns 150G
FISH,Tesco Chilli  Lime King Prawns 150G
FISH,Tesco Cold Water Prawns 150G
FISH,Tesco Finest Canadian Cooked Prawns 150G
FISH,Seachill Cooked Peeled King Prawns 150G
FISH,Tesco Finest Raw Argentinian Red Shrimp 180G
FISH,Tesco Finest Pil Pil King Prawns 220G
FISH,Tesco Cooked  Peeled King Prawns 150G
FISH,Tesco Organic Cooked  Peeled Black Tiger Prawns 150G
FISH,Tesco Finest Unsmoked Dry Cure Streaky
FISH,Tesco Finest Smoked Dry Cure Streaky Bacon
FISH,Sainsbury's Large King Prawns ASC 150g
FISH,Fisherman King Prawns 140g
FISH,Sainsbury's Peeled Coldwater Prawns MSC 150g
FISH,"Sainsbury's Canadian Peeled Coldwater Prawns, Taste the Difference MSC 150g"
FISH,"Sainsbury's Large King Prawns ASC, Taste the Difference 150g"
FISH,"Sainsbury's Coldwater Prawn Cocktail, Be Good to Yourself MSC 170g"
FISH,Sainsbury's Large King Prawns ASC 300g
FISH,Sainsbury's Raw King Prawns ASC 165g
FISH,Sainsbury's King Prawns ASC in Garlic & Parsley ASC 150g
FISH,"Sainsbury's Large Raw Peeled King Prawns ASC, Taste the Difference 165g"
FISH,"Sainsbury's King Prawns ASC, So Organic 150g"
FISH,"Sainsbury's Large Black Tiger Prawns ASC, Taste the Difference 150g"
FISH,"Sainsbury's Jumbo King Prawn ASC Crevettes, Taste the Difference 200g"
MEAT,Tesco Unsmoked Streaky Bacon 300G
MEAT,Tesco Smoked Streaky Bacon 300G
MEAT,Woodside Farms Streaky Bacon 275G
MEAT,Tesco Reduced Fat  Salt 10 Unsmoked Bacon Medallions 300G
MEAT,Tesco Reduced Fat  Salt 10 Smoked Bacon Medallions 300G
MEAT,Tesco Unsmoked Twin Pack Back Bacon 2X360g
MEAT,Tesco Smoked Twin Pack Back Bacon 2X360g
MEAT,Tesco Smoked Lardons 200G
MEAT,Tesco Unsmoked Lardons 200G
MEAT,Tesco Finest Unsmoked Wiltshire Cured Bacon 240G
MEAT,Tesco Finest Smoked Wiltshire Cured Bacon 240G
MEAT,Tesco Bacon Strips 50G
MEAT,Tesco Finest Unsmoked Dry Cure Streaky
MEAT,Tesco Finest Smoked Dry Cure Streaky Bacon
MEAT,Mattessons Smoked Turkey Rashers 200G
MEAT,Tesco Unsmoked Streaky Bacon 300G
MEAT,T Unsmkd Thick Cut Back Bacon Rasher 300G
MEAT,Tesco Unsmked Back Bacon10 300G Promo
MEAT,Tesco Smoked Streaky Bacon 300G
MEAT,Tesco Pork Loin Joint
MEAT,Tesco Large Pork Shoulder Joint
MEAT,Sainsbury's Thick Unsmoked Back Bacon Rashers x6 300g
MEAT,Sainsbury's Thick Smoked Cut Back Bacon Rashers x6 300g
MEAT,Sainsbury’s Smoked Back British Bacon Rashers x10  300g
MEAT,"Sainsbury's Smoked Streaky British Bacon, Taste the Difference x14 220g"
MEAT,Sainsbury’s Unsmoked Back British Bacon Rashers x10 300g
MEAT,Sainsbury's Reduced Salt Smoked Back Bacon x8 250g
MEAT,Sainsbury's Reduced Salt Unsmoked Back Bacon x8 250g
MEAT,"Sainsbury's Unsmoked Streaky British Bacon, Taste the Difference X14 220g"
MEAT,"Sainsbury's Oak Smoked Dry Cure British Bacon, Taste the Difference x 6 220g"
MEAT,"Sainsbury's Unsmoked Dry Cure British Bacon, Taste the Difference x 6 220g"
MEAT,Sainsbury's 16 Smoked Back Bacon Rashers 2x250g
MEAT,J James & Family Smoked Back Bacon Rashers 300g
MEAT,Sainsbury's Smoked Streaky Bacon Rashers 300g
MEAT,"Sainsbury's Unsmoked Bacon Medallions, Be Good To Yourself x8 200g"
MEAT,"Sainsbury's Smoked Bacon Medallions, Be Good To Yourself x8 200g"
MEAT,Sainsbury's Unsmoked Back Bacon Rashers x16 (2x250g)
MEAT,"Sainsbury's Wiltshire Cured Unsmoked British Back Bacon, Taste the Difference x8 240g"
MEAT,Sainsbury's Unsmoked Streaky Bacon Rashers 300g
MEAT,"Sainsbury's Oak Smoked British Bacon Lardons, Taste the Difference 160g"
MEAT,Finnebrogue Naked Unsmoked Back Bacon x6 200g
MEAT,Sainsbury's Smoked Bacon Lardons 250g
MEAT,Woodside Farms Pork Loin Steaks 720G
MEAT,Tesco 4 Pork Chops 900G
MEAT,Tesco 4 Pork Loin Steaks 540G
MEAT,Tesco Finest Pork Loin Steaks 400G
MEAT,Tesco Pork Loin Steaks 2 Pack 270G
MEAT,Tesco Fresh Diced Pork Topside 500G
MEAT,Tesco Finest Pork Chops 500G
MEAT,Tesco Sweet Bbq Pulled Pork 410G
MEAT,Tesco Pork Leg Joint 1Kg
MEAT,Tesco Gammon Steak With Cheese  Pineapple 345G
MEAT,Tesco Small Unsmoked Gammon Joint
MEAT,Tesco Fire Pit 4 Pork Mozzarella  Tomato Kebabs 400G
MEAT,Tesco Whole Milk 3408L6 Pints
MEAT,Tesco Fire Pit 6 Bbq Maple Pork Loin Steaks 600G
MEAT,Tesco Pork Stir Fry 500G
MEAT,Tesco 2 Pork Loin Chops 450G
MEAT,Tesco Firepit 6 Chinese Style Pork Loin Steaks 600G
MEAT,Woodside Farms Pork Chops 700G
MEAT,Tesco Pork Loin Steaks 960G
MEAT,Tesco Pork Shoulder Steaks 700G
MEAT,Tesco Fin  Korean Inspired Butterfield Pork Shoulder Joint 670G
MEAT,Tesco Small Smoked Gammon Joint
MEAT,Tesco Finest Slow Cooked Char Siu Pork Shoulder 560G
MEAT,Tesco Large Beef Roasting Joint With Basting Fat
MEAT,Sainsbury's British Pork Mince 5% Fat 500g
MEAT,Sainsbury's British Pork Loin Steaks x4 480g
MEAT,Sainsbury's Small Unsmoked British Gammon Joint 750g
MEAT,Sainsbury's British Pork Belly Slices 500g
MEAT,Sainsbury's British Pork Loin Medallions x4 400g
MEAT,Sainsbury's Just Cook British Gammon Joint with Sweet Honey Glaze (Serves 3)
MEAT,Sainsbury's British Pork Loin Steaks x8 800g
MEAT,Sainsbury's Butcher's Choice British Pork Sausagemeat 400g
MEAT,Sainsbury’s Chinese Style British Pork Loin Steaks 440g
MEAT,Sainsbury's Small Smoked British Gammon Joint 750g
MEAT,Sainsbury's Extra Lean British Pork Stir Fry 300g
MEAT,J.James & Family Unsmoked British Gammon Steak 200g
MEAT,Sainsbury's British Pork Chops x2 350g
MEAT,Sainsbury's British Pork Loin Steaks x2 240g
MEAT,Sainsbury's Unsmoked Rindless British Gammon Steaks x2 400g
MEAT,Sainsbury's Butcher's Choice British Pork & British Bacon Pigs In Blankets x12 260g
MEAT,Sainsbury's Thick Cut British Pork Chops x2 500g
MEAT,Deli Express Thick Cut British Roast Gammon Slices x4 150g
MEAT,Sainsbury's Slow Cooked British Pork Ribs Smokey BBQ Sauce 646g (Serves 2)
MEAT,Sainsbury's British Pork Shoulder Steaks x4 600g
MEAT,Tesco Finest Beef Roasting Joint
MEAT,Tesco Medium Beef Roasting Joint With Basting Fat
MEAT,Tesco Finest Diced Beef 400G
MEAT,Tesco Finest 5 Aberdeen Angus Steak Mince 500G
MEAT,Tesco 12 Beef Meatballs 336G
MEAT,Tesco Lean Diced Beef 600G
MEAT,Tesco Finest 20 Mini Meatballs 336G
MEAT,Tesco Finest 12 Beef  Herb Meatballs 336G
MEAT,Tesco Finest Aberdeen Angus Steak Mince 500G
MEAT,Tesco Finest 4 British Beef Steak Burgers 454G
MEAT,Tesco Beef Rump Steak 255G
MEAT,Tesco Finest Sirloin Steak 227G
MEAT,Tesco 24 Beef Meatballs 672G
MEAT,Tesco Lean Diced Beef 400G
MEAT,Tesco Diced Beef 400G
MEAT,Seachill Cooked Peeled Cold Water Prawns 150G
MEAT,Fresh Beef Brisket Slow- Roast
MEAT,Tesco 2 Beef Medallion Steaks 340G
MEAT,Tesco Finest Fillet Steak 210G
MEAT,Tesco Finest Ribeye Steak 227G
MEAT,Tesco 4 Quarter Pound Burgers 454G
MEAT,Tesco Lean Beef Steak Mince 5 Fat 250G
MEAT,Tesco Stewing Steak 400G
MEAT,Tesco Room To Roam British Chicken Breast Fillets 650G
MEAT,Sainsbury's British or Irish 5% Fat Beef Mince 500g
MEAT,Sainsbury's British or Irish 5% Fat Beef Mince 750g
MEAT,Sainsbury's British or Irish 20% Fat Beef Mince 500g
MEAT,Sainsbury's British or Irish 5% Fat Beef Mince 250g
MEAT,Sainsbury's British or Irish Extra Lean Diced Beef 500g
MEAT,"Sainsbury's British Beef Mince 5% Fat , Taste the Difference 500g"
MEAT,Sainsbury's British or Irish 10% Fat 12 Beef Meatballs 350g
MEAT,Sainsbury's British or Irish Extra Lean Diced Beef 250g
MEAT,"Sainsbury's Beef Mince 12% Fat , Taste the Difference 500g"
MEAT,Sainsbury's British or Irish 12% Fat Beef Mince 500g
MEAT,Sainsbury's Organic British Beef Mince 5% Fat 500g
MEAT,"Sainsbury's Beef Meatballs, Taste the Difference 350g"
MEAT,Sainsbury's British Beef Mince 1kg
MEAT,Sainsbury's British or Irish 5% Fat 12 Beef Meatballs 350g
MEAT,Sainsbury's British or Irish Extra Lean Casserole Steak 500g
MEAT,Sainsbury's 5% Fat Beef Mince 500g
MEAT,Sainsbury's British or Irish 10% Fat 24 Meatballs 700g
MEAT,Sainsbury's British or Irish 10% Fat 20 Beef Mini Meatballs 350g
MEAT,Sainsbury's British or Irish Diced Beef 500g
MEAT,Sainsbury's Organic British Beef Mince 12% Fat 500g
MEAT,Sainsbury's Beef Meatballs 500g
MEAT,Sainsbury's 12% Fat Beef Mince 800g
MEAT,"Sainsbury's British Diced Beef, SO Organic 500g"
MEAT,Tesco British Diced Chicken Breast 650G
MEAT,Tesco Mini Chicken Fillets 650G
MEAT,Tesco British Diced Chicken Breast 400G
MEAT,Tesco Room To Roam British Chicken Breast Portions 300G
MEAT,Tesco British Chicken Breast Mini Fillets 400G
MEAT,Tesco Fresh Chicken Livers 380G
MEAT,Tesco 2 British Chicken Breast Fillets 300G
MEAT,Tesco Finest 2 Cornfed Free Range Chicken Fillets 270G-470G
MEAT,Tesco British Chicken Breast Portions 950G
MEAT,Willow Farm Chicken Breast Portions 900G -12Kg
MEAT,Tesco Large Chicken Fillet Pack 16Kg
MEAT,Tesco 4 British Turkey Burgers 454G
MEAT,Tesco British Turkey Thigh Joint 125Kg
MEAT,Tesco Mini Turkey Breast Fillets 400G
MEAT,Sainsbury's British Fresh Chicken Breast Fillets Skinless & Boneless 1kg
MEAT,Sainsbury's British Fresh Chicken Breast Fillets Skinless & Boneless 640g
MEAT,Sainsbury's British Fresh Chicken Breast Fillets Skinless & Boneless 300g
MEAT,Sainsbury's British Fresh Chicken Breast Mini Fillets 320g
MEAT,Sainsbury's Cooked Roast British Chicken Breast Fillets x2 240g
MEAT,Sainsbury's British Fresh Diced Chicken Breast 410g
MEAT,Sainsbury's Fresh British Chicken Breast Fillet garlic Kyiv x2 390g
MEAT,Sainsbury's Just Cook Chicken Breast Joint Butter Basted 500g (Serves 3)
MEAT,Sainsbury's British Fresh Chicken Breast Mini Fillets 640g
MEAT,Sainsbury's Cajun Spiced British Fresh Chicken Breast Grills x2 330g
MEAT,Sainsburys Southern fried Fresh British Chicken breast fillet x2 315g
MEAT,Sainsbury's British Fresh Diced Chicken Breasts 750g
MEAT,Tesco British Turkey Breast Mince 2 Fat 500G
MEAT,Tesco 12 British Turkey Meatballs 336G
MEAT,Tesco British Turkey Drumsticks
MEAT,Tesco 4 Cheese  Jalapeno Turkey Burgers 454G
MEAT,Tesco British Turkey Breast Steaks 380G
MEAT,Tesco Butter Basted Turkey Breast Joint 640G
MEAT,Tesco Turkey Thigh Mince 7 Fat 500G
MEAT,Tesco Beef Fillet Steak 170G
MEAT,Tesco British Chicken Breast Portions 650G
MEAT,Sainsbury's 2% Fat Fresh British Turkey Mince 500g
MEAT,Sainsbury's Quick Cook Fresh British Turkey Steaks x4 400g
MEAT,Sainsbury's 7% Fat Fresh British Turkey Mince 500g
MEAT,Sainsbury's Fresh British Turkey Meatballs x12 400g
MEAT,Sainsbury's Fresh British Turkey Gluten Free Sausages x8 454g
MEAT,Sainsbury's Fresh British Turkey Breast Mini Fillets 400g
MEAT,Sainsbury's 7% Fat Fresh British Turkey Mince 750g
MEAT,Sainsbury's 2% Fresh British Turkey Mince 250g
MEAT,Sainsbury's Fresh British Turkey Breast Fillet Portions 250g
MEAT,Sainsbury's Fresh British Turkey Burgers x4 454g
MEAT,Oakpark Smoked Turkey Rashers x6 150g
MEAT,Sainsbury's Fresh British Turkey Breast Steaks 600g
MEAT,Sainsbury's Caramelisd Onion Fresh British Turkey Gluten Free Sausages x8 454g
MEAT,Bernard Matthews Turkey Chunks 80g
MEAT,Humza Turkey & Beef Halal Sliced Cured 80g
MEAT,Humza Turkey Halal Salchichon 65g
