BAKY,Panini 4 Pack
BAKY,Tesco Chunky Cheese Rolls 4 Pack
BAKY,Ciabatta Roll 4 Pack
BAKY,St Pierre 6 Brioche Burger Buns
BAKY,Tesco Large White Hot Dog Rolls 6 Pack
BAKY,Big Bite Soft White Roll 6Pack
BAKY,6 Pack White Finger Rolls
BAKY,6 Pack Soft White Rolls
BAKY,Large White Bap 4 Pack
BAKY,Baker Street Burger Buns 6 Pack
BAKY,Baker Street 4 Hot Dog Rolls
BAKY,Tesco Finest 4 Mango  Passion Fruit Buttermilk Pancakes
BAKY,Warburtons Sliced Sandwich Rolls 12 Pack
BAKY,Tesco Finest 4 Onion Brioche Hot Dog Rolls
BAKY,Tesco Finest 4 Brioche Burger Buns
BAKY,Tesco Wholemeal Deli Rolls 4 Pack
BAKY,Warburtons Hot Dog Rolls X 6
BAKY,Tesco Fire Pit 6 Jumbo Brioche Hot Dog Rolls
BAKY,Tesco 4 Brioche Buns
BAKY,Tesco Finest 2 Turmeric Brioche Burger Buns
BAKY,Warburtons 6 Sliced Sandwich Rolls
BAKY,Tesco Large Wholemeal Baps 4 Pack
BAKY,Tesco 4 Large White Baps
BAKY,Tesco Large Seeded Burger Buns 4 Pack
BAKY,Tesco Finest 6 Mini Brioche Buns
BAKY,Tesco Wholemeal Batch Rolls 6 Pack
BAKY,Tesco White Batch Rolls 6 Pack
BAKY,Bfree Demi Baguette 2 Pack 220G
BAKY,"New York Bakery Co. Bagels, Plain x5"
BAKY,New York Bakery Co. Onion & Chive Bagels x5
BAKY,Paul Hollywood Ready to Bake Multi-Seed Rolls x4
BAKY,"New York Bakery Co. Bagels, Plain x5"
BAKY,"New York Bakery Co. Bagels, Cinnamon & Raisin x5"
BAKY,St. Pierre Brioche Burger Buns x6
BAKY,Warburtons 4 Seeded Protein Thin Bagels
BAKY,Daily's White Rolls x4 300g
BAKY,Sainsbury's Mini Ciabatta Roll
BAKY,Warburtons Sliced White Rolls x12
BAKY,Daily's Wholemeal Rolls x4 300g
BAKY,Warburtons Gluten Free Super Soft Sliced Square Rolls x4 240g
BAKY,Sainsbury's Stonebaked Ciabatta Rolls x4
BAKY,Schar Gluten Free Brown Ciabatta Rolls x4
BAKY,"Sainsbury's Artisan Seeded Sourdough Pave, Taste the Difference 400g"
BAKY,Sainsbury's Super Seed Grain Large Rolls Taste the Difference x4
BAKY,Warburtons 6 Soft Sliced White Rolls
BAKY,Plant Pioneers Brioche Style Burger Buns x2 140g
BAKY,"New York Bakery Co. Bagels, Wholemeal x5"
BAKY,Schar Gluten Free White Ciabatta Rolls x4
BAKY,Sheldons Brown Oven Bottom Muffins x4
BAKY,Warburtons 6 Soft Sliced Wholemeal Rolls
BAKY,Genius White Rolls 280g
BAKY,Sainsbury's Super Seed Grain Rolls Taste the Difference x6
BAKY,Sainsbury's Plain Bagel x5
BAKY,Bfree Tiger Rolls 4x60g
BAKY,St Pierre Burger Buns x4
BAKY,Genius Ciabatta Rolls x2
BAKY,Mr Kipling Manor House Cake Each
BAKY,Tesco Finest Free From Carrot Cake
BAKY,Mr Kipling Lemon Loaf Cake  Crumble 210G
BAKY,Tesco Free From Lemon Loaf Cake
BAKY,Tesco Angel Layer Cake Each
BAKY,Tesco Banana Loaf Cake
BAKY,Tesco Lemon Loaf Cake
BAKY,Tesco Coconut  Raspberry Loaf Cake
BAKY,Soreen Sliced Malt Loaf 290G
BAKY,Norfolk Cake Co Mixed Fruit Loaf Cake
BAKY,Tesco Raspberry Sponge Cake Each
BAKY,Tesco Coconut Sponge Cake Each
BAKY,Tesco Iced Coffee Cake
BAKY,Tesco Genoa Cake Each
BAKY,Tesco Lemon Iced Madeira Cake Each
BAKY,Tesco Strawberry Jam Victoria Sponge 360G
BAKY,Tesco Strawberry  Cream Swiss Roll
BAKY,Soreen Original Malt Loaf 260G
BAKY,Tesco Madeira Cake
BAKY,Tesco Lemon Swiss Roll
BAKY,Tesco Walnut Cake
BAKY,Soreen Banana Loaf 260G
BAKY,Tesco Iced Madeira Cake Each
BAKY,Tesco Chocolate Brownie Bar Cake
BAKY,Mcvities Jamaica Ginger Cake Each
BAKY,Mcvities Original Lyles Golden Syrup Cake
BAKY,Tesco Finest Chocolate Cake
BAKY,Tesco Double Chocolate Swiss Roll
BAKY,Tesco Chocolate Mega Loaf
BAKY,Tesco Finest Lemon Drizzle Cake Each
BAKY,Tesco Finest Coffee  Walnut Cake Each
BAKY,Ms Mollys Raspberry Swiss Roll
BAKY,"Sainsbury's Victoria Sponge Cake, Taste the Difference 345g (Serves 6)"
BAKY,"Sainsbury's Colombian Coffee Cake, Taste the Difference 400g (Serves 6)"
BAKY,Sainsbury's Cherry Bakewells x6 240g
BAKY,"Sainsbury's Chocolate Cake, Taste The Difference 395g (Serves 6)"
BAKY,"Sainsbury's Carrot Cake, Taste the Difference 395g (Serves 6)"
BAKY,"Sainsbury's Lemon Cake, Taste the Difference 405g"
BAKY,Sainsbury's Jaffa Cakes x24 282g
BAKY,Real Lancashire Eccles Cakes x4
BAKY,Sainsbury's Fresh Custard Slices x2 180g
BAKY,Sainsbury's Cherry Madeira Cake (Serves 8)
BAKY,Sainsbury's Walnut Cake (Serves 8)
BAKY,Sainsbury's Lemon Iced Madeira Cake (Serves 8)
BAKY,Sainsbury's Strawberry Jam & Cream Victoria Sponge 340g
BAKY,Mr Kipling Manor House Cake 390g (Serves 6)
BAKY,Sainsbury's Madeira Cake 275g (Serves 8)
BAKY,Sainsbury's Angel Cake 250g
BAKY,Bfree Sweet Potato Gluten Free Wrap 6X42g
BAKY,Warburtons Gluten Free White Wraps 4 Pack
BAKY,Old El Paso 6 Regular Gluten Free Tortilla 216G
BAKY,Old El Paso 8 Tortilla Pockets 223G
BAKY,Capsicana 6 Large Tortilla Wheat Flour Wraps 390G
BAKY,Old El Paso Stand N Stuff Soft Flour Tortillas 8Pk 193G
BAKY,Capsicana 8 Mini Tortilla Wheat Flour Wraps 240G
BAKY,Old El Paso Large Super Soft Flour Tortillas 6 Pack 350G
BAKY,Weight Watchers Wraps 6 Pack
BAKY,Deli Kitchen 4 Sliced Focaccia 360G
BAKY,Crosta  Mollica 6 Durum Wheat Piadina Midi Flatbreads 240G
BAKY,Crosta  Mollica 6 Whole Blend Piadina Midi Flatbreads 240G
BAKY,Deli Kitchen 4 Greek Style Flatbreads 320G
BAKY,Mission Deli 6 Wheat  White Mini Wraps
BAKY,Old El Paso Super Soft Flour Tortillas Whole Wheat 8Pk 326G
BAKY,Mission Deli Mini Wrap Original 6 Pack
BAKY,Old El Paso Regular Super Soft Flour Tortillas 8Pk 326G
BAKY,Mission Deli Wheat  White Wraps 6 Pack 367G
BAKY,Mission Deli Original Wraps Super Soft 6 Pack 367G
BAKY,Tesco 8 Mini White Tortilla Wraps
BAKY,Old El Paso Corn Tortillas 335G
BAKY,Deli Kitchen 6 Brioche Style Tortilla Wraps 366G
BAKY,Tesco Folded Flatbreads Plain 6 Pack
BAKY,Tesco Malted Grain  Rye Folded Flatbread 6 Pack
BAKY,Tesco 8 Plain Tortilla Wraps
BAKY,Tesco 8 Wholemeal Tortilla Wraps
BAKY,Deli Kitchen 6 Carb Lite Wraps 300G
BAKY,HW Nevills 8 Plain Tortilla Wraps
BAKY,HW Nevills 8 Wholemeal Tortilla Wrap
BAKY,Crosta & Mollica Piadina Golden Durum Wheat Italian Flatbreads Wraps x4 300g
BAKY,Old El Paso Large Soft Flour Tortilla Wraps x6 350g
BAKY,Crosta & Mollica Piadina Organic Wholeblend Italian Flatbreads Wraps x4 300g
BAKY,Old El Paso Regular Soft Flour Tortilla Wraps x8 326g
BAKY,Deli Kitchen Carb Lite Wraps x6 300g
BAKY,Mission Deli Mini Plain Tortillas x6
BAKY,Mission Deli Wrap Wheat & White x6
BAKY,Sainsbury's Mini Tortilla Wraps x8
BAKY,Friend Birthday Card Pink with Cute Character and Sentiment Greeting Card
BAKY,Old El Paso Regular Soft Whole Wheat Tortilla Wraps x8 326g
BAKY,Sainsbury's Plain Tortilla Wraps x8
BAKY,Warburtons Gluten Free White Wraps x4
BAKY,Sainsbury's Wholemeal Tortilla Wraps x8
BAKY,Sainsbury's Non Stick Baking Sheets x20
BAKY,Mission Deli Wrap Plain x6
BAKY,BFree Sweet Potato Wraps x6
BAKY,Mission Deli Mini Wraps x6 186g
BAKY,Old El Paso Regular Soft Flour Tortilla Wraps x12 489g
BAKY,Old El Paso Mexican Tortilla Wrap Pockets x8 223g
BAKY,Sainsbury's Plain Flour Tortillas x8 320g
BAKY,Sainsbury's Wholemeal Tortilla Wraps x8 512g
BAKY,Sainsbury's Plain Tortilla Wraps x8 496g
BAKY,Tesco Crusty White Farmhouse Loaf Sliced 800G
BAKY,Tiger Loaf Sliced 800G
BAKY,Crusty White Sandwich Loaf Sliced 800G
BAKY,Tiger Loaf Sliced 400G
BAKY,Warburtons Sliced Tiger Bread 600G
BAKY,Warburtons Farmhouse White Bread 800G
BAKY,Warburtons Old English White Bread 400G
BAKY,Kingsmill Soft White Medium Bread 800G
BAKY,Hovis Soft White Medium Bread 800G
BAKY,Hovis Soft White Thick Bread 800G
BAKY,Warburtons Toastie Sliced White Bread 800G
BAKY,Warburtons Medium Sliced White Bread 800G
BAKY,Tesco Finest White Loaf With Sourdough 800G
BAKY,Tesco White Farmhouse 800G
BAKY,Tesco Toastie White Bread Thick 800G
BAKY,Tesco White Bread 800G
BAKY,H W Nevills White Bread 800G
BAKY,White Farmhouse 800G
BAKY,Tiger Bloomer 800G
BAKY,Crusty White Sandwich Loaf 800G
BAKY,Tiger Bloomer 400G
BAKY,Crusty White Farmhouse Loaf 400G
BAKY,Crusty White Split Tin 800G
BAKY,Crusty White Bloomer 800G
BAKY,Petit Pain 4 Pack
BAKY,Crusty White Bloomer 400G
BAKY,Warburtons Milk Roll Soft Medium Sliced White Bread 400g
BAKY,Hovis Soft Medium Sliced White Bread 800g
BAKY,Black Sheep Craft White Bloomer 800g
BAKY,Black Sheep Craft Tiger Bloomer 800g
BAKY,Schar White Wholesome Loaf 300g
BAKY,Jason's Sourdough White Ciabattin 580g
BAKY,Hovis Soft Thick Sliced White Bread 800g
BAKY,Kingsmill Soft White Bread Thick 800g
BAKY,Warburtons Premium Old English White Bread 400g
BAKY,Warburtons Extra Thick Sliced White Bread 800g
BAKY,"Sainsbury's White Sourdough Bloomer Thick Sliced, Taste the Difference 800g"
BAKY,Sainsbury's Free From White Sliced Loaf 535g
BAKY,Warburtons Soft Farmhouse Thick Sliced White Bread 800g
BAKY,Hovis Farmhouse 800g
BAKY,Kingsmill No Crusts Soft Medium Sliced White Bread 400g
BAKY,Warburtons White Batch Bloomer 800g
BAKY,"Sainsbury's Multiseed Loaf, Taste the Difference 800g"
BAKY,Sainsbury's Wholemeal Bread SO Organic 400g
BAKY,"Sainsbury's Sourdough Pave, Taste the Difference 400g"
BAKY,Sainsbury's Giraffe Bread (Tiger) 800g
BAKY,Sainsbury's Kalamata Olive Bread Taste the Difference 400g
BAKY,Sainsbury's Giraffe Bread (Tiger) 400g
BAKY,Sainsbury's Multiseed Loaf Taste the Difference 400g
BAKY,Sainsbury's Farmhouse Loaf White Bread 800g
BAKY,Sainsbury's San Francisco Style Sourdough Taste the Difference 400g
BAKY,Sainsbury's Sandwich Loaf White Bread 800g
BAKY,Sainsbury's White Bread SO Organic 400g
BAKY,"Sainsbury's Pain De Campagne, Taste the Difference 400g"
BAKY,"Sainsbury's Hand-Crafted Sourdough Bloomer, Taste The Difference 400g"
BAKY,Sainsbury's White Bloomer 400g
BAKY,Sainsbury's White Bloomer 800g
BAKY,"Sainsbury's Stonebaked White Baton, Taste the Difference"
BAKY,Tesco Hi Fibre Wholemeal Loaf 800G
BAKY,Tesco Hi Fibre Malted Loaf 800G
BAKY,Tesco Hi Fibre Malted Loaf 800G Sliced
BAKY,Tesco Hi Fibre Wholemeal Loaf 800G Sliced
BAKY,Tesco Hi Fibre Wholemeal Loaf 400G
BAKY,Tesco Hi Fibre Wholemeal Loaf 400G Sliced
BAKY,Tesco Hi Fibre Malted Loaf 400G
BAKY,Tesco Hi Fibre Malted Loaf 400G Sliced
BAKY,Hovis Granary Wholemeal Bread 800G
BAKY,Hovis Wholemeal Thick Bread 800G
BAKY,Hovis Wholemeal Medium Bread 800G
BAKY,Kingsmill Tasty Wholemeal Medium Bread 800G
BAKY,Warburtons Wholemeal Medium Bread 800G
BAKY,Tesco Finest Wholemeal Loaf 800G
BAKY,Tesco Wholemeal Medium Bread 800G
BAKY,Tesco Toastie Wholemeal Thick Bread 800G
BAKY,H W Nevills Wholemeal Bread 800G
BAKY,Sainsbury's Medium Sliced Wholemeal Bread 800g
BAKY,"Sainsbury's Soft Multiseed Farmhouse Thick Sliced Wholemeal Bread, Taste the Difference 800g"
BAKY,Warburtons Medium Sliced Wholemeal Bread 400g
BAKY,Hovis Medium Sliced Wholemeal Bread 800g
BAKY,Warburtons Medium Sliced Wholemeal Bread 800g
BAKY,Hovis Nimble Medium Sliced Wholemeal Bread 400g
BAKY,Hovis Thick Sliced Wholemeal Bread 800g
BAKY,Sainsbury's Thick Sliced Wholemeal Bread 800g
BAKY,Allinson The Champion Medium Sliced Wholemeal Bread 650g
BAKY,Daily's Medium Sliced Wholemeal Bread 800g
BAKY,"Sainsbury's Soft Multiseed Wholemeal, Taste the Difference 430g"
BAKY,Hovis Medium Sliced Wheatgerm Bread 400g
BAKY,Warburtons Danish Lighter Wholemeal Bread 400g
BAKY,Sainsbury's Wholemeal Bread Medium 400g
BAKY,Kingsmill No Crusts Medium Sliced Wholemeal Bread 400g
BAKY,Warburtons Wholemeal Thick Bread 400g
BAKY,Schar Gluten Free Wholesome Seeded Loaf 300g
BAKY,Warburtons Speciality Multi Grain and Seed Bread 400g
BAKY,Hovis Granary Cob 450g
BAKY,Warburtons Big 21 Seeds 700g
BAKY,Warburtons Plant Power 700g
BAKY,Vogel Seeded Wholemeal Bread 800g
BAKY,Hi-Lo Seeded Medium Sliced Wholemeal Bread 400g
BAKY,Promise Gluten Free Chia and Quinoa Loaf 480g
BKGD,Mcdougalls Self Raising Flour 11Kg
BKGD,Homepride Self Raising Flour 1Kg
BKGD,Doves Farm Gluten Free Self Raising 1Kg
BKGD,Tesco Organic Self Raising Flour 1Kg
BKGD,Tesco Self Raising Flour 15Kg
BKGD,Stockwell  Co Self Raising Flour 15Kg
BKGD,Allinson Wholemeal Self Raising Flour 1Kg
BKGD,Matthews Flour Organic Super Fine Self Raising Flour 15Kg
BKGD,Sainsbury's Self Raising Flour 1.5kg
BKGD,"Homepride Extra Fine Self Raising Flour, Stay Fresh Pack 1kg"
BKGD,Sainsbury's Self Raising Flour 500g
BKGD,Freee Gluten Free Self Raising White Flour 1kg
BKGD,McDougalls Self Raising Flour 1.1kg
BKGD,McDougalls Speciality Supreme Sponge Self Raising Flour 1kg
BKGD,Allinson Wholemeal Self Raising Flour 1kg
BKGD,Sainsbury's Cream of Tartar 160g
BKGD,Doves Farm Organic White Self Raising Flour 1kg
BKGD,Doves Farm Organic Self Raising Wholemeal Flour 1kg
BKGD,Elephant Atta Medium Chapatti Flour 10Kg
BKGD,Tesco Finest Abbv Very Strong Bread Flour 1Kg
BKGD,Tesco Medium Chapatti Flour 5Kg
BKGD,Tesco Wholemeal Chapatti Flour 10Kg
BKGD,Tesco Focaccia Bread Mix 500G 500G
BKGD,Tesco Ciabatta Bread Mix 500G 500G
BKGD,Tesco Oat  Linseed Bread Mix 500G
BKGD,Tesco Plain Flour 15Kg
BKGD,Stockwell  Co Plain Flour 15Kg
BKGD,Doves Farm Organic Oat Flour 450G
BKGD,Doves Farm Organic Wholemeal 1Kg Buckwheat Flour
BKGD,Doves Farm Organic Malthouse Flour Bread 1Kg
BKGD,Doves Farm Organic White Spelt Flour 1Kg
BKGD,Matthews Flour Eight Grain Strong Multigrain 15Kg
BKGD,Doves Farm Organic Rye Flour 1Kg
BKGD,Doves Farm Organic White Rye Flour 1Kg
BKGD,Matthews Flour Stone Ground Dark Rye Flour 15Kg
BKGD,Matthews Flour Premium White Strong Flour 15Kg
BKGD,Allinsons Garlic  Herb Naan Bread Kit 237G
BKGD,Matthews Cotswold Strong Crunch Flour 15Kg
BKGD,Homepride Premium Milled Extra Fine Flour 1Kg
BKGD,Matthews Flour Organic Plain Fine Flour 15Kg
BKGD,Matthews Flour Organic Super Fine Self Raising Flour 15Kg
BKGD,Tesco Cornflour 500G
BKGD,Doves Farm Organic Spelt Wholemeal Flour 1Kg
BKGD,Doves Farm Organic Brown Rice Flour 290G
BKGD,Elephant Atta Chapatti Flour Wholemeal 10Kg
BKGD,Brown  Polson Cornflour 500G
BKGD,Allinson Wholemeal Plain Flour 1Kg
BKGD,Mcdougalls Plain Flour 11Kg
BKGD,Matthews Flour Stoneground Strong Wholegrain 15Kg
BKGD,Sainsbury's Plain Flour 1.5kg
BKGD,Sainsbury's Strong White Unbleached Bread Flour 1.5kg
BKGD,Sainsbury's Plain Flour 500g
BKGD,Sainsbury's Strong White Unbleached Bread Flour 1.5kg
BKGD,Sainsbury's Strong Stoneground 100% Wholemeal Flour 1.5kg
BKGD,"Homepride Extra Fine Plain Flour, Stay Fresh Pack 1kg"
BKGD,"Sainsbury's Wholegrain Seeded Flour, Taste the Difference 1kg"
BKGD,Allinson Country Grain Bread Flour 1kg
BKGD,Freee Gluten Free Plain White Flour 1kg
BKGD,Doves Farm Organic Strong White Flour 1.5kg
BKGD,Allinson White Strong Bread Flour 3kg
BKGD,McDougalls Plain Flour 1.1kg
BKGD,Doves Farm Organic White Flour 1kg
BKGD,Doves Farm Organic Wholemeal Spelt Flour 1kg
BKGD,McDougalls Instant Thickening Granules 170g
BKGD,Carrs Breadmaker Strong White Flour 1.5kg
BKGD,Sainsbury's Strong Brown Flour 1.5kg
BKGD,"Sainsbury's Very Strong Canadian Bread Flour, Taste the Difference 1kg"
BKGD,Groovy Food Company Coconut Sugar Organic 500G
BKGD,Tesco Dark Brown Soft Sugar 1Kg Bag
BKGD,Tesco Light Brown Soft Sugar 1Kg Pack
BKGD,Silver Spoon Caster Sugar 1Kg
BKGD,Silver Spoon Jam Sugar 1Kg
BKGD,Pure Via Sugar Free Demerara Alternative 200G
BKGD,Pure Via Bakers Secret Icing Sugar Alternative 220G
BKGD,Billingtons Demerara Sugar 1Kg
BKGD,Silver Spoon Icing Sugar 1Kg
BKGD,Tesco Golden Caster 1Kg Bag
BKGD,Billingtons Molasses Sugar 500G
BKGD,Tesco Demerara Sugar 1Kg
BKGD,Tesco Golden Granulated Sugar 1Kg
BKGD,Billingtons Demerara Sugar 500G
BKGD,Billingtons Demerara Rough Cut Cubes 500G
BKGD,Billingtons Golden Granulated Sugar 1Kg
BKGD,Billingtons Light Brown Sugar 500G
BKGD,Billingtons Dark Muscovado 500G
BKGD,Billingtons Light Muscovado 500G
BKGD,Canderel Caster Sugar  Sweetener Blend 370G
BKGD,Silver Spoon Granulated Sugar 5Kg
BKGD,Trade Aid Uk Pure Cane Caster Sugar 1Kg
BKGD,Silver Spoon Royal Icing Sugar 500G
BKGD,Billingtons Golden Caster 1Kg
BKGD,Sainsbury's White Granulated Sugar 1kg
BKGD,Sainsbury's Fairtrade White Granulated Sugar 1kg
BKGD,Sainsbury's White Granulated Sugar 500g
BKGD,Sainsbury's White Granulated Sugar 5kg
BKGD,Sainsbury's Fairtrade Golden Granulated Sugar 1kg
BKGD,Tate & Lyle Fairtrade Cane Sugar White Cubes 500g
BKGD,Billington's Golden Granulated Sugar 1kg
BKGD,Silver Spoon Half Spoon Granulated Sugar 1kg
BKGD,Silver Spoon Half Spoon Granulated Sugar 500g
BKGD,"Sainsbury's Fairtrade Cane Sugar, SO Organic 500g"
BKGD,The Groovy Food Company Organic Coconut Sugar 500g
BKGD,Sainsbury's White Caster Sugar 1kg
BKGD,Sainsbury's Fairtrade Golden Caster Sugar 1kg
BKGD,Sainsbury's White Caster Sugar 500g
BKGD,Sainsbury's Fairtrade White Caster Sugar 1kg
BKGD,"Billington's Natural Golden Caster, Unrefined Cane Sugar 1kg"
BKGD,Billington's Golden Caster Natural Unrefined Cane Sugar 250g
BKGD,Truvia Caster for Baking 360g
BKGD,Sainsbury's Fairtrade Light Soft Brown Sugar 500g
BKGD,Sainsbury's Fairtrade Demerara Cane Sugar 1kg
BKGD,Sainsbury's Fairtrade Demerara Cane Sugar 500g
BKGD,Sainsbury's Fairtrade Golden Granulated Sugar 1kg
BKGD,Sainsbury's Fairtrade Dark Soft Brown Sugar 500g
BKGD,Sainsbury's Fairtrade Demerara Cane Sugar 2kg
BKGD,Sainsbury's Fairtrade Light Brown Soft Sugar 1kg
BKGD,Billington's Golden Granulated Sugar 1kg
BKGD,Billington's Light Muscovado Sugar 500g
BKGD,Billington's Demerara Sugar 500g
BKGD,Sainsbury's Fairtrade Dark Soft Brown Sugar 1kg
BKGD,Billington's Demerara Natural Unrefined Cane Sugar 250g
BKGD,Billington's Dark Muscovado Sugar 500g
BKGD,Billington's Light Brown Soft Natural Unrefined Cane Sugar 500g
