BRRL,Panini 4 Pack
BRRL,Tesco Chunky Cheese Rolls 4 Pack
BRRL,Ciabatta Roll 4 Pack
BRRL,St Pierre 6 Brioche Burger Buns
BRRL,Tesco Large White Hot Dog Rolls 6 Pack
BRRL,Big Bite Soft White Roll 6Pack
BRRL,6 Pack White Finger Rolls
BRRL,6 Pack Soft White Rolls
BRRL,Large White Bap 4 Pack
BRRL,Baker Street Burger Buns 6 Pack
BRRL,Baker Street 4 Hot Dog Rolls
BRRL,Tesco Finest 4 Mango  Passion Fruit Buttermilk Pancakes
BRRL,Warburtons Sliced Sandwich Rolls 12 Pack
BRRL,Tesco Finest 4 Onion Brioche Hot Dog Rolls
BRRL,Tesco Finest 4 Brioche Burger Buns
BRRL,Tesco Wholemeal Deli Rolls 4 Pack
BRRL,Warburtons Hot Dog Rolls X 6
BRRL,Tesco Fire Pit 6 Jumbo Brioche Hot Dog Rolls
BRRL,Tesco 4 Brioche Buns
BRRL,Tesco Finest 2 Turmeric Brioche Burger Buns
BRRL,Warburtons 6 Sliced Sandwich Rolls
BRRL,Tesco Large Wholemeal Baps 4 Pack
BRRL,Tesco 4 Large White Baps
BRRL,Tesco Large Seeded Burger Buns 4 Pack
BRRL,Tesco Finest 6 Mini Brioche Buns
BRRL,Tesco Wholemeal Batch Rolls 6 Pack
BRRL,Tesco White Batch Rolls 6 Pack
BRRL,Bfree Demi Baguette 2 Pack 220G
BRRL,"New York Bakery Co. Bagels, Plain x5"
BRRL,New York Bakery Co. Onion & Chive Bagels x5
BRRL,Paul Hollywood Ready to Bake Multi-Seed Rolls x4
BRRL,"New York Bakery Co. Bagels, Plain x5"
BRRL,"New York Bakery Co. Bagels, Cinnamon & Raisin x5"
BRRL,St. Pierre Brioche Burger Buns x6
BRRL,Warburtons 4 Seeded Protein Thin Bagels
BRRL,Daily's White Rolls x4 300g
BRRL,Sainsbury's Mini Ciabatta Roll
BRRL,Warburtons Sliced White Rolls x12
BRRL,Daily's Wholemeal Rolls x4 300g
BRRL,Warburtons Gluten Free Super Soft Sliced Square Rolls x4 240g
BRRL,Sainsbury's Stonebaked Ciabatta Rolls x4
BRRL,Schar Gluten Free Brown Ciabatta Rolls x4
BRRL,"Sainsbury's Artisan Seeded Sourdough Pave, Taste the Difference 400g"
BRRL,Sainsbury's Super Seed Grain Large Rolls Taste the Difference x4
BRRL,Warburtons 6 Soft Sliced White Rolls
BRRL,Plant Pioneers Brioche Style Burger Buns x2 140g
BRRL,"New York Bakery Co. Bagels, Wholemeal x5"
BRRL,Schar Gluten Free White Ciabatta Rolls x4
BRRL,Sheldons Brown Oven Bottom Muffins x4
BRRL,Warburtons 6 Soft Sliced Wholemeal Rolls
BRRL,Genius White Rolls 280g
BRRL,Sainsbury's Super Seed Grain Rolls Taste the Difference x6
BRRL,Sainsbury's Plain Bagel x5
BRRL,Bfree Tiger Rolls 4x60g
BRRL,St Pierre Burger Buns x4
BRRL,Genius Ciabatta Rolls x2
INCK,Mr Kipling Manor House Cake Each
INCK,Tesco Finest Free From Carrot Cake
INCK,Mr Kipling Lemon Loaf Cake  Crumble 210G
INCK,Tesco Free From Lemon Loaf Cake
INCK,Tesco Angel Layer Cake Each
INCK,Tesco Banana Loaf Cake
INCK,Tesco Lemon Loaf Cake
INCK,Tesco Coconut  Raspberry Loaf Cake
INCK,Soreen Sliced Malt Loaf 290G
INCK,Norfolk Cake Co Mixed Fruit Loaf Cake
INCK,Tesco Raspberry Sponge Cake Each
INCK,Tesco Coconut Sponge Cake Each
INCK,Tesco Iced Coffee Cake
INCK,Tesco Genoa Cake Each
INCK,Tesco Lemon Iced Madeira Cake Each
INCK,Tesco Strawberry Jam Victoria Sponge 360G
INCK,Tesco Strawberry  Cream Swiss Roll
INCK,Soreen Original Malt Loaf 260G
INCK,Tesco Madeira Cake
INCK,Tesco Lemon Swiss Roll
INCK,Tesco Walnut Cake
INCK,Soreen Banana Loaf 260G
INCK,Tesco Iced Madeira Cake Each
INCK,Tesco Chocolate Brownie Bar Cake
INCK,Mcvities Jamaica Ginger Cake Each
INCK,Mcvities Original Lyles Golden Syrup Cake
INCK,Tesco Finest Chocolate Cake
INCK,Tesco Double Chocolate Swiss Roll
INCK,Tesco Chocolate Mega Loaf
INCK,Tesco Finest Lemon Drizzle Cake Each
INCK,Tesco Finest Coffee  Walnut Cake Each
INCK,Ms Mollys Raspberry Swiss Roll
INCK,"Sainsbury's Victoria Sponge Cake, Taste the Difference 345g (Serves 6)"
INCK,"Sainsbury's Colombian Coffee Cake, Taste the Difference 400g (Serves 6)"
INCK,Sainsbury's Cherry Bakewells x6 240g
INCK,"Sainsbury's Chocolate Cake, Taste The Difference 395g (Serves 6)"
INCK,"Sainsbury's Carrot Cake, Taste the Difference 395g (Serves 6)"
INCK,"Sainsbury's Lemon Cake, Taste the Difference 405g"
INCK,Sainsbury's Jaffa Cakes x24 282g
INCK,Real Lancashire Eccles Cakes x4
INCK,Sainsbury's Fresh Custard Slices x2 180g
INCK,Sainsbury's Cherry Madeira Cake (Serves 8)
INCK,Sainsbury's Walnut Cake (Serves 8)
INCK,Sainsbury's Lemon Iced Madeira Cake (Serves 8)
INCK,Sainsbury's Strawberry Jam & Cream Victoria Sponge 340g
INCK,Mr Kipling Manor House Cake 390g (Serves 6)
INCK,Sainsbury's Madeira Cake 275g (Serves 8)
INCK,Sainsbury's Angel Cake 250g
PKWT,Bfree Sweet Potato Gluten Free Wrap 6X42g
PKWT,Warburtons Gluten Free White Wraps 4 Pack
PKWT,Old El Paso 6 Regular Gluten Free Tortilla 216G
PKWT,Old El Paso 8 Tortilla Pockets 223G
PKWT,Capsicana 6 Large Tortilla Wheat Flour Wraps 390G
PKWT,Old El Paso Stand N Stuff Soft Flour Tortillas 8Pk 193G
PKWT,Capsicana 8 Mini Tortilla Wheat Flour Wraps 240G
PKWT,Old El Paso Large Super Soft Flour Tortillas 6 Pack 350G
PKWT,Weight Watchers Wraps 6 Pack
PKWT,Deli Kitchen 4 Sliced Focaccia 360G
PKWT,Crosta  Mollica 6 Durum Wheat Piadina Midi Flatbreads 240G
PKWT,Crosta  Mollica 6 Whole Blend Piadina Midi Flatbreads 240G
PKWT,Deli Kitchen 4 Greek Style Flatbreads 320G
PKWT,Mission Deli 6 Wheat  White Mini Wraps
PKWT,Old El Paso Super Soft Flour Tortillas Whole Wheat 8Pk 326G
PKWT,Mission Deli Mini Wrap Original 6 Pack
PKWT,Old El Paso Regular Super Soft Flour Tortillas 8Pk 326G
PKWT,Mission Deli Wheat  White Wraps 6 Pack 367G
PKWT,Mission Deli Original Wraps Super Soft 6 Pack 367G
PKWT,Tesco 8 Mini White Tortilla Wraps
PKWT,Old El Paso Corn Tortillas 335G
PKWT,Deli Kitchen 6 Brioche Style Tortilla Wraps 366G
PKWT,Tesco Folded Flatbreads Plain 6 Pack
PKWT,Tesco Malted Grain  Rye Folded Flatbread 6 Pack
PKWT,Tesco 8 Plain Tortilla Wraps
PKWT,Tesco 8 Wholemeal Tortilla Wraps
PKWT,Deli Kitchen 6 Carb Lite Wraps 300G
PKWT,HW Nevills 8 Plain Tortilla Wraps
PKWT,HW Nevills 8 Wholemeal Tortilla Wrap
PKWT,Crosta & Mollica Piadina Golden Durum Wheat Italian Flatbreads Wraps x4 300g
PKWT,Old El Paso Large Soft Flour Tortilla Wraps x6 350g
PKWT,Crosta & Mollica Piadina Organic Wholeblend Italian Flatbreads Wraps x4 300g
PKWT,Old El Paso Regular Soft Flour Tortilla Wraps x8 326g
PKWT,Deli Kitchen Carb Lite Wraps x6 300g
PKWT,Mission Deli Mini Plain Tortillas x6
PKWT,Mission Deli Wrap Wheat & White x6
PKWT,Sainsbury's Mini Tortilla Wraps x8
PKWT,Friend Birthday Card Pink with Cute Character and Sentiment Greeting Card
PKWT,Old El Paso Regular Soft Whole Wheat Tortilla Wraps x8 326g
PKWT,Sainsbury's Plain Tortilla Wraps x8
PKWT,Warburtons Gluten Free White Wraps x4
PKWT,Sainsbury's Wholemeal Tortilla Wraps x8
PKWT,Sainsbury's Non Stick Baking Sheets x20
PKWT,Mission Deli Wrap Plain x6
PKWT,BFree Sweet Potato Wraps x6
PKWT,Mission Deli Mini Wraps x6 186g
PKWT,Old El Paso Regular Soft Flour Tortilla Wraps x12 489g
PKWT,Old El Paso Mexican Tortilla Wrap Pockets x8 223g
PKWT,Sainsbury's Plain Flour Tortillas x8 320g
PKWT,Sainsbury's Wholemeal Tortilla Wraps x8 512g
PKWT,Sainsbury's Plain Tortilla Wraps x8 496g
WHBR,Tesco Crusty White Farmhouse Loaf Sliced 800G
WHBR,Tiger Loaf Sliced 800G
WHBR,Crusty White Sandwich Loaf Sliced 800G
WHBR,Tiger Loaf Sliced 400G
WHBR,Warburtons Sliced Tiger Bread 600G
WHBR,Warburtons Farmhouse White Bread 800G
WHBR,Warburtons Old English White Bread 400G
WHBR,Kingsmill Soft White Medium Bread 800G
WHBR,Hovis Soft White Medium Bread 800G
WHBR,Hovis Soft White Thick Bread 800G
WHBR,Warburtons Toastie Sliced White Bread 800G
WHBR,Warburtons Medium Sliced White Bread 800G
WHBR,Tesco Finest White Loaf With Sourdough 800G
WHBR,Tesco White Farmhouse 800G
WHBR,Tesco Toastie White Bread Thick 800G
WHBR,Tesco White Bread 800G
WHBR,H W Nevills White Bread 800G
WHBR,White Farmhouse 800G
WHBR,Tiger Bloomer 800G
WHBR,Crusty White Sandwich Loaf 800G
WHBR,Tiger Bloomer 400G
WHBR,Crusty White Farmhouse Loaf 400G
WHBR,Crusty White Split Tin 800G
WHBR,Crusty White Bloomer 800G
WHBR,Petit Pain 4 Pack
WHBR,Crusty White Bloomer 400G
WHBR,Warburtons Milk Roll Soft Medium Sliced White Bread 400g
WHBR,Hovis Soft Medium Sliced White Bread 800g
WHBR,Black Sheep Craft White Bloomer 800g
WHBR,Black Sheep Craft Tiger Bloomer 800g
WHBR,Schar White Wholesome Loaf 300g
WHBR,Jason's Sourdough White Ciabattin 580g
WHBR,Hovis Soft Thick Sliced White Bread 800g
WHBR,Kingsmill Soft White Bread Thick 800g
WHBR,Warburtons Premium Old English White Bread 400g
WHBR,Warburtons Extra Thick Sliced White Bread 800g
WHBR,"Sainsbury's White Sourdough Bloomer Thick Sliced, Taste the Difference 800g"
WHBR,Sainsbury's Free From White Sliced Loaf 535g
WHBR,Warburtons Soft Farmhouse Thick Sliced White Bread 800g
WHBR,Hovis Farmhouse 800g
WHBR,Kingsmill No Crusts Soft Medium Sliced White Bread 400g
WHBR,Warburtons White Batch Bloomer 800g
WHBR,"Sainsbury's Multiseed Loaf, Taste the Difference 800g"
WHBR,Sainsbury's Wholemeal Bread SO Organic 400g
WHBR,"Sainsbury's Sourdough Pave, Taste the Difference 400g"
WHBR,Sainsbury's Giraffe Bread (Tiger) 800g
WHBR,Sainsbury's Kalamata Olive Bread Taste the Difference 400g
WHBR,Sainsbury's Giraffe Bread (Tiger) 400g
WHBR,Sainsbury's Multiseed Loaf Taste the Difference 400g
WHBR,Sainsbury's Farmhouse Loaf White Bread 800g
WHBR,Sainsbury's San Francisco Style Sourdough Taste the Difference 400g
WHBR,Sainsbury's Sandwich Loaf White Bread 800g
WHBR,Sainsbury's White Bread SO Organic 400g
WHBR,"Sainsbury's Pain De Campagne, Taste the Difference 400g"
WHBR,"Sainsbury's Hand-Crafted Sourdough Bloomer, Taste The Difference 400g"
WHBR,Sainsbury's White Bloomer 400g
WHBR,Sainsbury's White Bloomer 800g
WHBR,"Sainsbury's Stonebaked White Baton, Taste the Difference"
WHMB,Tesco Hi Fibre Wholemeal Loaf 800G
WHMB,Tesco Hi Fibre Malted Loaf 800G
WHMB,Tesco Hi Fibre Malted Loaf 800G Sliced
WHMB,Tesco Hi Fibre Wholemeal Loaf 800G Sliced
WHMB,Tesco Hi Fibre Wholemeal Loaf 400G
WHMB,Tesco Hi Fibre Wholemeal Loaf 400G Sliced
WHMB,Tesco Hi Fibre Malted Loaf 400G
WHMB,Tesco Hi Fibre Malted Loaf 400G Sliced
WHMB,Hovis Granary Wholemeal Bread 800G
WHMB,Hovis Wholemeal Thick Bread 800G
WHMB,Hovis Wholemeal Medium Bread 800G
WHMB,Kingsmill Tasty Wholemeal Medium Bread 800G
WHMB,Warburtons Wholemeal Medium Bread 800G
WHMB,Tesco Finest Wholemeal Loaf 800G
WHMB,Tesco Wholemeal Medium Bread 800G
WHMB,Tesco Toastie Wholemeal Thick Bread 800G
WHMB,H W Nevills Wholemeal Bread 800G
WHMB,Sainsbury's Medium Sliced Wholemeal Bread 800g
WHMB,"Sainsbury's Soft Multiseed Farmhouse Thick Sliced Wholemeal Bread, Taste the Difference 800g"
WHMB,Warburtons Medium Sliced Wholemeal Bread 400g
WHMB,Hovis Medium Sliced Wholemeal Bread 800g
WHMB,Warburtons Medium Sliced Wholemeal Bread 800g
WHMB,Hovis Nimble Medium Sliced Wholemeal Bread 400g
WHMB,Hovis Thick Sliced Wholemeal Bread 800g
WHMB,Sainsbury's Thick Sliced Wholemeal Bread 800g
WHMB,Allinson The Champion Medium Sliced Wholemeal Bread 650g
WHMB,Daily's Medium Sliced Wholemeal Bread 800g
WHMB,"Sainsbury's Soft Multiseed Wholemeal, Taste the Difference 430g"
WHMB,Hovis Medium Sliced Wheatgerm Bread 400g
WHMB,Warburtons Danish Lighter Wholemeal Bread 400g
WHMB,Sainsbury's Wholemeal Bread Medium 400g
WHMB,Kingsmill No Crusts Medium Sliced Wholemeal Bread 400g
WHMB,Warburtons Wholemeal Thick Bread 400g
WHMB,Schar Gluten Free Wholesome Seeded Loaf 300g
WHMB,Warburtons Speciality Multi Grain and Seed Bread 400g
WHMB,Hovis Granary Cob 450g
WHMB,Warburtons Big 21 Seeds 700g
WHMB,Warburtons Plant Power 700g
WHMB,Vogel Seeded Wholemeal Bread 800g
WHMB,Hi-Lo Seeded Medium Sliced Wholemeal Bread 400g
WHMB,Promise Gluten Free Chia and Quinoa Loaf 480g
