SRFL,Mcdougalls Self Raising Flour 11Kg
SRFL,Homepride Self Raising Flour 1Kg
SRFL,Doves Farm Gluten Free Self Raising 1Kg
SRFL,Tesco Organic Self Raising Flour 1Kg
SRFL,Tesco Self Raising Flour 15Kg
SRFL,Stockwell  Co Self Raising Flour 15Kg
SRFL,Allinson Wholemeal Self Raising Flour 1Kg
SRFL,Matthews Flour Organic Super Fine Self Raising Flour 15Kg
SRFL,Sainsbury's Self Raising Flour 1.5kg
SRFL,"Homepride Extra Fine Self Raising Flour, Stay Fresh Pack 1kg"
SRFL,Sainsbury's Self Raising Flour 500g
SRFL,Freee Gluten Free Self Raising White Flour 1kg
SRFL,McDougalls Self Raising Flour 1.1kg
SRFL,McDougalls Speciality Supreme Sponge Self Raising Flour 1kg
SRFL,Allinson Wholemeal Self Raising Flour 1kg
SRFL,Sainsbury's Cream of Tartar 160g
SRFL,Doves Farm Organic White Self Raising Flour 1kg
SRFL,Doves Farm Organic Self Raising Wholemeal Flour 1kg
OTFL,Elephant Atta Medium Chapatti Flour 10Kg
OTFL,Tesco Finest Abbv Very Strong Bread Flour 1Kg
OTFL,Tesco Medium Chapatti Flour 5Kg
OTFL,Tesco Wholemeal Chapatti Flour 10Kg
OTFL,Tesco Focaccia Bread Mix 500G 500G
OTFL,Tesco Ciabatta Bread Mix 500G 500G
OTFL,Tesco Oat  Linseed Bread Mix 500G
OTFL,Tesco Plain Flour 15Kg
OTFL,Stockwell  Co Plain Flour 15Kg
OTFL,Doves Farm Organic Oat Flour 450G
OTFL,Doves Farm Organic Wholemeal 1Kg Buckwheat Flour
OTFL,Doves Farm Organic Malthouse Flour Bread 1Kg
OTFL,Doves Farm Organic White Spelt Flour 1Kg
OTFL,Matthews Flour Eight Grain Strong Multigrain 15Kg
OTFL,Doves Farm Organic Rye Flour 1Kg
OTFL,Doves Farm Organic White Rye Flour 1Kg
OTFL,Matthews Flour Stone Ground Dark Rye Flour 15Kg
OTFL,Matthews Flour Premium White Strong Flour 15Kg
OTFL,Allinsons Garlic  Herb Naan Bread Kit 237G
OTFL,Matthews Cotswold Strong Crunch Flour 15Kg
OTFL,Homepride Premium Milled Extra Fine Flour 1Kg
OTFL,Matthews Flour Organic Plain Fine Flour 15Kg
OTFL,Matthews Flour Organic Super Fine Self Raising Flour 15Kg
OTFL,Tesco Cornflour 500G
OTFL,Doves Farm Organic Spelt Wholemeal Flour 1Kg
OTFL,Doves Farm Organic Brown Rice Flour 290G
OTFL,Elephant Atta Chapatti Flour Wholemeal 10Kg
OTFL,Brown  Polson Cornflour 500G
OTFL,Allinson Wholemeal Plain Flour 1Kg
OTFL,Mcdougalls Plain Flour 11Kg
OTFL,Matthews Flour Stoneground Strong Wholegrain 15Kg
OTFL,Sainsbury's Plain Flour 1.5kg
OTFL,Sainsbury's Strong White Unbleached Bread Flour 1.5kg
OTFL,Sainsbury's Plain Flour 500g
OTFL,Sainsbury's Strong White Unbleached Bread Flour 1.5kg
OTFL,Sainsbury's Strong Stoneground 100% Wholemeal Flour 1.5kg
OTFL,"Homepride Extra Fine Plain Flour, Stay Fresh Pack 1kg"
OTFL,"Sainsbury's Wholegrain Seeded Flour, Taste the Difference 1kg"
OTFL,Allinson Country Grain Bread Flour 1kg
OTFL,Freee Gluten Free Plain White Flour 1kg
OTFL,Doves Farm Organic Strong White Flour 1.5kg
OTFL,Allinson White Strong Bread Flour 3kg
OTFL,McDougalls Plain Flour 1.1kg
OTFL,Doves Farm Organic White Flour 1kg
OTFL,Doves Farm Organic Wholemeal Spelt Flour 1kg
OTFL,McDougalls Instant Thickening Granules 170g
OTFL,Carrs Breadmaker Strong White Flour 1.5kg
OTFL,Sainsbury's Strong Brown Flour 1.5kg
OTFL,"Sainsbury's Very Strong Canadian Bread Flour, Taste the Difference 1kg"
PWSU,Groovy Food Company Coconut Sugar Organic 500G
PWSU,Tesco Dark Brown Soft Sugar 1Kg Bag
PWSU,Tesco Light Brown Soft Sugar 1Kg Pack
PWSU,Silver Spoon Caster Sugar 1Kg
PWSU,Silver Spoon Jam Sugar 1Kg
PWSU,Pure Via Sugar Free Demerara Alternative 200G
PWSU,Pure Via Bakers Secret Icing Sugar Alternative 220G
PWSU,Billingtons Demerara Sugar 1Kg
PWSU,Silver Spoon Icing Sugar 1Kg
PWSU,Tesco Golden Caster 1Kg Bag
PWSU,Billingtons Molasses Sugar 500G
PWSU,Tesco Demerara Sugar 1Kg
PWSU,Tesco Golden Granulated Sugar 1Kg
PWSU,Billingtons Demerara Sugar 500G
PWSU,Billingtons Demerara Rough Cut Cubes 500G
PWSU,Billingtons Golden Granulated Sugar 1Kg
PWSU,Billingtons Light Brown Sugar 500G
PWSU,Billingtons Dark Muscovado 500G
PWSU,Billingtons Light Muscovado 500G
PWSU,Canderel Caster Sugar  Sweetener Blend 370G
PWSU,Silver Spoon Granulated Sugar 5Kg
PWSU,Trade Aid Uk Pure Cane Caster Sugar 1Kg
PWSU,Silver Spoon Royal Icing Sugar 500G
PWSU,Billingtons Golden Caster 1Kg
PWSU,Sainsbury's White Granulated Sugar 1kg
PWSU,Sainsbury's Fairtrade White Granulated Sugar 1kg
PWSU,Sainsbury's White Granulated Sugar 500g
PWSU,Sainsbury's White Granulated Sugar 5kg
PWSU,Sainsbury's Fairtrade Golden Granulated Sugar 1kg
PWSU,Tate & Lyle Fairtrade Cane Sugar White Cubes 500g
PWSU,Billington's Golden Granulated Sugar 1kg
PWSU,Silver Spoon Half Spoon Granulated Sugar 1kg
PWSU,Silver Spoon Half Spoon Granulated Sugar 500g
PWSU,"Sainsbury's Fairtrade Cane Sugar, SO Organic 500g"
PWSU,The Groovy Food Company Organic Coconut Sugar 500g
PWSU,Sainsbury's White Caster Sugar 1kg
PWSU,Sainsbury's Fairtrade Golden Caster Sugar 1kg
PWSU,Sainsbury's White Caster Sugar 500g
PWSU,Sainsbury's Fairtrade White Caster Sugar 1kg
PWSU,"Billington's Natural Golden Caster, Unrefined Cane Sugar 1kg"
PWSU,Billington's Golden Caster Natural Unrefined Cane Sugar 250g
PWSU,Truvia Caster for Baking 360g
PWSU,Sainsbury's Fairtrade Light Soft Brown Sugar 500g
PWSU,Sainsbury's Fairtrade Demerara Cane Sugar 1kg
PWSU,Sainsbury's Fairtrade Demerara Cane Sugar 500g
PWSU,Sainsbury's Fairtrade Golden Granulated Sugar 1kg
PWSU,Sainsbury's Fairtrade Dark Soft Brown Sugar 500g
PWSU,Sainsbury's Fairtrade Demerara Cane Sugar 2kg
PWSU,Sainsbury's Fairtrade Light Brown Soft Sugar 1kg
PWSU,Billington's Golden Granulated Sugar 1kg
PWSU,Billington's Light Muscovado Sugar 500g
PWSU,Billington's Demerara Sugar 500g
PWSU,Sainsbury's Fairtrade Dark Soft Brown Sugar 1kg
PWSU,Billington's Demerara Natural Unrefined Cane Sugar 250g
PWSU,Billington's Dark Muscovado Sugar 500g
PWSU,Billington's Light Brown Soft Natural Unrefined Cane Sugar 500g
