BCGF,Nutribrex Gluten Free Cereal 375G
BCGF,Quaker Oat So Simple Gluten Free Original Porridge 10 Pack 350G
BCGF,Nairns Gluten Free Oat Muesli 450G
BCGF,Natures Path Organic Gluten Free Mesa Sunrise Cereal 355G
BCGF,Eat Natural Gluten Free Granola Buckwheat Seeds  Honey 425G
BCGF,Eat Natural Gluten Free Buckwheat Toasted Muesli 500G
BCGF,Eat Natural Gluten Free Ancient Grains Muesli 450G
BCGF,Quaker Oat So Simple Gluten Free Original Porridge 510G
BCGF,Free Gluten Free Supergrain Hoops Organic  Vegan 300G
BCGF,Nairns Gluten Free Scottish Porridge 450G
BCGF,Moma Jumbo Oat Porridge Almond Butter  Salted Caramel 6X35g
BCGF,Free Gluten Free Chocolate Stars Organic  Vegan 300G
BCGF,Tesco Free From Berry Granola 350G
BCGF,Tesco Free From Gluten Syrup Porridge Pot 55G
BCGF,Tesco Free From Original Porridge Pot 55G
BCGF,Delicious Alchemy Dairy  Gluten Free Oats450g
BCGF,Tesco Free From Multigrain Hoops 300G
BCGF,Sainsbury's Deliciously Free From Oats 450g
BCGF,Nature's Path Gluten Free Mesa Sunrise 355g
BCGF,Sainsbury's Deliciously Free From Fruity Muesli 450g
BCGF,Nairn's Gluten Free Scottish Porridge Oats 450g
BCGF,Sainsbury's Deliciously Free From Cornflakes 300g
BCGF,Nature's Path Gluten Free Granola Mixed Berry 312g
BCGF,Nairn's Gluten Free Oat Muesli 450g
BCGF,Sainsbury's Deliciously Free From Rice Pops 300g
BCGF,Kallo Organic Puffed Rice Cereal Gluten Free 225g
BCGF,Nutri-Brex Gluten Free Cereal x24 375g
BCGF,Go Free Gluten Free Corn Flakes 375g
BCGF,Go Free Gluten Free Honey Nut Flakes 350g
BCGF,Go Free Gluten Free Rice Pops 350g
BCGF,Sainsbury's Deliciously Free From Choco Flakes 300g
BCER,Weetabix 48Pk
BCER,Kelloggs Crunchy Nut 1Kg
BCER,Kelloggs Frosties Cereal 925G
BCER,Kelloggs Crunchy Nut 500G
BCER,Jordans Country Crisp  Strawberry 500G
BCER,Rice Krispies Multigrain Cereal 350G
BCER,Quaker Oat So Simple Golden Syrup Porridge 57G
BCER,Weetabix Cereal 24 Pack
BCER,Tesco Scottish Oats Porridge 2Kg
BCER,Tesco No Added Sugar Swiss Style Muesli 1Kg
BCER,Tesco Instant Oats Porridge Pot Apple  Blueberry 55G
BCER,Scotts Porridge Oats 1Kg
BCER,Nature Valley Crunchy Granola Oats  Honey 5X42g
BCER,Belvita Soft Bakes Chocolate Chip 250G
BCER,Kelloggs Corn Flakes 720G
BCER,Kelloggs Corn Flakes 500G
BCER,Kelloggs Coco Pops Cereal Bar 6 X 20G
BCER,Tesco Wheat Biscuits Cereal 24 Pack
BCER,Tesco Easy Oats Golden Syrup Flavour 8X36g
BCER,Weetabix Cereal x24
BCER,Kellogg's Corn Flakes Breakfast Cereal 500g
BCER,Sainsbury's Wholegrain Malties Cereal 750g
BCER,Kellogg's Crunchy Nut Breakfast Cereal 720g
BCER,Weetabix Cereal x48
BCER,Sainsbury's Scottish Porridge Oats 1.5kg
BCER,Sainsbury's Honey Nut Cornflakes 500g
BCER,Kellogg's Fruit 'n Fibre Original Breakfast Cereal 700g
BCER,Kellogg's Special K Original Breakfast Cereal 750g
BCER,Cheerios Multigrain 700g
BCER,"Sainsbury's Fruit, Nut & Seed Muesli 750g"
BCER,Daily's Porridge Oats 1kg
BCER,Kellogg's Frosties Breakfast Cereal 470g
BCER,"Sainsbury's Granola, Raisin, Nut & Honey 1kg"
BCER,Sainsbury's Rice Pops 375g
BCER,Kellogg's Rice Krispies Breakfast Cereal 375g
BCER,Flahavan's Organic Jumbo Oats 1kg
BCER,Kellogg's Bran Flakes Breakfast Cereal 750g
BCER,Nestle Shredded Wheat Bitesize Cereal 720g
BCER,"Sainsbury's Whole Rolled Porridge Oats, Taste the Difference 750g"
BCER,Quaker Oat So Simple Original Porridge Sachets 10x27g
BCER,Alpen Muesli No Added Sugar 550g
BCER,Scott's Porage Original Porridge Oats 1kg
BCER,Shredded Wheat Cereal Biscuits x30
BCER,Kellogg's Rice Krispies Breakfast Cereal 660g
BCER,Sainsbury's Wholegrain Fruit & Fibre 750g
BCER,Sainsbury's Choco Hazelnut Squares Cereal 375g
BCER,Sainsbury's Choco Rice Pops 375g
