BUTT,Tesco British Salted Block Butter 250G
BUTT,Tesco British Unsalted Butter 250G
BUTT,Anchor Salted Butter 200G
BUTT,Tesco Organic Butter 250G
BUTT,Tesco Organic Unsalted Butter 250G
BUTT,Kerrygold Pure Irish Block Butter 250G
BUTT,Yeo Valley Organic Block Butter 250G
BUTT,Lurpak Unsalted Butter 200G
BUTT,Lurpak Slightly Salted Spreadable 500G
BUTT,President Unsalted Butter 250G
BUTT,Lurpak Lighter Slightly Salted Butter 200G
BUTT,Lurpak Lighter Slightly Salted Spreadable 500G
BUTT,Flora Plant Butter Unsalted 250G
BUTT,"Sainsbury's British Butter, Salted 250g"
BUTT,Lurpak Slightly Salted Spreadable Blend of Butter & Rapeseed Oil 500g
BUTT,"Sainsbury's British Butter, Unsalted 250g"
BUTT,Lurpak Lighter Spreadable Blend of Butter & Rapeseed Oil 500g
BUTT,Sainsbury's Buttersoft Spreadable Butter 500g
BUTT,Anchor Spreadable Blend of Butter & Rapeseed Oil 500g
BUTT,Anchor Salted Butter 200g
BUTT,Kerrygold Pure Irish Butter 250g
BUTT,Country Life British Salted Butter 250g
BUTT,"Sainsbury's British Butter, Salted 500g"
BUTT,Lurpak Unsalted Spreadable Blend of Butter and Rapeseed Oil 500g
BUTT,Lurpak Slightly Salted Butter 200g
BUTT,"Sainsbury's British Butter Slightly Salted, SO Organic 250g"
BUTT,Lurpak Slightly Salted Spreadable Blend of Butter & Rapeseed Oil 250g
BUTT,"Sainsbury's British Butter Unsalted, SO Organic 250g"
BUTT,Kerrygold Softer Butter 250g
BUTT,Anchor Unsalted Butter 200g
BUTT,Anchor Spreadable Blend of Butter & Rapeseed Oil 750g
BUTT,Anchor Lighter Spreadable Blend of Butter & Rapeseed Oil 500g
BUTT,Lurpak Spreadable Blend of Butter and Rapeseed Oil 750g
BUTT,President Spreadable Slightly Salted Butter 250g
BUTT,Anchor Spreadable Blend of Butter & Rapeseed Oil 250g
BUTT,Lurpak Unsalted Butter 200g
MARG,Vitalite Dairy Free Spread 500G
MARG,Stockwell  Co Soft Spread 500G
MARG,Pure Dairy Free Buttery Spread 500G
MARG,I Cant Believe Its Not Butter Original Spread 450G
MARG,Clover Original Spread 1Kg
MARG,Stork Original Baking Spread 1Kg
MARG,Tesco Buttery Spread 500G
MARG,Pure Sunflower 500G
MARG,Tesco Buttery Spread 1Kg
MARG,I Cant Believe Its Not Butter Light Spread 450G
MARG,Tesco Buttery Spread 30 Less Fat 500G
MARG,Stork Original Baking Spread 500G
MARG,Flora Buttery Spread 1Kg
MARG,Tesco Baking Spread 500G
MARG,Tesco Soft Baking Spread 2Kg
MARG,Clover Original Spread 500G
MARG,Clover Lighter Spread 500G
MARG,Flora Light Spread 1Kg
MARG,Tesco Baking Block 250G
MARG,Stork Original Baking Block 250G
MARG,Benecol Buttery Spread 500G
MARG,Benecol Light Spread 500G
MARG,Flora Pro Activ Light Spread 250G
MARG,Clover Spread 500g
MARG,Bertolli Olive Oil Spread 450g
MARG,Clover Light Spread 500g
MARG,Flora Natural Dairy Free Spread 450g
MARG,Sainsbury's Butterlicious Spread 500g
MARG,Flora Buttery Spread 450g
MARG,Flora Lighter Vegan Spread 450g
MARG,Sainsbury's Olive Spread 500g
MARG,Benecol Buttery Spread 500g
MARG,Vitalite Dairy Free Spread 500g
MARG,Flora ProActiv Buttery Taste Spread 450g
MARG,Flora Buttery Spread 1Kg
MARG,Benecol Light Spread 500g
MARG,Pure Dairy Free Vegan Olive Spread 500g
MARG,Bertolli Olive Oil Light Spread 450g
MARG,Sainsbury's Soft Baking Spread 500g
MARG,Clover Spread 1kg
MARG,Utterly Butterly Spread 500g
MARG,Stork Baking Spread Alternative to Butter 1kg
MARG,Flora Lighter Vegan Spread 1kg
MARG,"Naturli Vegan Spread, Organic 450g"
MARG,Benecol Olive Spread 500g
MARG,Utterly Butterly Lightly Spread 500g
MARG,Bertolli Spread 250g
MARG,Flora Lighter Vegan Spread 250g
MARG,Utterly Butterly Spread 1kg
MARG,Sainsbury's Olive Spread 1kg
MARG,Flora ProActiv Olive Spread 450g
MARG,Clover Light Spread 1kg
OLOL,Tesco Olive Oil 1L
OLOL,Tesco Extra Virgin Olive Oil 1Ltr
OLOL,Filippo Berio Extra Virgin Olive Oil 1Ltr
OLOL,Tesco Olive Oil 250Ml
OLOL,Tesco Olive Oil 500Ml
OLOL,La Espanola Extra Virgin Olive Oil Litre
OLOL,Tesco Extra Virgin Olive Oil 250Ml
OLOL,Tesco Extra Virgin Olive Oil 500Ml
OLOL,Filippo Berio Extra Virgin Olive Oil 500Ml
OLOL,Filippo Berio Olive Oil 1 Litre
OLOL,Farchioni Il Casolare Extra Virgin Olive Oil 1L
OLOL,Napolina Extra Virgin Olive Oil 500Ml
OLOL,Tesco Light In Colour Olive Oil 1Ltr
OLOL,Napolina Extra Virgin Olive Oil 1Ltr
OLOL,Tesco Organic Extra Virgin Olive Oil 500Ml
OLOL,Napolina Olive Oil 500Ml
OLOL,Filippo Berio Mild  Light Olive Oil 1Ltr
OLOL,Napolina Olive Oil 1Lt
OLOL,Filippo Berio Pure Olive Oil 500 Ml
OLOL,Filippo Berio Mild  Light Olive Oil 500Ml
OLOL,Tesco Greek Extra Virgin Olive Oil 500Ml
OLOL,Napolina Olive Oil Spray 200Ml
OLOL,Belazu Crete Gold Extra Virgin Olive Oil 500Ml
OLOL,Napolina Extra Virgin Olive Oil 750ml
OLOL,Napolina Olive Oil 750ml
OLOL,"Sainsbury's Olive Oil, Extra Virgin 1L"
OLOL,Sainsbury's Olive Oil 1L
OLOL,Frylight 1 Cal Extra Virgin Olive Oil Cooking Spray 190ml
OLOL,Sainsbury’s Sunflower & Extra Virgin Olive Oil 500ml
OLOL,Sainsbury's Olive Oil 500ml
OLOL,"Sainsbury's Olive Oil, Extra Virgin 250ml"
OLOL,Il Casolare Unfiltered Extra Virgin Olive Oil 1L
OLOL,Filippo Berio Organic Extra Virgin Olive Oil 500ml
OLOL,"Sainsbury's Olive Oil, Extra Virgin 2L"
OLOL,"Filippo Berio Olive Oil, Extra Virgin 750ml"
OLOL,"Sainsbury's Unfiltered Extra Virgin Olive Oil, SO Organic 500ml"
OLOL,"Sainsbury's Garlic Flavoured Olive Oil, Inspired to Cook 250ml"
OLOL,Napolina Extra Virgin Olive Oil 500ml
OLOL,Sainsbury's Olive Oil 250ml
OLOL,Sainsbury's Extra Virgin Olive Oil Spray 200ml
OLOL,La Espanola Extra Virgin Olive Oil 750ml
OLOL,"Filippo Berio Olive Oil, Extra Virgin 500ml"
OLOL,Napolina Olive Oil 500ml
OLOL,"Sainsbury's Olive Oil, Light In Colour 1L"
OLOL,Karyatis Greek Extra Virgin Olive Oil 500ml
OLOL,Sainsbury's Olive Oil 2L
OLOL,"Sainsbury's Chilli Flavoured Olive Oil, Inspired to Cook 250ml"
OLOL,Filippo Berio Olive Oil 750ml
OLOL,Filippo Berio Extra Virgin Olive Oil 1L
OLOL,Odysea Greek Extra Virgin Olive Oil 500ml
OLOL,Filippo Berio Mild & Light Olive Oil 500ml
