CTUN,Tesco Tuna Chunks In Spring Water 145G
CTUN,Tesco Tuna Chunks In Brine 145G
CTUN,Princes Tuna Chunks In Spring Water 4X145g
CTUN,Tesco Drained Tuna Steak In Spring Water 110G
CTUN,Stockwell  Co Tuna Chunks In Brine 145G
CTUN,Princes Tuna Chunks In Brine 4X145g
CTUN,Princes Tuna Chunks In Sunflower Oil 4X145g
CTUN,Tesco Tuna Chunks In Sunflower Oil 145G
CTUN,Tesco Drained Tuna Steak In Brine 110G
CTUN,Tesco Drained Tuna Steak In Sunflower Oil 110G
CTUN,Tesco Tuna Chunks In Spring Water 3X80g
CTUN,Princes Drained Tuna Steak In Spring Water 3X110g
CTUN,Rio Mare Tuna In Olive Oil 160G
CTUN,Princes Drained Tuna Steak In Sunflower Oil3x110g
CTUN,Princes Tuna Chunks In Spring Water 8 X 145G
CTUN,Princes Drained Tuna Steak In Brine 3X110g
CTUN,Princes Drained Tuna Steak In Spring Water 3X60g
CTUN,Princes Drained Tuna Steak In Sunflower Oil 3X60g
CTUN,Tesco Baked Beans In Tomato Sauce 420G
CTUN,Ortiz El Velero Yellow Fin Tuna in Olive Oil 112g
CTUN,Ortiz Bonito Tuna In Olive Oil 158g
CTUN,Sainsbury's Tuna Steak in Spring Water 3x120g
CTUN,Princes Tuna Chunks in Spring Water 4x145g
CTUN,Princes Tuna Chunks in Sunflower Oil 4x145g
CTUN,Sainsbury's Tuna Drained & Ready Water 120g
CTUN,John West No Drain Fridge Pot Tuna Steak with a Little Spring Water 3 x 110g
CTUN,John West Tuna Chunks in Spring Water 4x145g
CTUN,Princes Tuna Chunks in Brine 4x145g
CTUN,Princes Tuna Chunks in Spring Water 3x80g (3x56g*)
CTUN,Sainsbury's Tuna Steak in Sunflower Oil 3x120g
CTUN,John West No Drain Fridge Pot Tuna Steak with a Little Olive Oil 3 x 110g
CTUN,John West Immunity No Drain Tuna Steak with Springwater 3x110g
CTUN,John West Lower Salt Tuna Chunks in Spring Water 3x145g
CTUN,Princes Drained & Ready to Use Tuna Steak with a Little Spring Water 3x110g
BKBN,Heinz Baked Beans In Tomato Sauce 4X415g
BKBN,Branston Beans In Tomato Sauce 410G
BKBN,Heinz Baked Beans In Tomato Sauce 415G
BKBN,Heinz Beanz No Added Sugar 4 X 415G
BKBN,Heinz Baked Beans 3X200g
BKBN,Stockwell  Co Baked Beans In Tomato Sauce 420G
BKBN,Tesco Baked Beans In Tomato Sauce 220G
BKBN,Tesco Reduced Sugar And Salt Baked Beans In Tomato Sauce 420G
BKBN,Branston Beans In Tomato Sauce 220G
BKBN,Heinz Baked Beans No Added Sugar 4 Pack 4 X 200G
BKBN,Heinz Baked Beans No Added Sugar 415G
BKBN,Heinz Baked Beans In Tomato Sauce 150G
BKBN,Tesco Reduced Sugar  Salt Baked Beans 220G
BKBN,Heinz Baked Beans In Tomato Sauce 200G
BKBN,Tesco Baked Beans  Pork Sausages In Tomato Sauce 395G
BKBN,Heinz Beanz Snap Pots 4X200g
BKBN,Heinz Baked Beans  Pork Sausages 415G
BKBN,Heinz Beanz No Added Sugar 200G
BKBN,Stockwell  Co Baked Beans  Pork Sausages 405G
BKBN,Tesco Organic Baked Beans 420G
BKBN,Branston Beans  Sausages 405G
BKBN,Heinz Beanz Barbecue 390G
BKBN,Del Monte Fruit Cocktail In Juice 415G
BKBN,Heinz Baked Beans in a Rich Tomato Sauce 4 x 415g
BKBN,Heinz Baked Beans in a Rich Tomato Sauce 6 x 415g
BKBN,Heinz No Added Sugar Baked Beans in a Rich Tomato Sauce 6 x 415g
BKBN,Hubbard's Foodstore Baked Beans In Tomato Sauce 400g
BKBN,Heinz Baked Beans in a Rich Tomato Sauce 3 x 200g
BKBN,Sainsbury's Baked Beans In Tomato Sauce 200g
BKBN,Heinz Baked Beans in a Rich Tomato Sauce 415g
BKBN,Branston Baked Beans 4x410g
BKBN,"Sainsbury's Baked Beans In Reduced Sugar & Salt, Tomato Sauce 200g"
BKBN,Sainsbury's Baked Beans In Tomato Sauce 4x400g
BKBN,Sainsbury's Reduced Sugar & Salt Baked Beans In Tomato Sauce 4x400g
BKBN,Sainsbury's Reduced Sugar & Salt Baked Beans In Tomato Sauce 400g
BKBN,Heinz Baked Beans Snap Pots 4 x 200g
BKBN,Sainsbury's Baked Beans 6x400g
BKBN,Heinz Baked Beans in a Rich Tomato Sauce 200g
BKBN,Heinz Baked Beans in a Rich Tomato Sauce 150g
BKBN,Branston Baked Beans 220g
BKBN,Sainsbury's Baked Beans in Tomato Sauce 400g
BKBN,Branston Baked Beans in a Rich & Tasty Tomato Sauce 6x410g
BKBN,Heinz Baked Beans and Sausages 415g
BKBN,Heinz No Added Sugar Baked Beans in a Rich Tomato Sauce 4 x 415g
BKBN,Heinz Baked Beans and Pork Sausages 200g
BKBN,Heinz No Added Sugar Baked Beans in a Rich Tomato Sauce 415g
BKBN,"Sainsbury's Baked Beans, SO Organic 400g"
BKBN,Branston Baked Beans 410g
BKBN,Heinz No Added Sugar Baked Beans in a Rich Tomato Sauce 200g
BKBN,Sainsbury's Baked Beans With Meatfree Meat Free Sausages 400g
BKBN,Branston Baked Beans & Sausages 405g
BKBN,HP Baked Beans 4x415g
BKBN,Heinz Baked Beans Barbecue 390g
CNFR,Del Monte Peach Slices In Juice 415G
CNFR,Tesco Tropical Fruit Salad 425G
CNFR,Tesco Evaporated Milk 410G
CNFR,Del Monte Fruit Cocktail In Syrup 420G
CNFR,Tesco Pineapple Slices In Natural Juice 227G
CNFR,Tesco Pear Halves In Juice 410G
CNFR,Tesco Pineapple Slices In Juice 425G
CNFR,Princes Summer Fruit Filling 410G
CNFR,Del Monte Peach Halves In Juice 415G
CNFR,Del Monte Pineapple Chunks In Juice 432G
CNFR,Del Monte Sliced Pineapple In Juice 435G
CNFR,Tesco Basmati Rice 1Kg
CNFR,Sainsbury's Peach Slices In Fruit Juice 411g
CNFR,Sainsbury's Prunes in Fruit Juice 410g
CNFR,Sainsbury's Pineapple Chunks in Fruit Juice 432g
CNFR,Del Monte Fruit Cocktail In Juice 415g (250g Drained)
CNFR,Sainsbury's Apricot Halves in Fruit Juice 411g
CNFR,Sainsbury's Mandarin Segments in Fruit Juice 298g
CNFR,Sainsbury's Pear Halves in Refined Fruit Juice 411g
CNFR,Sainsbury's Peach Slices In Fruit Juice 213g
CNFR,Dole Peaches In Juice Fruit Snacks 4x113g
