CHOC,Lindt Lindor Milk Chocolate Truffles Carton 200G
CHOC,Ferrero Rocher 24 Pieces Boxed Chocolates 300G
CHOC,Cadbury Dairy Milk Chocolate Bar 360G
CHOC,Lindt Excellence Dark 70 Cocoa Chocolate Bar 100G
CHOC,Ferrero Rocher 16 Pieces Boxed Chocolates 200G
CHOC,Maltesers Gift Box Chocolates 310G
CHOC,Celebrations Chocolates 300G
CHOC,Cadbury Delights Nougat Salted Caramel Chocolate 5X22g
CHOC,Cadbury Delights Soft Nougat Hazelnut 5X22g
CHOC,Cadbury Delights Soft Nougat Orange  Caramel 5X22g
CHOC,Tesco Classic 74 Dark Chocolate 100G
CHOC,Nestle Kit Kat Chunky Milk Chocolate Bars Multipack 4 X 40g
CHOC,Smarties Chocolate Multipack 4 X 34G
CHOC,Maltesers Milk Chocolate Box 110G
CHOC,Cadbury Flake Chocolate Bars Multipack 4 X 255g
CHOC,Cadbury Dairy Milk Giant Buttons Chocolate Bag 119G
CHOC,Cadbury Twirl Chocolate Bars Multipack 4 X 34g
CHOC,Cadbury Dairy Milk For Kids 6 Pack 108G
CHOC,Cadbury Dairy Milk Caramel Chocolate Bars Multipack 4 X 37g
CHOC,Tesco Dark Chocolate Bar 200G
CHOC,Tesco Milk Chocolate Raisins 200G
CHOC,Tesco Milk Chocolate Peanut 200G
CHOC,Tesco Milk Chocolate Bar 200G
CHOC,Tesco Crunchy Caramel Chocolate Bars Multipack 5 X 42g
CHOC,Tesco Dreamy Caramel Chocolate Bars Multipack 6 X 40g
CHOC,Tesco Nutty Nougat Caramel Chocolate Bars Multipack 6 X 40g
CHOC,Ms Mollys Dark Chocolate Bar 100G
CHOC,Lindt Lindor Assorted Chocolate Truffles 200G
CHOC,Cadbury Dairy Milk Chocolate Bar 110g
CHOC,Lindt Excellence Dark 70% Cocoa Chocolate Bar 100g
CHOC,Cadbury Dairy Milk Chocolate Bar 180g
CHOC,Cadbury Dairy Milk Fruit & Nut Chocolate Bar 110g
CHOC,Lovett's Dark Chocolate 100g
CHOC,Cadbury Dairy Milk Whole Nut Chocolate Bar 120g
CHOC,Lindt Excellence Dark Sea Salt Chocolate Bar 100g
CHOC,Sainsbury's Dark Chocolate 200g
CHOC,Lindt Excellence Dark 90% Cocoa Chocolate Bar 100g
CHOC,Lovett's Milk Chocolate 100g
CHOC,Lindt Excellence Dark Mint Chocolate Bar 100g
CHOC,Lindt Excellence Dark Caramel and Sea Salt Chocolate Bar 100g
CHOC,Lindt Excellence Dark Orange Chocolate Bar 100g
CHOC,Green & Black's Organic 85% Dark Chocolate Bar 90g
CHOC,Lindt Excellence Dark 85% Cocoa Chocolate Bar 100g
CHOC,Green & Black's Organic 70% Dark Chocolate Bar 90g
CHOC,Lindt Excellence Milk Extra Creamy Chocolate Bar 100g
CHOC,Sainsbury's Milk Chocolate 200g
GUMM,Sainsbury's Mint Humbugs 200g
GUMM,Sainsbury's Butter Mintoes 200g
GUMM,Sainsbury's Mint Imperials 200g
GUMM,Trebor Extra Strong Peppermint Mints 4x41.3g
GUMM,Sainsbury's Mint Assortment 200g
GUMM,Polo Original Mints Roll Multipack 4x34g
GUMM,Polo Sugar Free Mints Roll Multipack 4x33.4g
GUMM,Extra Spearmint Sugarfree Chewing Gum Bottle Pieces x60
GUMM,Trebor Softmints Spearmint Mints 4x44.9g
GUMM,Extra Peppermint Chewing Gum Sugar Free Multipack 6x10 Pieces
GUMM,Extra White Bubblemint Chewing Gum Sugar Free Bottle 46 Pieces
GUMM,Walkers Mint Toffees Bag 150g
GUMM,Tic Tac Fresh Mint 100 48g
GUMM,Extra Peppermint Chewing Gum Sugar Free Large Bottle 90 Pieces
GUMM,XXX Extra Strong Peppermints Multipack 5x40.5g
GUMM,Extra Cool Breeze Chewing Gum Sugar Free Multipack 6x10 Pieces
GUMM,Extra Spearmint Chewing Gum Sugar Free Multipack 6x10 Pieces
GUMM,Fox's Glacier Mints 200g
GUMM,Airwaves Menthol & Eucalyptus Sugar Free Chewing Gum Bottle 46 Pieces
GUMM,Airwaves Menthol & Eucalyptus Chewing Gum Sugar Free Multipack 6x10 Pieces
GUMM,Polo Original Mints Roll 34g
GUMM,Extra White Bubblemint Chewing Gum Sugar Free Multipack 6x10 Pieces
GUMM,Tic Tac Fresh Strong Mint 16.4g
GUMM,Polo Spearmint Mints 4x34g
GUMM,Extra Ice Peppermint Chewing Gum Sugar Free Bottle 46pcs
GUMM,Mentos Chewy Dragees Mint Rolls 5x38g
GUMM,Extra White Chewing Gum Sugar Free Bottle 46pcs
GUMM,Mentos Fruit Chewy Dragees Rolls 5x38g
GUMM,Extra Cool Breeze Chewing Gum Sugar Free Bottle 60pcs
GUMM,Trebor Extra Strong Mints 48g
GUMM,Extra Ice Peppermint Chewing Gum Sugar Free Multipack 6x10 Pieces
GUMM,Mentos Pure Fresh Freshmint Sugar Free Chewing Gum x50 100g
GUMM,Extra Refreshers Tropical Flavour Sugarfree Chewing Gum Bottle 30 Pieces
GUMM,Extra Strawberry Flavour Sugarfree Chewing Gum Bottle Pieces x60
GUMM,Mentos Gum Pure Fresh Freshmint Bottle 50Pc 100G
GUMM,Mentos Gum Spearmint 50Pc Btl100g
GUMM,Mentos Gum Pure Fresh Bubblefresh 50Pc 97G
GUMM,Wrigleys Extra Spearmint Bottle 60 Piece
GUMM,Wrigleys Extra Peppermint Gum Bottle 60 Pieces
GUMM,Wrigleys Extra Sugar Free Strawberry Gum 60 Pieces 84G
GUMM,Wrigleys Extra Refreshers Tropical Chewing Gum 67G
GUMM,Wrigleys Extra Refreshers Bubble Mint 30S Gum 67G
GUMM,Extra Coolbreeze 60 Piece Bottle 84G
GUMM,Wrigleys Extra Spearmint 6X10 Pieces 84G
GUMM,Wrigleys Extra Peppermint 6X10 Pieces 84G
GUMM,Wrigleys Extra White Bubblemint 6X10 Pieces 84G
GUMM,Wrigleys Extra Ice Peppermint 6X10 Pieces 84G
GUMM,Wrigleys Extra Cool Breeze 6X10 Pieces 84G
GUMM,Wrigleys Airwaves Menthol Eucalyptus 6X10pcs 84G
GUMM,Wrigley Extra Bubblemint Gum Bottle 46 Pieces
GUMM,Airwaves Menthol  Eucalyptus Gum Bottle 46 Pieces
GUMM,Extra White Gum Bottle 46 Pieces64g
GUMM,Wrigleys Extra Tropical Chewing Gum Sugar Free 156G
GUMM,Wrigleys Extra Sugar Free Apple Flavour Gum 14G
GUMM,Wrigleys Extra Sugar Free Blueberry Gum 10 Pieces 14G
GUMM,Wrigleys Extra Refreshers Gum Bubblemint 7Pce
GUMM,Wrigleys Extra Refreshers Gum Peppermint 7 Pieces
GUMM,Wrigleys Hubba Bubba Triple Tape
GUMM,Airwaves Blackcurrant Gum 10 Pieces
GUMM,Extra Strawberry Gum 10 Pieces
GUMM,Extra Spearmint Gum 10 Pieces
GUMM,Extra White Peppermint Gum 10 Pieces
GUMM,Extra Peppermint Gum 10 Pieces
GUMM,Airwaves Menthol  Eucalyptus Gum 10 Pieces
GUMM,Extra Ice Peppermint Gum 10 Pieces
GUMM,Extra White Bubblemint Gum 10 Pieces
GUMM,Extra Cool Breeze Gum 10 Pieces
GUMM,Nerds Candy Rainbow Fruit Flavour 1417G
OTSW,Maynards Bassetts Wine Gums 350G
OTSW,Maynards Bassetts Jelly Babies 350G
OTSW,Haribo Maoam Joystixx 140G R
OTSW,Squashies Drumsticks 160 G
OTSW,Bassetts Jelly Babies 190G
OTSW,Bassetts Liquorice Allsorts 190G
OTSW,The Natural Confectionery Company Jelly Snakes 130G
OTSW,Haribo Maoam Pinballs 140G R
OTSW,Haribo Maoam Stripes 140G R
OTSW,Tesco Fruit Jellies 200G
OTSW,Nerds Candy Watermelon  Cherry 467G
OTSW,Nerdsd Candy Grape  Strawberry 467G
OTSW,Rowntrees Vegan Fruit Pastilles 4X428G
OTSW,Maoam 8 Pack Bloxx Chewy Sweets 176G
OTSW,Squashies Drumstick Sour Cherry  Apple 160G
OTSW,Tesco Fizzy Strawberry Flavour Lances 75G
OTSW,Tesco Fizzy Cola Lances 75G
OTSW,Haribo Fruitilicious Fruit Gums 150G
OTSW,Haribo Giant Strawbs Fruit Gums 175G
OTSW,Rowntrees Pic And Mix Vegan Friendly Sweets 150G
OTSW,Rowntrees Vegan Strawberry  Blackcurrant Fruit Pastilles 143G
OTSW,Haribo Jelly Babies Double Trouble 175G
OTSW,Tesco Mini Jelly Beans 85G
OTSW,Hilltop Premium Manuka 100 Mgo Honey Of New Zealand 225G
OTSW,Sainsbury's Strawberry Laces Sweets 70g
OTSW,Rowntree's Fruit Gums Sweets Sharing Pouches 150g
OTSW,Rowntree’s Fruit Pastilles Sweets Tube Multipack 4x42.8g
OTSW,Maoam Joystixx Chewy Sweets Bag 140g
OTSW,Haribo Giant Strawbs Vegetarian Sweets Bag 175g
OTSW,Sainsbury's Jelly Babies Sweets 225g
OTSW,Haribo Starmix Mini Bag Multipack Sweets 22x16g
OTSW,Sainsbury's Mint Humbugs 200g
OTSW,Haribo Tangfastics Sour Sweets Bag 175g
OTSW,Haribo Starmix Sweets Bag 175g
OTSW,Sainsbury's Butter Mintoes 200g
OTSW,Sainsbury's Mint Imperials 200g
OTSW,Werther's Original Butter Sweets 135g
OTSW,Sainsbury's Fruit Jellies Sweets 225g
OTSW,Rowntree’s Fruit Pastilles Sweets Sharing Pouch 143g
OTSW,Maynards Bassetts Jelly Babies Sweets Bag 190g
OTSW,Swizzels Drumstick Squashies Sweets 160g
OTSW,The Natural Confectionery Co. Jelly Snakes Sweets Bag 160g
OTSW,Haribo Supermix Sweets Bag 175g
OTSW,Maynards Bassetts Wine Gums Sweets Bag 190g
OTSW,Sainsbury's Wine Gums Sweets 225g
OTSW,Sainsbury's Marshmallows 200g
OTSW,Sainsbury's Mint Assortment 200g
OTSW,Werther's Original Sugar Free Sweets 80g
