CHCH,Pilgrims Choice Mature Cheddar 550G
CHCH,Pilgrims Choice Extra Mature Cheddar 550G
CHCH,Tesco Finest Vintage Cheddar 300G
CHCH,Pilgrims Choice Extra Mature Cheddar 350G
CHCH,Tesco Medium Cheddar 400G
CHCH,Cathedral City Lighter Cheddar 350G
CHCH,Cathedral City Mature Cheddar 350G
CHCH,Cathedral City Extra Mature 350G
CHCH,Tesco British Mild Cheddar Cheese 400G
CHCH,Tesco Mature 10 Cheddar Slices 250G
CHCH,Cathedral City Matured Sliced 150G
CHCH,Cathedral City Extra Mature Cheddar 550G
CHCH,Cathedral City Mature Cheddar 550G
CHCH,Tesco British Medium Grated Cheddar 250G
CHCH,Tesco Mature Cheddar 400G
CHCH,Tesco 30 Reduced Fat Mature Cheese 400G
CHCH,Tesco Mild 10 Cheddar Slices 250G
CHCH,Tesco Extra Mature Cheddar Cheese 400G
CHCH,Tesco 30 Reduced Fat Extra Mature Cheese 400G
CHCH,Tesco Mature Grated Cheddar 250G
CHCH,Tesco 50 Reduced Fat Mature Grated Cheese 250G
CHCH,Tesco Extra Mature Grated Cheddar 250G
CHCH,Tesco 30 Reduced Fat Mature Cheese Slices 250G
CHCH,Creamfields Mild White Cheddar 400G
CHCH,Creamfields Mild White Cheddar 400G
CHCH,Cathedral City Mature Cheddar Cheese 350g
CHCH,Sainsbury's British Mature Cheddar Cheese 400g
CHCH,Mary Ann's Dairy Mature Cheddar Cheese 600g
CHCH,Sainsbury's British Extra Mature Cheddar Cheese 400g
CHCH,Sainsbury's British Mature Grated Cheddar Cheese 250g
CHCH,Sainsbury's British Medium Cheddar Cheese 400g
CHCH,Sainsbury's West Country Farmhouse Mature Cheddar Cheese 400g
CHCH,Mary Ann's Dairy Grated Cheddar Cheese 500g
CHCH,Sainsbury's Red Leicester Cheese 250g
CHCH,Cathedral City Extra Mature Cheddar Cheese 350g
CHCH,Sainsbury's British Mild Cheddar Cheese 400g
CHCH,"Sainsbury's Barber's Mature Cruncher Cheese, Taste the Difference 350g"
CHCH,Davidstow Cornish Extra Mature Cheddar Cheese 320g
CHCH,Sainsbury's British Mature Cheddar Cheese Slices 240g
CHCH,Cathedral City Lighter Mature Cheddar Cheese 350g
CHCH,Mary Ann's Dairy Mature Cheddar Cheese 900g
CHCH,Pilgrims Choice Extra Mature Cheddar Cheese 550g
CHCH,Cathedral City Mature Cheddar Cheese Slices x6 150g
CHCH,Sainsbury's Lighter Mature Cheese 400g
CHCH,Sainsbury's Grated Four Cheese Mix 250g
CHCH,Sainsbury's British Mature Grated Cheddar Cheese 500g
CHCH,Sainsbury's Double Gloucester Cheese 250g
CHCH,Cathedral City Grated Mature Cheddar Cheese 180g
CHCH,Cathedral City Mini Mature Cheddar Cheeses 6x20g
CHCH,Sainsbury's Lighter Mature Grated Cheese 250g
EGGS,Sainsbury's British Free Range Eggs Large x12
EGGS,Sainsbury's British Free Range Eggs Large x6
EGGS,Sainsbury's British Free Range Eggs Medium x6
EGGS,Sainsbury's British Free Range Eggs Medium x12
EGGS,Sainsbury's Free Range British Eggs Medium x15
EGGS,"Sainsbury's Woodland Free Range Large Eggs, SO Organic x6"
EGGS,Sainsbury's British Free Range Eggs Extra Large x6
EGGS,"Sainsbury's Woodland Free Range Golden Yolked Mixed Weight Eggs, Taste the Difference x6"
EGGS,"Sainsbury's Woodland Free Range Medium Eggs, SO Organic x6"
EGGS,Clarence Court Mabel Pearmans's Burford Browns Large Free Range Eggs x6
EGGS,The Happy Egg Co. Free Range Large Eggs x6
EGGS,Happy Egg Large Free Range Eggs x10
EGGS,Clarence Court Mabel Pearmans's Burford Browns Large Free Range Eggs x10
EGGS,Purely Organic Free Range Eggs x10 540g
EGGS,Clarence Court Mabel Pearmans's Burford Brown Medium Free Range Eggs x6
EGGS,The Happy Egg Co. Free Range Mixed Weight x10 497g
EGGS,Freshlay Family Run Farms Golden Yolks Free Range Eggs x10
EGGS,Two Chicks Liquid Egg White 500g
EGGS,Respectful Medium Carbon Neutral Free Range Eggs x6
EGGS,Clarence Court Old Cotswold Legbar Large Free Range Eggs x6
EGGS,Clarence Court Duck Eggs x6
EGGS,Clarence Court Brown Medium Free Range Eggs 6 Pack
EGGS,Clarence Court Burford Brown Large Free Range Eggs 6 Pack
EGGS,Rymer Farm Eggs Large Free Range 6 Eggs
EGGS,Happy Egg Co Large Free Range Eggs 6 Pack
EGGS,Tesco Finest 6 Free Range Chestnut Maran Eggs
EGGS,Happy Egg Co Free Range Eggs 10 Mixed Weight
EGGS,Tesco Mixed Sized Organic Eggs 6 Pack
EGGS,Happy Egg Co Medium Free Range Eggs 6 Pack
EGGS,Tesco Free Range Eggs Very Large 6 Pack
EGGS,St Ewes 6 Large Free Range Eggs
EGGS,StEwe Rich Yolk Free Range Eggs 6 Pack
EGGS,Tesco Large Free Range Eggs 6 Pack
EGGS,Tesco Large Free Range Eggs 12 Pack
EGGS,Big  Fresh Mixed Sized Eggs 6 Pack
EGGS,Tesco Medium Free Range Eggs 12 Pack
EGGS,Tesco Medium Free Range Eggs 6 Pack
EGGS,Two Chicks Free Range Liquid Egg White 500Ml
EGGS,Clarence Court Old Cotswold Free Range Eggs 6 Pack
EGGS,Big  Fresh Medium Eggs 6 Pack
EGGS,Tesco 10 British Mixed Weight Caged Eggs
EGGS,Tesco Mixed Sized Free Range Eggs 15 Pack
SKML,Cravendale Semi Skimmed Milk 2 Litre
SKML,Cravendale Pure Filtered Semi Skimmed Milk 1L
SKML,Tesco Semi Skimmed Milk 568Ml1 Pint
SKML,Tesco Semi Skimmed Milk 113L2 Pints
SKML,Tesco Filtered Semi Skimmed Milk 2 Litre
SKML,Tesco Filtered Semi Skimmed Milk 1 Litre
SKML,Tesco British Semi Skimmed Milk 2272L 4 Pints
SKML,Tesco Semi Skimmed Milk 3408L6 Pints
SKML,Sainsbury's British Semi Skimmed Milk 2.27L (4 pint)
SKML,Sainsbury's British Semi Skimmed Milk 1.13L (2 pint)
SKML,Sainsbury's British Skimmed Milk 2.27L (4 pint)
SKML,Cravendale Filtered Fresh Semi Skimmed Milk 2L Fresher for Longer
SKML,Sainsbury's British Skimmed Milk 1.13L (2 pint)
SKML,Sainsbury's British Semi Skimmed Milk 3.4L (6 pint)
SKML,Sainsbury's British Filtered Semi Skimmed Milk 2L
SKML,Cravendale Filtered Fresh Semi Skimmed Milk Fresher for Longer 1L
SKML,"Sainsbury's British Semi Skimmed Milk, SO Organic 2.27L (4 pint)"
SKML,Sainsbury's British Semi Skimmed Milk 1 Pint
SKML,"Sainsbury's British Semi Skimmed Milk, SO Organic 1.13L (2 pint)"
SKML,Cravendale Filtered Fresh Skimmed Milk Fresher for Longer 2L
SFCH,Violife Vegan Greek White Block 230G
SFCH,Philadelphia Original Soft Cheese 280G
SFCH,Philadelphia Light Soft Cheese 280G
SFCH,Philadelphia Garlic  Herbs Soft Cheese 280G
SFCH,Philadelphia Plant-Based Almond  Oat Soft Cheese Alternative 150G
SFCH,Tesco Finest Stratford Blue Cream Cheese 140G
SFCH,Tesco Finest Matured Lancashire Cream Cheese 140G
SFCH,Tesco Natural Cottage Cheese Fat 600G
SFCH,Tesco Pineapple 0 Fat Cottage Cheese 300G
SFCH,Tesco Fat Free Cottage Cheese 300G
SFCH,Philadelphia Original Mini Tubs 4X35g
SFCH,Philadelphia Light Mini Tub 140G 4X35g
SFCH,Primula Cheese  Prawn Tube 140G
SFCH,Primula Cheese  Ham Tube 140G
SFCH,Primula Original Cheese Tube 140G
SFCH,Philadelphia Intense Garlic  Herb Soft Cheese 140G
SFCH,Philadelphia Intense Herbes Provence Soft Cheese 140G
SFCH,Dairylea Cheese Spread 270G
SFCH,Grahams Natural Cottage Cheese Full Fat 300G
SFCH,Tesco Soft Cheese Plain Full Fat 200G
SFCH,Tesco 50 Less Fat Soft Cheese 200G
SFCH,Tesco Soft Cheese 50 Less Fat Garlic  Herb 200G
SFCH,Lactofree Soft White Cheese 200G
SFCH,Philadelphia Chives Soft Cheese 165G
SFCH,Philadelphia Original Soft Cheese 165g
SFCH,Philadelphia Light Soft Cheese 165g
SFCH,Sainsbury's White Soft Cheese 300g
SFCH,Boursin Garlic & Herb French Cheese 150g
SFCH,Sainsbury's Cottage Cheese 300g
SFCH,Sainsbury's Light Soft Cheese 250g
SFCH,"Sainsbury's Cottage Cheese, Fat Free 300g"
SFCH,Mary Ann's Dairy Soft Cheese 200g
SFCH,Philadelphia Soft Cheese Mini Tub Light x4 35g
SFCH,Philadelphia Garlic & Herbs Soft Cheese 165g
SFCH,Sainsbury's Cottage Cheese 600g
SFCH,Philadelphia Lightest Soft Cheese 165g
SFCH,Sainsbury's Fat Free Pineapple Cottage Cheese 300g
SFCH,Philadelphia Original Soft Cheese Mini Tubs 140g
SFCH,Seriously Spreadable Cheese 125g
SFCH,Boursin Garlic & Herb French Cheese Portions x6 96g
SFCH,Sainsbury's Roule Cheese 125g
SFCH,Sainsbury's Fat Free Onion & Chive Cottage Cheese 300g
SFCH,Philadelphia Original Soft Cheese 280g
SFCH,Philadelphia Chives Soft Cheese 165g
SFCH,Sainsbury's Light Garlic & Herb Soft Cheese 250g
SFCH,Seriously Spreadable Cheese Lighter 125g
SFCH,Seriously Spreadable Vintage Cheese 125g
SFCH,Castello Pineapple & Almond Cream Cheese Ring 125g
WHMK,Cravendale Filtered Whole Milk 2 Litre
WHMK,Arla Big Milk 2Ltr
WHMK,Yeo Valley Organic Whole Milk 2 Litre
WHMK,Tesco Organic Free Range Whole Milk 1136L 2 Pint
WHMK,Cravendale Whole Milk 1 Litre
WHMK,Tesco Organic Whole Milk 2272L4 Pints
WHMK,Tesco Whole Milk 568Ml1 Pint
WHMK,Tesco Whole Milk 2 Pints113L
WHMK,Grahams Gold Smooth Milk 1 Litre
WHMK,Tesco Finest Jersey Whole Milk 1L
WHMK,Tesco Filtered Whole Milk 2 Litre
WHMK,Tesco Whole Milk 2272L4 Pints
WHMK,Tesco Salmon Side 1Kg
WHMK,Sainsbury's British Whole Milk 2.27L (4 pint)
WHMK,Sainsbury's British Whole Milk 1.13L (2 pint)
WHMK,Sainsbury's British Whole Milk 3.4L (6 pint)
WHMK,"Sainsbury's British Whole Milk, SO Organic 2.27L (4 Pint)"
WHMK,Cravendale Filtered Fresh Whole Milk 2L Fresher for Longer
WHMK,Sainsbury's British Whole Milk 568ml (1 pint)
WHMK,Yeo Valley Organic Fresh Whole Milk 2L
WHMK,"Graham's Whole Milk, Organic 1L"
