BAKA,Panini 4 Pack
BAKA,Tesco Chunky Cheese Rolls 4 Pack
BAKA,Ciabatta Roll 4 Pack
BAKA,St Pierre 6 Brioche Burger Buns
BAKA,Tesco Large White Hot Dog Rolls 6 Pack
BAKA,Big Bite Soft White Roll 6Pack
BAKA,6 Pack White Finger Rolls
BAKA,6 Pack Soft White Rolls
BAKA,Large White Bap 4 Pack
BAKA,Baker Street Burger Buns 6 Pack
BAKA,Baker Street 4 Hot Dog Rolls
BAKA,Tesco Finest 4 Mango  Passion Fruit Buttermilk Pancakes
BAKA,Warburtons Sliced Sandwich Rolls 12 Pack
BAKA,Tesco Finest 4 Onion Brioche Hot Dog Rolls
BAKA,Tesco Finest 4 Brioche Burger Buns
BAKA,Tesco Wholemeal Deli Rolls 4 Pack
BAKA,Warburtons Hot Dog Rolls X 6
BAKA,Tesco Fire Pit 6 Jumbo Brioche Hot Dog Rolls
BAKA,Tesco 4 Brioche Buns
BAKA,Tesco Finest 2 Turmeric Brioche Burger Buns
BAKA,Warburtons 6 Sliced Sandwich Rolls
BAKA,Tesco Large Wholemeal Baps 4 Pack
BAKA,Tesco 4 Large White Baps
BAKA,Tesco Large Seeded Burger Buns 4 Pack
BAKA,Tesco Finest 6 Mini Brioche Buns
BAKA,Tesco Wholemeal Batch Rolls 6 Pack
BAKA,Tesco White Batch Rolls 6 Pack
BAKA,Bfree Demi Baguette 2 Pack 220G
BAKA,"New York Bakery Co. Bagels, Plain x5"
BAKA,New York Bakery Co. Onion & Chive Bagels x5
BAKA,Paul Hollywood Ready to Bake Multi-Seed Rolls x4
BAKA,"New York Bakery Co. Bagels, Plain x5"
BAKA,"New York Bakery Co. Bagels, Cinnamon & Raisin x5"
BAKA,St. Pierre Brioche Burger Buns x6
BAKA,Warburtons 4 Seeded Protein Thin Bagels
BAKA,Daily's White Rolls x4 300g
BAKA,Sainsbury's Mini Ciabatta Roll
BAKA,Warburtons Sliced White Rolls x12
BAKA,Daily's Wholemeal Rolls x4 300g
BAKA,Warburtons Gluten Free Super Soft Sliced Square Rolls x4 240g
BAKA,Sainsbury's Stonebaked Ciabatta Rolls x4
BAKA,Schar Gluten Free Brown Ciabatta Rolls x4
BAKA,"Sainsbury's Artisan Seeded Sourdough Pave, Taste the Difference 400g"
BAKA,Sainsbury's Super Seed Grain Large Rolls Taste the Difference x4
BAKA,Warburtons 6 Soft Sliced White Rolls
BAKA,Plant Pioneers Brioche Style Burger Buns x2 140g
BAKA,"New York Bakery Co. Bagels, Wholemeal x5"
BAKA,Schar Gluten Free White Ciabatta Rolls x4
BAKA,Sheldons Brown Oven Bottom Muffins x4
BAKA,Warburtons 6 Soft Sliced Wholemeal Rolls
BAKA,Genius White Rolls 280g
BAKA,Sainsbury's Super Seed Grain Rolls Taste the Difference x6
BAKA,Sainsbury's Plain Bagel x5
BAKA,Bfree Tiger Rolls 4x60g
BAKA,St Pierre Burger Buns x4
BAKA,Genius Ciabatta Rolls x2
BAKA,Mr Kipling Manor House Cake Each
BAKA,Tesco Finest Free From Carrot Cake
BAKA,Mr Kipling Lemon Loaf Cake  Crumble 210G
BAKA,Tesco Free From Lemon Loaf Cake
BAKA,Tesco Angel Layer Cake Each
BAKA,Tesco Banana Loaf Cake
BAKA,Tesco Lemon Loaf Cake
BAKA,Tesco Coconut  Raspberry Loaf Cake
BAKA,Soreen Sliced Malt Loaf 290G
BAKA,Norfolk Cake Co Mixed Fruit Loaf Cake
BAKA,Tesco Raspberry Sponge Cake Each
BAKA,Tesco Coconut Sponge Cake Each
BAKA,Tesco Iced Coffee Cake
BAKA,Tesco Genoa Cake Each
BAKA,Tesco Lemon Iced Madeira Cake Each
BAKA,Tesco Strawberry Jam Victoria Sponge 360G
BAKA,Tesco Strawberry  Cream Swiss Roll
BAKA,Soreen Original Malt Loaf 260G
BAKA,Tesco Madeira Cake
BAKA,Tesco Lemon Swiss Roll
BAKA,Tesco Walnut Cake
BAKA,Soreen Banana Loaf 260G
BAKA,Tesco Iced Madeira Cake Each
BAKA,Tesco Chocolate Brownie Bar Cake
BAKA,Mcvities Jamaica Ginger Cake Each
BAKA,Mcvities Original Lyles Golden Syrup Cake
BAKA,Tesco Finest Chocolate Cake
BAKA,Tesco Double Chocolate Swiss Roll
BAKA,Tesco Chocolate Mega Loaf
BAKA,Tesco Finest Lemon Drizzle Cake Each
BAKA,Tesco Finest Coffee  Walnut Cake Each
BAKA,Ms Mollys Raspberry Swiss Roll
BAKA,"Sainsbury's Victoria Sponge Cake, Taste the Difference 345g (Serves 6)"
BAKA,"Sainsbury's Colombian Coffee Cake, Taste the Difference 400g (Serves 6)"
BAKA,Sainsbury's Cherry Bakewells x6 240g
BAKA,"Sainsbury's Chocolate Cake, Taste The Difference 395g (Serves 6)"
BAKA,"Sainsbury's Carrot Cake, Taste the Difference 395g (Serves 6)"
BAKA,"Sainsbury's Lemon Cake, Taste the Difference 405g"
BAKA,Sainsbury's Jaffa Cakes x24 282g
BAKA,Real Lancashire Eccles Cakes x4
BAKA,Sainsbury's Fresh Custard Slices x2 180g
BAKA,Sainsbury's Cherry Madeira Cake (Serves 8)
BAKA,Sainsbury's Walnut Cake (Serves 8)
BAKA,Sainsbury's Lemon Iced Madeira Cake (Serves 8)
BAKA,Sainsbury's Strawberry Jam & Cream Victoria Sponge 340g
BAKA,Mr Kipling Manor House Cake 390g (Serves 6)
BAKA,Sainsbury's Madeira Cake 275g (Serves 8)
BAKA,Sainsbury's Angel Cake 250g
BAKA,Bfree Sweet Potato Gluten Free Wrap 6X42g
BAKA,Warburtons Gluten Free White Wraps 4 Pack
BAKA,Old El Paso 6 Regular Gluten Free Tortilla 216G
BAKA,Old El Paso 8 Tortilla Pockets 223G
BAKA,Capsicana 6 Large Tortilla Wheat Flour Wraps 390G
BAKA,Old El Paso Stand N Stuff Soft Flour Tortillas 8Pk 193G
BAKA,Capsicana 8 Mini Tortilla Wheat Flour Wraps 240G
BAKA,Old El Paso Large Super Soft Flour Tortillas 6 Pack 350G
BAKA,Weight Watchers Wraps 6 Pack
BAKA,Deli Kitchen 4 Sliced Focaccia 360G
BAKA,Crosta  Mollica 6 Durum Wheat Piadina Midi Flatbreads 240G
BAKA,Crosta  Mollica 6 Whole Blend Piadina Midi Flatbreads 240G
BAKA,Deli Kitchen 4 Greek Style Flatbreads 320G
BAKA,Mission Deli 6 Wheat  White Mini Wraps
BAKA,Old El Paso Super Soft Flour Tortillas Whole Wheat 8Pk 326G
BAKA,Mission Deli Mini Wrap Original 6 Pack
BAKA,Old El Paso Regular Super Soft Flour Tortillas 8Pk 326G
BAKA,Mission Deli Wheat  White Wraps 6 Pack 367G
BAKA,Mission Deli Original Wraps Super Soft 6 Pack 367G
BAKA,Tesco 8 Mini White Tortilla Wraps
BAKA,Old El Paso Corn Tortillas 335G
BAKA,Deli Kitchen 6 Brioche Style Tortilla Wraps 366G
BAKA,Tesco Folded Flatbreads Plain 6 Pack
BAKA,Tesco Malted Grain  Rye Folded Flatbread 6 Pack
BAKA,Tesco 8 Plain Tortilla Wraps
BAKA,Tesco 8 Wholemeal Tortilla Wraps
BAKA,Deli Kitchen 6 Carb Lite Wraps 300G
BAKA,HW Nevills 8 Plain Tortilla Wraps
BAKA,HW Nevills 8 Wholemeal Tortilla Wrap
BAKA,Crosta & Mollica Piadina Golden Durum Wheat Italian Flatbreads Wraps x4 300g
BAKA,Old El Paso Large Soft Flour Tortilla Wraps x6 350g
BAKA,Crosta & Mollica Piadina Organic Wholeblend Italian Flatbreads Wraps x4 300g
BAKA,Old El Paso Regular Soft Flour Tortilla Wraps x8 326g
BAKA,Deli Kitchen Carb Lite Wraps x6 300g
BAKA,Mission Deli Mini Plain Tortillas x6
BAKA,Mission Deli Wrap Wheat & White x6
BAKA,Sainsbury's Mini Tortilla Wraps x8
BAKA,Friend Birthday Card Pink with Cute Character and Sentiment Greeting Card
BAKA,Old El Paso Regular Soft Whole Wheat Tortilla Wraps x8 326g
BAKA,Sainsbury's Plain Tortilla Wraps x8
BAKA,Warburtons Gluten Free White Wraps x4
BAKA,Sainsbury's Wholemeal Tortilla Wraps x8
BAKA,Sainsbury's Non Stick Baking Sheets x20
BAKA,Mission Deli Wrap Plain x6
BAKA,BFree Sweet Potato Wraps x6
BAKA,Mission Deli Mini Wraps x6 186g
BAKA,Old El Paso Regular Soft Flour Tortilla Wraps x12 489g
BAKA,Old El Paso Mexican Tortilla Wrap Pockets x8 223g
BAKA,Sainsbury's Plain Flour Tortillas x8 320g
BAKA,Sainsbury's Wholemeal Tortilla Wraps x8 512g
BAKA,Sainsbury's Plain Tortilla Wraps x8 496g
BAKA,Tesco Crusty White Farmhouse Loaf Sliced 800G
BAKA,Tiger Loaf Sliced 800G
BAKA,Crusty White Sandwich Loaf Sliced 800G
BAKA,Tiger Loaf Sliced 400G
BAKA,Warburtons Sliced Tiger Bread 600G
BAKA,Warburtons Farmhouse White Bread 800G
BAKA,Warburtons Old English White Bread 400G
BAKA,Kingsmill Soft White Medium Bread 800G
BAKA,Hovis Soft White Medium Bread 800G
BAKA,Hovis Soft White Thick Bread 800G
BAKA,Warburtons Toastie Sliced White Bread 800G
BAKA,Warburtons Medium Sliced White Bread 800G
BAKA,Tesco Finest White Loaf With Sourdough 800G
BAKA,Tesco White Farmhouse 800G
BAKA,Tesco Toastie White Bread Thick 800G
BAKA,Tesco White Bread 800G
BAKA,H W Nevills White Bread 800G
BAKA,White Farmhouse 800G
BAKA,Tiger Bloomer 800G
BAKA,Crusty White Sandwich Loaf 800G
BAKA,Tiger Bloomer 400G
BAKA,Crusty White Farmhouse Loaf 400G
BAKA,Crusty White Split Tin 800G
BAKA,Crusty White Bloomer 800G
BAKA,Petit Pain 4 Pack
BAKA,Crusty White Bloomer 400G
BAKA,Warburtons Milk Roll Soft Medium Sliced White Bread 400g
BAKA,Hovis Soft Medium Sliced White Bread 800g
BAKA,Black Sheep Craft White Bloomer 800g
BAKA,Black Sheep Craft Tiger Bloomer 800g
BAKA,Schar White Wholesome Loaf 300g
BAKA,Jason's Sourdough White Ciabattin 580g
BAKA,Hovis Soft Thick Sliced White Bread 800g
BAKA,Kingsmill Soft White Bread Thick 800g
BAKA,Warburtons Premium Old English White Bread 400g
BAKA,Warburtons Extra Thick Sliced White Bread 800g
BAKA,"Sainsbury's White Sourdough Bloomer Thick Sliced, Taste the Difference 800g"
BAKA,Sainsbury's Free From White Sliced Loaf 535g
BAKA,Warburtons Soft Farmhouse Thick Sliced White Bread 800g
BAKA,Hovis Farmhouse 800g
BAKA,Kingsmill No Crusts Soft Medium Sliced White Bread 400g
BAKA,Warburtons White Batch Bloomer 800g
BAKA,"Sainsbury's Multiseed Loaf, Taste the Difference 800g"
BAKA,Sainsbury's Wholemeal Bread SO Organic 400g
BAKA,"Sainsbury's Sourdough Pave, Taste the Difference 400g"
BAKA,Sainsbury's Giraffe Bread (Tiger) 800g
BAKA,Sainsbury's Kalamata Olive Bread Taste the Difference 400g
BAKA,Sainsbury's Giraffe Bread (Tiger) 400g
BAKA,Sainsbury's Multiseed Loaf Taste the Difference 400g
BAKA,Sainsbury's Farmhouse Loaf White Bread 800g
BAKA,Sainsbury's San Francisco Style Sourdough Taste the Difference 400g
BAKA,Sainsbury's Sandwich Loaf White Bread 800g
BAKA,Sainsbury's White Bread SO Organic 400g
BAKA,"Sainsbury's Pain De Campagne, Taste the Difference 400g"
BAKA,"Sainsbury's Hand-Crafted Sourdough Bloomer, Taste The Difference 400g"
BAKA,Sainsbury's White Bloomer 400g
BAKA,Sainsbury's White Bloomer 800g
BAKA,"Sainsbury's Stonebaked White Baton, Taste the Difference"
BAKA,Tesco Hi Fibre Wholemeal Loaf 800G
BAKA,Tesco Hi Fibre Malted Loaf 800G
BAKA,Tesco Hi Fibre Malted Loaf 800G Sliced
BAKA,Tesco Hi Fibre Wholemeal Loaf 800G Sliced
BAKA,Tesco Hi Fibre Wholemeal Loaf 400G
BAKA,Tesco Hi Fibre Wholemeal Loaf 400G Sliced
BAKA,Tesco Hi Fibre Malted Loaf 400G
BAKA,Tesco Hi Fibre Malted Loaf 400G Sliced
BAKA,Hovis Granary Wholemeal Bread 800G
BAKA,Hovis Wholemeal Thick Bread 800G
BAKA,Hovis Wholemeal Medium Bread 800G
BAKA,Kingsmill Tasty Wholemeal Medium Bread 800G
BAKA,Warburtons Wholemeal Medium Bread 800G
BAKA,Tesco Finest Wholemeal Loaf 800G
BAKA,Tesco Wholemeal Medium Bread 800G
BAKA,Tesco Toastie Wholemeal Thick Bread 800G
BAKA,H W Nevills Wholemeal Bread 800G
BAKA,Sainsbury's Medium Sliced Wholemeal Bread 800g
BAKA,"Sainsbury's Soft Multiseed Farmhouse Thick Sliced Wholemeal Bread, Taste the Difference 800g"
BAKA,Warburtons Medium Sliced Wholemeal Bread 400g
BAKA,Hovis Medium Sliced Wholemeal Bread 800g
BAKA,Warburtons Medium Sliced Wholemeal Bread 800g
BAKA,Hovis Nimble Medium Sliced Wholemeal Bread 400g
BAKA,Hovis Thick Sliced Wholemeal Bread 800g
BAKA,Sainsbury's Thick Sliced Wholemeal Bread 800g
BAKA,Allinson The Champion Medium Sliced Wholemeal Bread 650g
BAKA,Daily's Medium Sliced Wholemeal Bread 800g
BAKA,"Sainsbury's Soft Multiseed Wholemeal, Taste the Difference 430g"
BAKA,Hovis Medium Sliced Wheatgerm Bread 400g
BAKA,Warburtons Danish Lighter Wholemeal Bread 400g
BAKA,Sainsbury's Wholemeal Bread Medium 400g
BAKA,Kingsmill No Crusts Medium Sliced Wholemeal Bread 400g
BAKA,Warburtons Wholemeal Thick Bread 400g
BAKA,Schar Gluten Free Wholesome Seeded Loaf 300g
BAKA,Warburtons Speciality Multi Grain and Seed Bread 400g
BAKA,Hovis Granary Cob 450g
BAKA,Warburtons Big 21 Seeds 700g
BAKA,Warburtons Plant Power 700g
BAKA,Vogel Seeded Wholemeal Bread 800g
BAKA,Hi-Lo Seeded Medium Sliced Wholemeal Bread 400g
BAKA,Promise Gluten Free Chia and Quinoa Loaf 480g
BAKA,Mcdougalls Self Raising Flour 11Kg
BAKA,Homepride Self Raising Flour 1Kg
BAKA,Doves Farm Gluten Free Self Raising 1Kg
BAKA,Tesco Organic Self Raising Flour 1Kg
BAKA,Tesco Self Raising Flour 15Kg
BAKA,Stockwell  Co Self Raising Flour 15Kg
BAKA,Allinson Wholemeal Self Raising Flour 1Kg
BAKA,Matthews Flour Organic Super Fine Self Raising Flour 15Kg
BAKA,Sainsbury's Self Raising Flour 1.5kg
BAKA,"Homepride Extra Fine Self Raising Flour, Stay Fresh Pack 1kg"
BAKA,Sainsbury's Self Raising Flour 500g
BAKA,Freee Gluten Free Self Raising White Flour 1kg
BAKA,McDougalls Self Raising Flour 1.1kg
BAKA,McDougalls Speciality Supreme Sponge Self Raising Flour 1kg
BAKA,Allinson Wholemeal Self Raising Flour 1kg
BAKA,Sainsbury's Cream of Tartar 160g
BAKA,Doves Farm Organic White Self Raising Flour 1kg
BAKA,Doves Farm Organic Self Raising Wholemeal Flour 1kg
BAKA,Elephant Atta Medium Chapatti Flour 10Kg
BAKA,Tesco Finest Abbv Very Strong Bread Flour 1Kg
BAKA,Tesco Medium Chapatti Flour 5Kg
BAKA,Tesco Wholemeal Chapatti Flour 10Kg
BAKA,Tesco Focaccia Bread Mix 500G 500G
BAKA,Tesco Ciabatta Bread Mix 500G 500G
BAKA,Tesco Oat  Linseed Bread Mix 500G
BAKA,Tesco Plain Flour 15Kg
BAKA,Stockwell  Co Plain Flour 15Kg
BAKA,Doves Farm Organic Oat Flour 450G
BAKA,Doves Farm Organic Wholemeal 1Kg Buckwheat Flour
BAKA,Doves Farm Organic Malthouse Flour Bread 1Kg
BAKA,Doves Farm Organic White Spelt Flour 1Kg
BAKA,Matthews Flour Eight Grain Strong Multigrain 15Kg
BAKA,Doves Farm Organic Rye Flour 1Kg
BAKA,Doves Farm Organic White Rye Flour 1Kg
BAKA,Matthews Flour Stone Ground Dark Rye Flour 15Kg
BAKA,Matthews Flour Premium White Strong Flour 15Kg
BAKA,Allinsons Garlic  Herb Naan Bread Kit 237G
BAKA,Matthews Cotswold Strong Crunch Flour 15Kg
BAKA,Homepride Premium Milled Extra Fine Flour 1Kg
BAKA,Matthews Flour Organic Plain Fine Flour 15Kg
BAKA,Matthews Flour Organic Super Fine Self Raising Flour 15Kg
BAKA,Tesco Cornflour 500G
BAKA,Doves Farm Organic Spelt Wholemeal Flour 1Kg
BAKA,Doves Farm Organic Brown Rice Flour 290G
BAKA,Elephant Atta Chapatti Flour Wholemeal 10Kg
BAKA,Brown  Polson Cornflour 500G
BAKA,Allinson Wholemeal Plain Flour 1Kg
BAKA,Mcdougalls Plain Flour 11Kg
BAKA,Matthews Flour Stoneground Strong Wholegrain 15Kg
BAKA,Sainsbury's Plain Flour 1.5kg
BAKA,Sainsbury's Strong White Unbleached Bread Flour 1.5kg
BAKA,Sainsbury's Plain Flour 500g
BAKA,Sainsbury's Strong White Unbleached Bread Flour 1.5kg
BAKA,Sainsbury's Strong Stoneground 100% Wholemeal Flour 1.5kg
BAKA,"Homepride Extra Fine Plain Flour, Stay Fresh Pack 1kg"
BAKA,"Sainsbury's Wholegrain Seeded Flour, Taste the Difference 1kg"
BAKA,Allinson Country Grain Bread Flour 1kg
BAKA,Freee Gluten Free Plain White Flour 1kg
BAKA,Doves Farm Organic Strong White Flour 1.5kg
BAKA,Allinson White Strong Bread Flour 3kg
BAKA,McDougalls Plain Flour 1.1kg
BAKA,Doves Farm Organic White Flour 1kg
BAKA,Doves Farm Organic Wholemeal Spelt Flour 1kg
BAKA,McDougalls Instant Thickening Granules 170g
BAKA,Carrs Breadmaker Strong White Flour 1.5kg
BAKA,Sainsbury's Strong Brown Flour 1.5kg
BAKA,"Sainsbury's Very Strong Canadian Bread Flour, Taste the Difference 1kg"
BAKA,Groovy Food Company Coconut Sugar Organic 500G
BAKA,Tesco Dark Brown Soft Sugar 1Kg Bag
BAKA,Tesco Light Brown Soft Sugar 1Kg Pack
BAKA,Silver Spoon Caster Sugar 1Kg
BAKA,Silver Spoon Jam Sugar 1Kg
BAKA,Pure Via Sugar Free Demerara Alternative 200G
BAKA,Pure Via Bakers Secret Icing Sugar Alternative 220G
BAKA,Billingtons Demerara Sugar 1Kg
BAKA,Silver Spoon Icing Sugar 1Kg
BAKA,Tesco Golden Caster 1Kg Bag
BAKA,Billingtons Molasses Sugar 500G
BAKA,Tesco Demerara Sugar 1Kg
BAKA,Tesco Golden Granulated Sugar 1Kg
BAKA,Billingtons Demerara Sugar 500G
BAKA,Billingtons Demerara Rough Cut Cubes 500G
BAKA,Billingtons Golden Granulated Sugar 1Kg
BAKA,Billingtons Light Brown Sugar 500G
BAKA,Billingtons Dark Muscovado 500G
BAKA,Billingtons Light Muscovado 500G
BAKA,Canderel Caster Sugar  Sweetener Blend 370G
BAKA,Silver Spoon Granulated Sugar 5Kg
BAKA,Trade Aid Uk Pure Cane Caster Sugar 1Kg
BAKA,Silver Spoon Royal Icing Sugar 500G
BAKA,Billingtons Golden Caster 1Kg
BAKA,Sainsbury's White Granulated Sugar 1kg
BAKA,Sainsbury's Fairtrade White Granulated Sugar 1kg
BAKA,Sainsbury's White Granulated Sugar 500g
BAKA,Sainsbury's White Granulated Sugar 5kg
BAKA,Sainsbury's Fairtrade Golden Granulated Sugar 1kg
BAKA,Tate & Lyle Fairtrade Cane Sugar White Cubes 500g
BAKA,Billington's Golden Granulated Sugar 1kg
BAKA,Silver Spoon Half Spoon Granulated Sugar 1kg
BAKA,Silver Spoon Half Spoon Granulated Sugar 500g
BAKA,"Sainsbury's Fairtrade Cane Sugar, SO Organic 500g"
BAKA,The Groovy Food Company Organic Coconut Sugar 500g
BAKA,Sainsbury's White Caster Sugar 1kg
BAKA,Sainsbury's Fairtrade Golden Caster Sugar 1kg
BAKA,Sainsbury's White Caster Sugar 500g
BAKA,Sainsbury's Fairtrade White Caster Sugar 1kg
BAKA,"Billington's Natural Golden Caster, Unrefined Cane Sugar 1kg"
BAKA,Billington's Golden Caster Natural Unrefined Cane Sugar 250g
BAKA,Truvia Caster for Baking 360g
BAKA,Sainsbury's Fairtrade Light Soft Brown Sugar 500g
BAKA,Sainsbury's Fairtrade Demerara Cane Sugar 1kg
BAKA,Sainsbury's Fairtrade Demerara Cane Sugar 500g
BAKA,Sainsbury's Fairtrade Golden Granulated Sugar 1kg
BAKA,Sainsbury's Fairtrade Dark Soft Brown Sugar 500g
BAKA,Sainsbury's Fairtrade Demerara Cane Sugar 2kg
BAKA,Sainsbury's Fairtrade Light Brown Soft Sugar 1kg
BAKA,Billington's Golden Granulated Sugar 1kg
BAKA,Billington's Light Muscovado Sugar 500g
BAKA,Billington's Demerara Sugar 500g
BAKA,Sainsbury's Fairtrade Dark Soft Brown Sugar 1kg
BAKA,Billington's Demerara Natural Unrefined Cane Sugar 250g
BAKA,Billington's Dark Muscovado Sugar 500g
BAKA,Billington's Light Brown Soft Natural Unrefined Cane Sugar 500g
MISC,Lindt Lindor Milk Chocolate Truffles Carton 200G
MISC,Ferrero Rocher 24 Pieces Boxed Chocolates 300G
MISC,Cadbury Dairy Milk Chocolate Bar 360G
MISC,Lindt Excellence Dark 70 Cocoa Chocolate Bar 100G
MISC,Ferrero Rocher 16 Pieces Boxed Chocolates 200G
MISC,Maltesers Gift Box Chocolates 310G
MISC,Celebrations Chocolates 300G
MISC,Cadbury Delights Nougat Salted Caramel Chocolate 5X22g
MISC,Cadbury Delights Soft Nougat Hazelnut 5X22g
MISC,Cadbury Delights Soft Nougat Orange  Caramel 5X22g
MISC,Tesco Classic 74 Dark Chocolate 100G
MISC,Nestle Kit Kat Chunky Milk Chocolate Bars Multipack 4 X 40g
MISC,Smarties Chocolate Multipack 4 X 34G
MISC,Maltesers Milk Chocolate Box 110G
MISC,Cadbury Flake Chocolate Bars Multipack 4 X 255g
MISC,Cadbury Dairy Milk Giant Buttons Chocolate Bag 119G
MISC,Cadbury Twirl Chocolate Bars Multipack 4 X 34g
MISC,Cadbury Dairy Milk For Kids 6 Pack 108G
MISC,Cadbury Dairy Milk Caramel Chocolate Bars Multipack 4 X 37g
MISC,Tesco Dark Chocolate Bar 200G
MISC,Tesco Milk Chocolate Raisins 200G
MISC,Tesco Milk Chocolate Peanut 200G
MISC,Tesco Milk Chocolate Bar 200G
MISC,Tesco Crunchy Caramel Chocolate Bars Multipack 5 X 42g
MISC,Tesco Dreamy Caramel Chocolate Bars Multipack 6 X 40g
MISC,Tesco Nutty Nougat Caramel Chocolate Bars Multipack 6 X 40g
MISC,Ms Mollys Dark Chocolate Bar 100G
MISC,Lindt Lindor Assorted Chocolate Truffles 200G
MISC,Cadbury Dairy Milk Chocolate Bar 110g
MISC,Lindt Excellence Dark 70% Cocoa Chocolate Bar 100g
MISC,Cadbury Dairy Milk Chocolate Bar 180g
MISC,Cadbury Dairy Milk Fruit & Nut Chocolate Bar 110g
MISC,Lovett's Dark Chocolate 100g
MISC,Cadbury Dairy Milk Whole Nut Chocolate Bar 120g
MISC,Lindt Excellence Dark Sea Salt Chocolate Bar 100g
MISC,Sainsbury's Dark Chocolate 200g
MISC,Lindt Excellence Dark 90% Cocoa Chocolate Bar 100g
MISC,Lovett's Milk Chocolate 100g
MISC,Lindt Excellence Dark Mint Chocolate Bar 100g
MISC,Lindt Excellence Dark Caramel and Sea Salt Chocolate Bar 100g
MISC,Lindt Excellence Dark Orange Chocolate Bar 100g
MISC,Green & Black's Organic 85% Dark Chocolate Bar 90g
MISC,Lindt Excellence Dark 85% Cocoa Chocolate Bar 100g
MISC,Green & Black's Organic 70% Dark Chocolate Bar 90g
MISC,Lindt Excellence Milk Extra Creamy Chocolate Bar 100g
MISC,Sainsbury's Milk Chocolate 200g
MISC,Sainsbury's Mint Humbugs 200g
MISC,Sainsbury's Butter Mintoes 200g
MISC,Sainsbury's Mint Imperials 200g
MISC,Trebor Extra Strong Peppermint Mints 4x41.3g
MISC,Sainsbury's Mint Assortment 200g
MISC,Polo Original Mints Roll Multipack 4x34g
MISC,Polo Sugar Free Mints Roll Multipack 4x33.4g
MISC,Extra Spearmint Sugarfree Chewing Gum Bottle Pieces x60
MISC,Trebor Softmints Spearmint Mints 4x44.9g
MISC,Extra Peppermint Chewing Gum Sugar Free Multipack 6x10 Pieces
MISC,Extra White Bubblemint Chewing Gum Sugar Free Bottle 46 Pieces
MISC,Walkers Mint Toffees Bag 150g
MISC,Tic Tac Fresh Mint 100 48g
MISC,Extra Peppermint Chewing Gum Sugar Free Large Bottle 90 Pieces
MISC,XXX Extra Strong Peppermints Multipack 5x40.5g
MISC,Extra Cool Breeze Chewing Gum Sugar Free Multipack 6x10 Pieces
MISC,Extra Spearmint Chewing Gum Sugar Free Multipack 6x10 Pieces
MISC,Fox's Glacier Mints 200g
MISC,Airwaves Menthol & Eucalyptus Sugar Free Chewing Gum Bottle 46 Pieces
MISC,Airwaves Menthol & Eucalyptus Chewing Gum Sugar Free Multipack 6x10 Pieces
MISC,Polo Original Mints Roll 34g
MISC,Extra White Bubblemint Chewing Gum Sugar Free Multipack 6x10 Pieces
MISC,Tic Tac Fresh Strong Mint 16.4g
MISC,Polo Spearmint Mints 4x34g
MISC,Extra Ice Peppermint Chewing Gum Sugar Free Bottle 46pcs
MISC,Mentos Chewy Dragees Mint Rolls 5x38g
MISC,Extra White Chewing Gum Sugar Free Bottle 46pcs
MISC,Mentos Fruit Chewy Dragees Rolls 5x38g
MISC,Extra Cool Breeze Chewing Gum Sugar Free Bottle 60pcs
MISC,Trebor Extra Strong Mints 48g
MISC,Extra Ice Peppermint Chewing Gum Sugar Free Multipack 6x10 Pieces
MISC,Mentos Pure Fresh Freshmint Sugar Free Chewing Gum x50 100g
MISC,Extra Refreshers Tropical Flavour Sugarfree Chewing Gum Bottle 30 Pieces
MISC,Extra Strawberry Flavour Sugarfree Chewing Gum Bottle Pieces x60
MISC,Mentos Gum Pure Fresh Freshmint Bottle 50Pc 100G
MISC,Mentos Gum Spearmint 50Pc Btl100g
MISC,Mentos Gum Pure Fresh Bubblefresh 50Pc 97G
MISC,Wrigleys Extra Spearmint Bottle 60 Piece
MISC,Wrigleys Extra Peppermint Gum Bottle 60 Pieces
MISC,Wrigleys Extra Sugar Free Strawberry Gum 60 Pieces 84G
MISC,Wrigleys Extra Refreshers Tropical Chewing Gum 67G
MISC,Wrigleys Extra Refreshers Bubble Mint 30S Gum 67G
MISC,Extra Coolbreeze 60 Piece Bottle 84G
MISC,Wrigleys Extra Spearmint 6X10 Pieces 84G
MISC,Wrigleys Extra Peppermint 6X10 Pieces 84G
MISC,Wrigleys Extra White Bubblemint 6X10 Pieces 84G
MISC,Wrigleys Extra Ice Peppermint 6X10 Pieces 84G
MISC,Wrigleys Extra Cool Breeze 6X10 Pieces 84G
MISC,Wrigleys Airwaves Menthol Eucalyptus 6X10pcs 84G
MISC,Wrigley Extra Bubblemint Gum Bottle 46 Pieces
MISC,Airwaves Menthol  Eucalyptus Gum Bottle 46 Pieces
MISC,Extra White Gum Bottle 46 Pieces64g
MISC,Wrigleys Extra Tropical Chewing Gum Sugar Free 156G
MISC,Wrigleys Extra Sugar Free Apple Flavour Gum 14G
MISC,Wrigleys Extra Sugar Free Blueberry Gum 10 Pieces 14G
MISC,Wrigleys Extra Refreshers Gum Bubblemint 7Pce
MISC,Wrigleys Extra Refreshers Gum Peppermint 7 Pieces
MISC,Wrigleys Hubba Bubba Triple Tape
MISC,Airwaves Blackcurrant Gum 10 Pieces
MISC,Extra Strawberry Gum 10 Pieces
MISC,Extra Spearmint Gum 10 Pieces
MISC,Extra White Peppermint Gum 10 Pieces
MISC,Extra Peppermint Gum 10 Pieces
MISC,Airwaves Menthol  Eucalyptus Gum 10 Pieces
MISC,Extra Ice Peppermint Gum 10 Pieces
MISC,Extra White Bubblemint Gum 10 Pieces
MISC,Extra Cool Breeze Gum 10 Pieces
MISC,Nerds Candy Rainbow Fruit Flavour 1417G
MISC,Maynards Bassetts Wine Gums 350G
MISC,Maynards Bassetts Jelly Babies 350G
MISC,Haribo Maoam Joystixx 140G R
MISC,Squashies Drumsticks 160 G
MISC,Bassetts Jelly Babies 190G
MISC,Bassetts Liquorice Allsorts 190G
MISC,The Natural Confectionery Company Jelly Snakes 130G
MISC,Haribo Maoam Pinballs 140G R
MISC,Haribo Maoam Stripes 140G R
MISC,Tesco Fruit Jellies 200G
MISC,Nerds Candy Watermelon  Cherry 467G
MISC,Nerdsd Candy Grape  Strawberry 467G
MISC,Rowntrees Vegan Fruit Pastilles 4X428G
MISC,Maoam 8 Pack Bloxx Chewy Sweets 176G
MISC,Squashies Drumstick Sour Cherry  Apple 160G
MISC,Tesco Fizzy Strawberry Flavour Lances 75G
MISC,Tesco Fizzy Cola Lances 75G
MISC,Haribo Fruitilicious Fruit Gums 150G
MISC,Haribo Giant Strawbs Fruit Gums 175G
MISC,Rowntrees Pic And Mix Vegan Friendly Sweets 150G
MISC,Rowntrees Vegan Strawberry  Blackcurrant Fruit Pastilles 143G
MISC,Haribo Jelly Babies Double Trouble 175G
MISC,Tesco Mini Jelly Beans 85G
MISC,Hilltop Premium Manuka 100 Mgo Honey Of New Zealand 225G
MISC,Sainsbury's Strawberry Laces Sweets 70g
MISC,Rowntree's Fruit Gums Sweets Sharing Pouches 150g
MISC,Rowntree’s Fruit Pastilles Sweets Tube Multipack 4x42.8g
MISC,Maoam Joystixx Chewy Sweets Bag 140g
MISC,Haribo Giant Strawbs Vegetarian Sweets Bag 175g
MISC,Sainsbury's Jelly Babies Sweets 225g
MISC,Haribo Starmix Mini Bag Multipack Sweets 22x16g
MISC,Sainsbury's Mint Humbugs 200g
MISC,Haribo Tangfastics Sour Sweets Bag 175g
MISC,Haribo Starmix Sweets Bag 175g
MISC,Sainsbury's Butter Mintoes 200g
MISC,Sainsbury's Mint Imperials 200g
MISC,Werther's Original Butter Sweets 135g
MISC,Sainsbury's Fruit Jellies Sweets 225g
MISC,Rowntree’s Fruit Pastilles Sweets Sharing Pouch 143g
MISC,Maynards Bassetts Jelly Babies Sweets Bag 190g
MISC,Swizzels Drumstick Squashies Sweets 160g
MISC,The Natural Confectionery Co. Jelly Snakes Sweets Bag 160g
MISC,Haribo Supermix Sweets Bag 175g
MISC,Maynards Bassetts Wine Gums Sweets Bag 190g
MISC,Sainsbury's Wine Gums Sweets 225g
MISC,Sainsbury's Marshmallows 200g
MISC,Sainsbury's Mint Assortment 200g
MISC,Werther's Original Sugar Free Sweets 80g
MISC,Hilltop Manuka 350Mgo New Zealand Honey 225G
MISC,Rowse Cut Comb In Acacia Honey 340G
MISC,Hilltop Premium Manuka Honey 500 Mgo 225G
MISC,Tesco Finest Grade A Amber Maple Syrup 330G
MISC,Rowse Supahoney Manuka  Honey 250G
MISC,Buckwud Organic Maple Syrup 250G
MISC,Tesco Finest Grade A Dark Maple Syrup 330G
MISC,Pasieka Multiflower Honey 1Kg
MISC,Rowse Organic Squeezy Honey 680G
MISC,Tesco Finest Eucalyptus Honey 340G
MISC,Rowse Squeezy Greek Honey 250G
MISC,Hilltop Everyday Blossom Honey 680G
MISC,Rowse Squeezy Organic Honey 340G
MISC,Rowse Organic Clear 340G
MISC,Rowse Honey Squeezy 680G
MISC,Tesco Organic Squeezy Clear Honey 340G
MISC,Wrigleys Extra White 6X10 Pieces 84G
MISC,Rowse Set Honey 340G
MISC,Tesco Organic Pure Set Honey 340G
MISC,Tesco Finest Acacia Honey 340G
MISC,Rowse Squeezy Light  Mild Honey 340G
MISC,Hilltop Everyday Blossom Honey 720G
MISC,Rowse Squeezy Clear Honey 340G
MISC,Rowse Squeezy Honey Dark  Rich 340G
MISC,Hubbard's Clear Honey 340g
MISC,Sainsbury's Set Honey 454g
MISC,Rowse Original Squeezy Honey 680g
MISC,Sainsbury's Clear Honey 454g
MISC,Rowse Original Squeezy Honey 250g
MISC,Rowse Natural Blossom Honey Squeezy 340g
MISC,"Sainsbury's Clear Honey, SO Organic 340g"
MISC,Rowse Set Honey 340g
MISC,Hilltop Everyday Blossom Honey 720g
MISC,Rowse Mild & Light Squeezy Honey 340g
MISC,Littleover Clear Wildflower Honey 340g
MISC,Rowse Organic Squeezy Honey 340g
MISC,Hilltop Honey Blossom Honey 340g
MISC,Rowse Clear Honey 340g
MISC,"Sainsbury's Set Honey, SO Organic 340g"
MISC,Odysea Greek Pine & Fir Tree Raw Honey 250g
MISC,Rowse Dark & Rich Honey 340g
MISC,Littleover English Set Honey 340g
MISC,"Sainsbury's Squeezy Honey, SO Organic 340g"
MISC,Sainsbury's Manuka Runny Honey 227g
MISC,Rowse Acacia Honey Squeezy 250g
MISC,"Sainsbury's Orange Blossom Honey, Taste the Difference 340g"
MISC,Clarks Organic Agave Syrup 250ml
MISC,Sainsbury's Manuka Honey 10+ 340g
MISC,Bonne Maman Black Cherry Conserve 370G
MISC,Bonne Maman Wild Blueberry Conserve 370G
MISC,Bonne Maman Strawberry  Wild Strawberry Conserve 370G
MISC,Bonne Maman Apricot Compote 380G
MISC,Bonne Maman Raspberry Conserve 370G
MISC,Tesco Finest Strawberry Conserve 340G
MISC,Bonne Maman Cherry Compote 385G
MISC,Bonne Maman Damson Plum Conserve 370G
MISC,Bonne Maman BerriesCherries Conserve 370G
MISC,Tesco Finest Blackcurran Conserve 340G
MISC,Bonne Maman Peach Conserve 370G
MISC,Bonne Maman Apricot Conserve 370G
MISC,Bonne Maman Strawberry Conserve 370G
MISC,Bonne Maman Blackcurrant Conserve 370G
MISC,Bonne Maman Intense Strawberry Jam 335G
MISC,Bonne Maman Intense Raspberry Jam 335G
MISC,Bonne Maman Intense Apricot Jam 335G
MISC,Tesco Finest Apricot Conserve 340G
MISC,Lowicz Plum Butter Jam 290G
MISC,Hartleys Best Strawberry Jam 340G
MISC,Hartleys Best Black Cherry Jam 340G
MISC,Mackays Scottish Strawberry Preserve 340G
MISC,Mackays Seedless Bramble Preserve 340G
MISC,Streamline Reduced Sugar Strawberry Jam 340G
MISC,Hubbard's Foodstore Strawberry Jam 454g
MISC,"Sainsbury's Strawberry Conserve, Taste the Difference 340g"
MISC,Sainsbury's Strawberry Jam 454g
MISC,"Sainsbury's Strawberry Conserve, Taste the Difference 340g"
MISC,Hartley's Strawberry Seedless Jam 300g
MISC,Bonne Maman Apricot Conserve 370g
MISC,"Sainsbury's Raspberry Conserve, Taste the Difference 340g"
MISC,"Sainsbury's Raspberry Jam, Seedless 454g"
MISC,Bonne Maman Raspberry Conserve 370g
MISC,Sainsbury's Apricot Jam 454g
MISC,Sainsbury's Blackcurrant Jam 454g
MISC,"Sainsbury's Blackcurrant Conserve, Taste the Difference 340g"
MISC,Sainsbury's Reduced Sugar Strawberry Jam 415g
MISC,Sainsbury's Raspberry Jam 454g
MISC,Sainsbury's Ginger Preserve 454g
MISC,Hartley's Best of Raspberry Seedless Jam 300g
MISC,St. Dalfour Strawberry Fruit Spread 284g
MISC,Bonne Maman Blackcurrant Conserve 370g
MISC,Hartley's Strawberry Jam 300g
MISC,"Sainsbury's Apricot Conserve, Taste the Difference 340g"
MISC,Sainsbury's Seedless Strawberry Jam 454g
MISC,St. Dalfour Raspberry Fruit Spread 284g
MISC,Sainsbury's Taste the Difference Chilli Jam Spicy & Sweet 200g
MISC,St. Dalfour Orange Thick Cut Fruit Spread 284g
MISC,Itsu Seaweed Thins Sea Salt 5G
MISC,Discos Salt  Vinegar Grab Bag Crisps 50G
MISC,Tyrrells Mixed Root Vegetable Crisps 40G
MISC,Walkers Baked Ready Salted 375G
MISC,Doritos Cool Original Corn Chips 48G
MISC,Propercorn Sweet  Salty 30G
MISC,Walkers Less Salt Lightly Salted Crisps 45G
MISC,Nik Naks Nice N Spicy Grab Bag Crisps 45G
MISC,Hula Hoops Big Hoops Salted Grab Bag 45G
MISC,Hula Hoops Big Hopps Salt  Vinegar Grab Bag 45G
MISC,Hula Hoops Big Hoops Salted Grab Bag 45G
MISC,Mccoys Sizzling King Prawn Grab Bag Crisps 45G
MISC,Walkers Baked Cheese  Onion 375G
MISC,Doritos Chilli Heatwave Corn Chips 48G
MISC,Mccoys Cheddar  Onion Grab Bag Crisps 45G
MISC,Doritos Tangy Cheese Corn Chips 48G
MISC,Mccoys Thai Sweet Chicken Grab Bag Crisps 45G
MISC,Mccoys Salt  Vinegar Grab Bag Crisps 45G
MISC,Big Hoops Bbq Beef Grab Bag Crisps 45G
MISC,Mccoys Flame Grilled Steak Grab Bag 45G
MISC,Pringles Pop  Go Original 40G
MISC,Walkers Less Salt Mild Cheese  Onion Crisps 45G
MISC,Wotsits Cheese 36G
MISC,Walkers Ready Salted Crisps 45G
MISC,Pringles Sour Cream  Onion 40G
MISC,Walkers Max Flamin Hot Crisps 50G
MISC,Squares Salt  Vinegar 40G
MISC,Walkers Salt  Vinegar Crisps 45G
MISC,Walkers Prawn Cocktail Crisps 45G
MISC,Walkers Max Paprika Crisps 50G
MISC,Heinz Top Down Squeezy Tomato Ketchup Sauce 700G
MISC,Tyrrells Hand Cooked Mediterranean Herb Flavour English Crisps 150g
MISC,Tyrrells Lightly Sea Salted Sharing Crisps 150g
MISC,Tyrrells Sweet Chilli & Red Pepper Sharing Crisps 150g
MISC,Pringles Sour Cream & Onion Sharing Crisps 200g
MISC,Pringles Original Sharing Crisps 200g
MISC,Doritos Cool Original Sharing Tortilla Chips Crisps 180g
MISC,"Just Snax Tortilla Chips, Basics 200g"
MISC,Doritos Chilli Heatwave Sharing Tortilla Chips Crisps 180g
MISC,Pringles Salt & Vinegar Sharing Crisps 200g
MISC,"Sainsbury's Gourmet Sea Salt Crisps, Taste the Difference 150g"
MISC,Pringles Texas BBQ Sauce Flavour Sharing Crisps 200g
MISC,Popchips Barbeque Multipack Crisps 5pk
MISC,Sensations Thai Sweet Chilli Sharing Crisps 150g
MISC,Doritos Tangy Cheese Sharing Tortilla Chips Crisps 180g
MISC,"Sainsbury's Cheddar & Spring Onion Crisps, Taste the Difference 150g"
MISC,"Sainsbury's Sea Salt & Cider Vinegar Crisps, Taste the Difference 150g"
MISC,Sainsbury's Tortilla Chips Salted 200g
MISC,Tyrrells Cider Vinegar & Salt Sharing Crisps 150g
MISC,Kettle Chips Sea Salt & Balsamic Vinegar of Modena Sharing Crisps 130g
MISC,Pringles Paprika Sharing Crisps 200g
MISC,Popchips Sour Cream & Onion Multipack Crisps 5pk
MISC,Sainsbury's Tortilla Chips Cool 200g
MISC,Sainsbury's Ready Salted Potato Sticks 150g
MISC,Tyrrells Cheddar Cheese & Chive Sharing Crisps 150g
MISC,Properchips Sea Salt Lentil Chips 85g
MISC,Jacob's Cracker Crisps Sour Cream & Chive 150g
MISC,Pringles Prawn Cocktail Flavour Sharing Crisps 200g
MISC,Kettle Chips Sea Salt & Crushed Black Peppercorns Sharing Crisps 130g
MISC,Kettle Chips Sweet Chilli & Sour Cream Sharing Crisps 130g
MISC,Pringles Cheese & Onion Sharing Crisps 200g
MISC,Sainsbury's Bacon Crispies 140g
MISC,Hellmanns Light Squeezy Mayonnaise 750Ml
MISC,Hellmanns Real Squeezy Mayonnaise 750Ml
MISC,Heinz Top Down Tomato Ketchup 910G
MISC,Heinz Top Down Squeezy Tomato Ketchup Sauce 460G
MISC,Colmans Original English Mustard 100G
MISC,Branston Piccalilli 360G
MISC,Tesco Seafood Sauce 250Ml
MISC,Tesco Finest Cranberry Sauce 220G
MISC,Baxters Baby Beetroot 567G
MISC,Tesco Whole Pickled Gherkins 680G
MISC,Colmans Mint Sauce 165G
MISC,Hp Top Down Brown Sauce 450G
MISC,Branston Small Chunk Pickle 720G
MISC,Hellmanns Real Squeezy Mayonnaise 430Ml
MISC,Branston Pickle 720G
MISC,Colmans Horseradish Sauce 136G
MISC,Colmans Seafood Sauce 155G
MISC,Colmans Bramley Apple Sauce 155G
MISC,Tesco Mango Chutney 230G
MISC,Colmans Tartare Sauce 144G
MISC,Heinz Salad Cream 425G
MISC,Tesco Finest Red Onion Chutney 230G
MISC,Tesco Pickled Red Cabbage 340G
MISC,Tesco Pitted Black Olives 330G
MISC,Branston Small Chunk Pickle 360G
MISC,Daddies Tomato Ketchup 400G
MISC,Tesco Mini Cornichons 340G
MISC,Tesco Pitted Green Olives In Brine 340G
MISC,Tesco Fire Pit Cola Ketchup 280Ml
MISC,Ocean Spray Smooth Cranberry Sauce 250G
MISC,Ocean Spray Whole Berry Cranberry Sauce 250G
MISC,Tesco Pickled Silverskin Onions 440G
MISC,Tesco Salad Cream 450Ml
MISC,Tesco Sweet Pickled Silverskin Onions 440G
MISC,Tesco Pickled Sliced Beetroot 340G
MISC,Tesco Tomato Ketchup 555G
MISC,Tesco Sweet Piccalilli 350G
MISC,Tesco Tomato Ketchup 890G
MISC,Tesco Wholegrain Mustard 180G
MISC,Tesco Mayonnaise 500Ml
MISC,Tesco Mint Sauce 185G
MISC,Tesco Traditional Pickled Onions 440G
MISC,Tesco Cranberry Sauce 200G
MISC,Tesco Dijon Mustard 185G
MISC,Tesco Bramley Apple Sauce 270G
MISC,Sharwoods Green Label Mango Chutney 530G
MISC,Kettle Sea Salt  Balsamic Vinegarcrisps40g
MISC,Tesco Tartare Sauce 175G
MISC,Heinz Tomato Ketchup Squeezy 250g
MISC,Heinz Top Down Ketchup 460g
MISC,Heinz Tomato Ketchup 910g
MISC,Heinz Tomato Ketchup 700g
MISC,Sainsbury's Tomato Ketchup Sauce 460g
MISC,Heinz Seriously Good Mayonnaise 540g
MISC,Heinz Seriously Good Light Mayonnaise 570g
MISC,Sainsbury's Balsamic Vinegar Of Modena 1 Leaf 250ml
MISC,"Sainsbury's Caesar Salad Dressing, Be Good To Yourself 250ml"
MISC,"Sainsbury's Honey & Mustard Dressing, Be Good To Yourself 250ml"
MISC,Heinz Seriously Good Mayonnaise 775g
MISC,Pizza Express House Light Salad Dressing 235ml
MISC,"Sainsbury's French Dressing, Be Good To Yourself 250ml"
MISC,Hellmann's Fat Free Vinaigrette 250ml
MISC,GOOD4U Protein Salad Topper Super Seeds 150g
MISC,Top Taste Crispy Onions 100g
MISC,Heinz Seriously Good Light Mayonnaise 815g
MISC,Cardini's Original Caesar Dressing 250ml
MISC,"Sainsbury's Balsamic Vinegar, SO Organic 250ml"
MISC,Sainsbury's Dark Soy Sauce 150ml
MISC,Sainsbury's Light Soy Sauce 150ml
MISC,Sainsbury's Soy Sauce Reduced Salt 150ml
MISC,Lea & Perrins Worcestershire Sauce 150ml
MISC,"Kikkoman Soy Sauce, Naturally Brewed 150ml"
MISC,Sainsbury's Worcester Sauce 150ml
MISC,HP Squeezy Brown Sauce 450g
MISC,Hubbard's Foodstore Brown Sauce 450g
MISC,HP Brown Sauce 255g
MISC,Daddies Brown Sauce 400g
MISC,HP The Original Brown Sauce 600g
MISC,HP Fruity Sauce 470g
MISC,Sainsbury's BBQ Sauce 500g
MISC,Nando's Peri Peri Rub Medium 25g
MISC,Heinz Classic BBQ Sauce 480g
MISC,Heinz Classic BBQ Sauce 665g
MISC,Heinz Sweet BBQ Sauce 500g
MISC,Sainsbury's Tartare Sauce 250ml
MISC,Sainsbury's Mint Sauce 250ml
MISC,Sainsbury's Bramley Apple Sauce 420ml
MISC,Colman's Tartare Sauce 144g
MISC,Sainsbury's Horseradish Sauce 160ml
MISC,Colman's Bramley Apple Sauce 155g
MISC,Sainsbury's Seafood Sauce 250ml
MISC,Colman's Mint Sauce 165g
MISC,Sainsbury's Redcurrant Jelly 250ml
MISC,Sainsbury's Dijon Mustard 185g
MISC,Colman's Original English Mustard 170g
MISC,Sainsbury's Wholegrain Mustard 180g
ANIP,Pilgrims Choice Mature Cheddar 550G
ANIP,Pilgrims Choice Extra Mature Cheddar 550G
ANIP,Tesco Finest Vintage Cheddar 300G
ANIP,Pilgrims Choice Extra Mature Cheddar 350G
ANIP,Tesco Medium Cheddar 400G
ANIP,Cathedral City Lighter Cheddar 350G
ANIP,Cathedral City Mature Cheddar 350G
ANIP,Cathedral City Extra Mature 350G
ANIP,Tesco British Mild Cheddar Cheese 400G
ANIP,Tesco Mature 10 Cheddar Slices 250G
ANIP,Cathedral City Matured Sliced 150G
ANIP,Cathedral City Extra Mature Cheddar 550G
ANIP,Cathedral City Mature Cheddar 550G
ANIP,Tesco British Medium Grated Cheddar 250G
ANIP,Tesco Mature Cheddar 400G
ANIP,Tesco 30 Reduced Fat Mature Cheese 400G
ANIP,Tesco Mild 10 Cheddar Slices 250G
ANIP,Tesco Extra Mature Cheddar Cheese 400G
ANIP,Tesco 30 Reduced Fat Extra Mature Cheese 400G
ANIP,Tesco Mature Grated Cheddar 250G
ANIP,Tesco 50 Reduced Fat Mature Grated Cheese 250G
ANIP,Tesco Extra Mature Grated Cheddar 250G
ANIP,Tesco 30 Reduced Fat Mature Cheese Slices 250G
ANIP,Creamfields Mild White Cheddar 400G
ANIP,Creamfields Mild White Cheddar 400G
ANIP,Cathedral City Mature Cheddar Cheese 350g
ANIP,Sainsbury's British Mature Cheddar Cheese 400g
ANIP,Mary Ann's Dairy Mature Cheddar Cheese 600g
ANIP,Sainsbury's British Extra Mature Cheddar Cheese 400g
ANIP,Sainsbury's British Mature Grated Cheddar Cheese 250g
ANIP,Sainsbury's British Medium Cheddar Cheese 400g
ANIP,Sainsbury's West Country Farmhouse Mature Cheddar Cheese 400g
ANIP,Mary Ann's Dairy Grated Cheddar Cheese 500g
ANIP,Sainsbury's Red Leicester Cheese 250g
ANIP,Cathedral City Extra Mature Cheddar Cheese 350g
ANIP,Sainsbury's British Mild Cheddar Cheese 400g
ANIP,"Sainsbury's Barber's Mature Cruncher Cheese, Taste the Difference 350g"
ANIP,Davidstow Cornish Extra Mature Cheddar Cheese 320g
ANIP,Sainsbury's British Mature Cheddar Cheese Slices 240g
ANIP,Cathedral City Lighter Mature Cheddar Cheese 350g
ANIP,Mary Ann's Dairy Mature Cheddar Cheese 900g
ANIP,Pilgrims Choice Extra Mature Cheddar Cheese 550g
ANIP,Cathedral City Mature Cheddar Cheese Slices x6 150g
ANIP,Sainsbury's Lighter Mature Cheese 400g
ANIP,Sainsbury's Grated Four Cheese Mix 250g
ANIP,Sainsbury's British Mature Grated Cheddar Cheese 500g
ANIP,Sainsbury's Double Gloucester Cheese 250g
ANIP,Cathedral City Grated Mature Cheddar Cheese 180g
ANIP,Cathedral City Mini Mature Cheddar Cheeses 6x20g
ANIP,Sainsbury's Lighter Mature Grated Cheese 250g
ANIP,Sainsbury's British Free Range Eggs Large x12
ANIP,Sainsbury's British Free Range Eggs Large x6
ANIP,Sainsbury's British Free Range Eggs Medium x6
ANIP,Sainsbury's British Free Range Eggs Medium x12
ANIP,Sainsbury's Free Range British Eggs Medium x15
ANIP,"Sainsbury's Woodland Free Range Large Eggs, SO Organic x6"
ANIP,Sainsbury's British Free Range Eggs Extra Large x6
ANIP,"Sainsbury's Woodland Free Range Golden Yolked Mixed Weight Eggs, Taste the Difference x6"
ANIP,"Sainsbury's Woodland Free Range Medium Eggs, SO Organic x6"
ANIP,Clarence Court Mabel Pearmans's Burford Browns Large Free Range Eggs x6
ANIP,The Happy Egg Co. Free Range Large Eggs x6
ANIP,Happy Egg Large Free Range Eggs x10
ANIP,Clarence Court Mabel Pearmans's Burford Browns Large Free Range Eggs x10
ANIP,Purely Organic Free Range Eggs x10 540g
ANIP,Clarence Court Mabel Pearmans's Burford Brown Medium Free Range Eggs x6
ANIP,The Happy Egg Co. Free Range Mixed Weight x10 497g
ANIP,Freshlay Family Run Farms Golden Yolks Free Range Eggs x10
ANIP,Two Chicks Liquid Egg White 500g
ANIP,Respectful Medium Carbon Neutral Free Range Eggs x6
ANIP,Clarence Court Old Cotswold Legbar Large Free Range Eggs x6
ANIP,Clarence Court Duck Eggs x6
ANIP,Clarence Court Brown Medium Free Range Eggs 6 Pack
ANIP,Clarence Court Burford Brown Large Free Range Eggs 6 Pack
ANIP,Rymer Farm Eggs Large Free Range 6 Eggs
ANIP,Happy Egg Co Large Free Range Eggs 6 Pack
ANIP,Tesco Finest 6 Free Range Chestnut Maran Eggs
ANIP,Happy Egg Co Free Range Eggs 10 Mixed Weight
ANIP,Tesco Mixed Sized Organic Eggs 6 Pack
ANIP,Happy Egg Co Medium Free Range Eggs 6 Pack
ANIP,Tesco Free Range Eggs Very Large 6 Pack
ANIP,St Ewes 6 Large Free Range Eggs
ANIP,StEwe Rich Yolk Free Range Eggs 6 Pack
ANIP,Tesco Large Free Range Eggs 6 Pack
ANIP,Tesco Large Free Range Eggs 12 Pack
ANIP,Big  Fresh Mixed Sized Eggs 6 Pack
ANIP,Tesco Medium Free Range Eggs 12 Pack
ANIP,Tesco Medium Free Range Eggs 6 Pack
ANIP,Two Chicks Free Range Liquid Egg White 500Ml
ANIP,Clarence Court Old Cotswold Free Range Eggs 6 Pack
ANIP,Big  Fresh Medium Eggs 6 Pack
ANIP,Tesco 10 British Mixed Weight Caged Eggs
ANIP,Tesco Mixed Sized Free Range Eggs 15 Pack
ANIP,Cravendale Semi Skimmed Milk 2 Litre
ANIP,Cravendale Pure Filtered Semi Skimmed Milk 1L
ANIP,Tesco Semi Skimmed Milk 568Ml1 Pint
ANIP,Tesco Semi Skimmed Milk 113L2 Pints
ANIP,Tesco Filtered Semi Skimmed Milk 2 Litre
ANIP,Tesco Filtered Semi Skimmed Milk 1 Litre
ANIP,Tesco British Semi Skimmed Milk 2272L 4 Pints
ANIP,Tesco Semi Skimmed Milk 3408L6 Pints
ANIP,Sainsbury's British Semi Skimmed Milk 2.27L (4 pint)
ANIP,Sainsbury's British Semi Skimmed Milk 1.13L (2 pint)
ANIP,Sainsbury's British Skimmed Milk 2.27L (4 pint)
ANIP,Cravendale Filtered Fresh Semi Skimmed Milk 2L Fresher for Longer
ANIP,Sainsbury's British Skimmed Milk 1.13L (2 pint)
ANIP,Sainsbury's British Semi Skimmed Milk 3.4L (6 pint)
ANIP,Sainsbury's British Filtered Semi Skimmed Milk 2L
ANIP,Cravendale Filtered Fresh Semi Skimmed Milk Fresher for Longer 1L
ANIP,"Sainsbury's British Semi Skimmed Milk, SO Organic 2.27L (4 pint)"
ANIP,Sainsbury's British Semi Skimmed Milk 1 Pint
ANIP,"Sainsbury's British Semi Skimmed Milk, SO Organic 1.13L (2 pint)"
ANIP,Cravendale Filtered Fresh Skimmed Milk Fresher for Longer 2L
ANIP,Violife Vegan Greek White Block 230G
ANIP,Philadelphia Original Soft Cheese 280G
ANIP,Philadelphia Light Soft Cheese 280G
ANIP,Philadelphia Garlic  Herbs Soft Cheese 280G
ANIP,Philadelphia Plant-Based Almond  Oat Soft Cheese Alternative 150G
ANIP,Tesco Finest Stratford Blue Cream Cheese 140G
ANIP,Tesco Finest Matured Lancashire Cream Cheese 140G
ANIP,Tesco Natural Cottage Cheese Fat 600G
ANIP,Tesco Pineapple 0 Fat Cottage Cheese 300G
ANIP,Tesco Fat Free Cottage Cheese 300G
ANIP,Philadelphia Original Mini Tubs 4X35g
ANIP,Philadelphia Light Mini Tub 140G 4X35g
ANIP,Primula Cheese  Prawn Tube 140G
ANIP,Primula Cheese  Ham Tube 140G
ANIP,Primula Original Cheese Tube 140G
ANIP,Philadelphia Intense Garlic  Herb Soft Cheese 140G
ANIP,Philadelphia Intense Herbes Provence Soft Cheese 140G
ANIP,Dairylea Cheese Spread 270G
ANIP,Grahams Natural Cottage Cheese Full Fat 300G
ANIP,Tesco Soft Cheese Plain Full Fat 200G
ANIP,Tesco 50 Less Fat Soft Cheese 200G
ANIP,Tesco Soft Cheese 50 Less Fat Garlic  Herb 200G
ANIP,Lactofree Soft White Cheese 200G
ANIP,Philadelphia Chives Soft Cheese 165G
ANIP,Philadelphia Original Soft Cheese 165g
ANIP,Philadelphia Light Soft Cheese 165g
ANIP,Sainsbury's White Soft Cheese 300g
ANIP,Boursin Garlic & Herb French Cheese 150g
ANIP,Sainsbury's Cottage Cheese 300g
ANIP,Sainsbury's Light Soft Cheese 250g
ANIP,"Sainsbury's Cottage Cheese, Fat Free 300g"
ANIP,Mary Ann's Dairy Soft Cheese 200g
ANIP,Philadelphia Soft Cheese Mini Tub Light x4 35g
ANIP,Philadelphia Garlic & Herbs Soft Cheese 165g
ANIP,Sainsbury's Cottage Cheese 600g
ANIP,Philadelphia Lightest Soft Cheese 165g
ANIP,Sainsbury's Fat Free Pineapple Cottage Cheese 300g
ANIP,Philadelphia Original Soft Cheese Mini Tubs 140g
ANIP,Seriously Spreadable Cheese 125g
ANIP,Boursin Garlic & Herb French Cheese Portions x6 96g
ANIP,Sainsbury's Roule Cheese 125g
ANIP,Sainsbury's Fat Free Onion & Chive Cottage Cheese 300g
ANIP,Philadelphia Original Soft Cheese 280g
ANIP,Philadelphia Chives Soft Cheese 165g
ANIP,Sainsbury's Light Garlic & Herb Soft Cheese 250g
ANIP,Seriously Spreadable Cheese Lighter 125g
ANIP,Seriously Spreadable Vintage Cheese 125g
ANIP,Castello Pineapple & Almond Cream Cheese Ring 125g
ANIP,Cravendale Filtered Whole Milk 2 Litre
ANIP,Arla Big Milk 2Ltr
ANIP,Yeo Valley Organic Whole Milk 2 Litre
ANIP,Tesco Organic Free Range Whole Milk 1136L 2 Pint
ANIP,Cravendale Whole Milk 1 Litre
ANIP,Tesco Organic Whole Milk 2272L4 Pints
ANIP,Tesco Whole Milk 568Ml1 Pint
ANIP,Tesco Whole Milk 2 Pints113L
ANIP,Grahams Gold Smooth Milk 1 Litre
ANIP,Tesco Finest Jersey Whole Milk 1L
ANIP,Tesco Filtered Whole Milk 2 Litre
ANIP,Tesco Whole Milk 2272L4 Pints
ANIP,Tesco Salmon Side 1Kg
ANIP,Sainsbury's British Whole Milk 2.27L (4 pint)
ANIP,Sainsbury's British Whole Milk 1.13L (2 pint)
ANIP,Sainsbury's British Whole Milk 3.4L (6 pint)
ANIP,"Sainsbury's British Whole Milk, SO Organic 2.27L (4 Pint)"
ANIP,Cravendale Filtered Fresh Whole Milk 2L Fresher for Longer
ANIP,Sainsbury's British Whole Milk 568ml (1 pint)
ANIP,Yeo Valley Organic Fresh Whole Milk 2L
ANIP,"Graham's Whole Milk, Organic 1L"
ANIP,Tesco Organic 2 Boneless Salmon Fillets 265G
ANIP,Tesco Finest 2 Scottish Loch Trout Fillets 260G
ANIP,Leap Wild Smoked Sockeye Salmon 100G
ANIP,Tesco Hot Smoked Roasted Salmon Fillets 180G
ANIP,Tesco Finest Scottish Salmon Fillets 240G
ANIP,Tesco Boneless Haddock Fillets 280G
ANIP,Sainsbury's Skin on ASC Scottish Salmon Fillets x2 240g
ANIP,Harbour Smokehouse Salmon 100g
ANIP,Sainsbury's ASC Scottish Mild Smoked Salmon 100g (Ready to Eat)
ANIP,Sainsbury's Skin on ASC Scottish Salmon Fillets x4 480g
ANIP,Mowi Scottish Salmon Fillets 230g
ANIP,Sainsbury's ASC Scottish Mild Smoked Salmon 200g (Ready to Eat)
ANIP,"Sainsbury's ASC Oak Smoked Scottish Salmon, Taste the Difference 100g (Ready to eat)"
ANIP,Sainsbury's Scottish Smoked Salmon Trimmings 100g (Ready to Eat)
ANIP,"Sainsbury's Skinless ASC Scottish Salmon Fillets, Taste the Difference x2 240g"
ANIP,Mowi Smoked Scottish Salmon Slices x4 100g
ANIP,"Sainsbury's Skinless ASC lightly Smoked Scottish Salmon Fillets, Taste the Difference x2 240g"
ANIP,"Sainsbury's Loch Trout Fillets, Taste the Difference x2 240g"
ANIP,Sainsbury's Skin on ASC Scottish Salmon Fillet 600g
ANIP,Sainsbury's Skin on ASC Scottish Salmon Fillet Tails 140g
ANIP,"Sainsbury's Skin on ASC Scottish Salmon Fillets, So Organic x2 240g"
ANIP,Sainsbury's Honey Roast ASC Scottish Salmon Portions x2 180g (Ready to eat)
ANIP,"Sainsbury's ASC Scottish Smoked Salmon, So Organic 100g (Ready to Eat)"
ANIP,"Sainsburys Hebridean Kiln Dried Thick Sliced ASC Scottish Smoked Salmon, Taste the Difference 100g (Ready to Eat)"
ANIP,Wild Fish Discovery Keta Salmon x2 230g
ANIP,Tesco 2 Lemon  Pepper Sea Bass Fillets 200G
ANIP,Tesco 2 Boneless Sea Bass Fillets 180G
ANIP,Tesco 4 Boneless Sea Bass Fillets 360G
ANIP,Tesco Boneless Smoked Haddock 280G
ANIP,Tesco 2 Cape Hake Fillets 240G
ANIP,Tesco 2 Skinless  Boneless Basa Fillets 250G
ANIP,Tesco 2 Boneless Cod Fillets 280G
ANIP,Tesco Finest Skinless  Boneless Cod Loins 280G
ANIP,Tesco Finest Skinless  Boneless Cod Loins 280G
ANIP,Tesco Finest Raw Jumbo King Prawns 165G
ANIP,Fish Said Fred Big Cod Fillets x2 320g
ANIP,Fish Said Fred Glorious Whole Sea Bream x2 520g
ANIP,Sainsbury's Sea Bass Fillets ASC 180g
ANIP,Sainsbury's Skinless & Boneless Smoked Haddock Fillets 240g
ANIP,"Sainsbury's Cod Fillets, Boneless & Skinless 250g"
ANIP,Fish Said Fred Big Sea Bass Fillets 240g
ANIP,Sainsbury’s Smoked Basa fillets ASC 240g
ANIP,Sainsbury's Basa Fillets ASC 250g
ANIP,Sainsbury's Skinless & Boneless Haddock Fillets 260g
ANIP,Sainsbury’s Sea Bass Fillets ASC x4 360g
ANIP,"Sainsbury's Smoked Cod Fillets, Boneless & Skinless 230g"
ANIP,Sainsbury's Butterflied Sea Bass 255g
ANIP,Tesco Raw King Prawns 165G
ANIP,Tesco Lemon  Garlic King Prawns 150G
ANIP,Tesco Chilli  Lime King Prawns 150G
ANIP,Tesco Cold Water Prawns 150G
ANIP,Tesco Finest Canadian Cooked Prawns 150G
ANIP,Seachill Cooked Peeled King Prawns 150G
ANIP,Tesco Finest Raw Argentinian Red Shrimp 180G
ANIP,Tesco Finest Pil Pil King Prawns 220G
ANIP,Tesco Cooked  Peeled King Prawns 150G
ANIP,Tesco Organic Cooked  Peeled Black Tiger Prawns 150G
ANIP,Tesco Finest Unsmoked Dry Cure Streaky
ANIP,Tesco Finest Smoked Dry Cure Streaky Bacon
ANIP,Sainsbury's Large King Prawns ASC 150g
ANIP,Fisherman King Prawns 140g
ANIP,Sainsbury's Peeled Coldwater Prawns MSC 150g
ANIP,"Sainsbury's Canadian Peeled Coldwater Prawns, Taste the Difference MSC 150g"
ANIP,"Sainsbury's Large King Prawns ASC, Taste the Difference 150g"
ANIP,"Sainsbury's Coldwater Prawn Cocktail, Be Good to Yourself MSC 170g"
ANIP,Sainsbury's Large King Prawns ASC 300g
ANIP,Sainsbury's Raw King Prawns ASC 165g
ANIP,Sainsbury's King Prawns ASC in Garlic & Parsley ASC 150g
ANIP,"Sainsbury's Large Raw Peeled King Prawns ASC, Taste the Difference 165g"
ANIP,"Sainsbury's King Prawns ASC, So Organic 150g"
ANIP,"Sainsbury's Large Black Tiger Prawns ASC, Taste the Difference 150g"
ANIP,"Sainsbury's Jumbo King Prawn ASC Crevettes, Taste the Difference 200g"
ANIP,Tesco Unsmoked Streaky Bacon 300G
ANIP,Tesco Smoked Streaky Bacon 300G
ANIP,Woodside Farms Streaky Bacon 275G
ANIP,Tesco Reduced Fat  Salt 10 Unsmoked Bacon Medallions 300G
ANIP,Tesco Reduced Fat  Salt 10 Smoked Bacon Medallions 300G
ANIP,Tesco Unsmoked Twin Pack Back Bacon 2X360g
ANIP,Tesco Smoked Twin Pack Back Bacon 2X360g
ANIP,Tesco Smoked Lardons 200G
ANIP,Tesco Unsmoked Lardons 200G
ANIP,Tesco Finest Unsmoked Wiltshire Cured Bacon 240G
ANIP,Tesco Finest Smoked Wiltshire Cured Bacon 240G
ANIP,Tesco Bacon Strips 50G
ANIP,Tesco Finest Unsmoked Dry Cure Streaky
ANIP,Tesco Finest Smoked Dry Cure Streaky Bacon
ANIP,Mattessons Smoked Turkey Rashers 200G
ANIP,Tesco Unsmoked Streaky Bacon 300G
ANIP,T Unsmkd Thick Cut Back Bacon Rasher 300G
ANIP,Tesco Unsmked Back Bacon10 300G Promo
ANIP,Tesco Smoked Streaky Bacon 300G
ANIP,Tesco Pork Loin Joint
ANIP,Tesco Large Pork Shoulder Joint
ANIP,Sainsbury's Thick Unsmoked Back Bacon Rashers x6 300g
ANIP,Sainsbury's Thick Smoked Cut Back Bacon Rashers x6 300g
ANIP,Sainsbury’s Smoked Back British Bacon Rashers x10  300g
ANIP,"Sainsbury's Smoked Streaky British Bacon, Taste the Difference x14 220g"
ANIP,Sainsbury’s Unsmoked Back British Bacon Rashers x10 300g
ANIP,Sainsbury's Reduced Salt Smoked Back Bacon x8 250g
ANIP,Sainsbury's Reduced Salt Unsmoked Back Bacon x8 250g
ANIP,"Sainsbury's Unsmoked Streaky British Bacon, Taste the Difference X14 220g"
ANIP,"Sainsbury's Oak Smoked Dry Cure British Bacon, Taste the Difference x 6 220g"
ANIP,"Sainsbury's Unsmoked Dry Cure British Bacon, Taste the Difference x 6 220g"
ANIP,Sainsbury's 16 Smoked Back Bacon Rashers 2x250g
ANIP,J James & Family Smoked Back Bacon Rashers 300g
ANIP,Sainsbury's Smoked Streaky Bacon Rashers 300g
ANIP,"Sainsbury's Unsmoked Bacon Medallions, Be Good To Yourself x8 200g"
ANIP,"Sainsbury's Smoked Bacon Medallions, Be Good To Yourself x8 200g"
ANIP,Sainsbury's Unsmoked Back Bacon Rashers x16 (2x250g)
ANIP,"Sainsbury's Wiltshire Cured Unsmoked British Back Bacon, Taste the Difference x8 240g"
ANIP,Sainsbury's Unsmoked Streaky Bacon Rashers 300g
ANIP,"Sainsbury's Oak Smoked British Bacon Lardons, Taste the Difference 160g"
ANIP,Finnebrogue Naked Unsmoked Back Bacon x6 200g
ANIP,Sainsbury's Smoked Bacon Lardons 250g
ANIP,Woodside Farms Pork Loin Steaks 720G
ANIP,Tesco 4 Pork Chops 900G
ANIP,Tesco 4 Pork Loin Steaks 540G
ANIP,Tesco Finest Pork Loin Steaks 400G
ANIP,Tesco Pork Loin Steaks 2 Pack 270G
ANIP,Tesco Fresh Diced Pork Topside 500G
ANIP,Tesco Finest Pork Chops 500G
ANIP,Tesco Sweet Bbq Pulled Pork 410G
ANIP,Tesco Pork Leg Joint 1Kg
ANIP,Tesco Gammon Steak With Cheese  Pineapple 345G
ANIP,Tesco Small Unsmoked Gammon Joint
ANIP,Tesco Fire Pit 4 Pork Mozzarella  Tomato Kebabs 400G
ANIP,Tesco Whole Milk 3408L6 Pints
ANIP,Tesco Fire Pit 6 Bbq Maple Pork Loin Steaks 600G
ANIP,Tesco Pork Stir Fry 500G
ANIP,Tesco 2 Pork Loin Chops 450G
ANIP,Tesco Firepit 6 Chinese Style Pork Loin Steaks 600G
ANIP,Woodside Farms Pork Chops 700G
ANIP,Tesco Pork Loin Steaks 960G
ANIP,Tesco Pork Shoulder Steaks 700G
ANIP,Tesco Fin  Korean Inspired Butterfield Pork Shoulder Joint 670G
ANIP,Tesco Small Smoked Gammon Joint
ANIP,Tesco Finest Slow Cooked Char Siu Pork Shoulder 560G
ANIP,Tesco Large Beef Roasting Joint With Basting Fat
ANIP,Sainsbury's British Pork Mince 5% Fat 500g
ANIP,Sainsbury's British Pork Loin Steaks x4 480g
ANIP,Sainsbury's Small Unsmoked British Gammon Joint 750g
ANIP,Sainsbury's British Pork Belly Slices 500g
ANIP,Sainsbury's British Pork Loin Medallions x4 400g
ANIP,Sainsbury's Just Cook British Gammon Joint with Sweet Honey Glaze (Serves 3)
ANIP,Sainsbury's British Pork Loin Steaks x8 800g
ANIP,Sainsbury's Butcher's Choice British Pork Sausagemeat 400g
ANIP,Sainsbury’s Chinese Style British Pork Loin Steaks 440g
ANIP,Sainsbury's Small Smoked British Gammon Joint 750g
ANIP,Sainsbury's Extra Lean British Pork Stir Fry 300g
ANIP,J.James & Family Unsmoked British Gammon Steak 200g
ANIP,Sainsbury's British Pork Chops x2 350g
ANIP,Sainsbury's British Pork Loin Steaks x2 240g
ANIP,Sainsbury's Unsmoked Rindless British Gammon Steaks x2 400g
ANIP,Sainsbury's Butcher's Choice British Pork & British Bacon Pigs In Blankets x12 260g
ANIP,Sainsbury's Thick Cut British Pork Chops x2 500g
ANIP,Deli Express Thick Cut British Roast Gammon Slices x4 150g
ANIP,Sainsbury's Slow Cooked British Pork Ribs Smokey BBQ Sauce 646g (Serves 2)
ANIP,Sainsbury's British Pork Shoulder Steaks x4 600g
ANIP,Tesco Finest Beef Roasting Joint
ANIP,Tesco Medium Beef Roasting Joint With Basting Fat
ANIP,Tesco Finest Diced Beef 400G
ANIP,Tesco Finest 5 Aberdeen Angus Steak Mince 500G
ANIP,Tesco 12 Beef Meatballs 336G
ANIP,Tesco Lean Diced Beef 600G
ANIP,Tesco Finest 20 Mini Meatballs 336G
ANIP,Tesco Finest 12 Beef  Herb Meatballs 336G
ANIP,Tesco Finest Aberdeen Angus Steak Mince 500G
ANIP,Tesco Finest 4 British Beef Steak Burgers 454G
ANIP,Tesco Beef Rump Steak 255G
ANIP,Tesco Finest Sirloin Steak 227G
ANIP,Tesco 24 Beef Meatballs 672G
ANIP,Tesco Lean Diced Beef 400G
ANIP,Tesco Diced Beef 400G
ANIP,Seachill Cooked Peeled Cold Water Prawns 150G
ANIP,Fresh Beef Brisket Slow- Roast
ANIP,Tesco 2 Beef Medallion Steaks 340G
ANIP,Tesco Finest Fillet Steak 210G
ANIP,Tesco Finest Ribeye Steak 227G
ANIP,Tesco 4 Quarter Pound Burgers 454G
ANIP,Tesco Lean Beef Steak Mince 5 Fat 250G
ANIP,Tesco Stewing Steak 400G
ANIP,Tesco Room To Roam British Chicken Breast Fillets 650G
ANIP,Sainsbury's British or Irish 5% Fat Beef Mince 500g
ANIP,Sainsbury's British or Irish 5% Fat Beef Mince 750g
ANIP,Sainsbury's British or Irish 20% Fat Beef Mince 500g
ANIP,Sainsbury's British or Irish 5% Fat Beef Mince 250g
ANIP,Sainsbury's British or Irish Extra Lean Diced Beef 500g
ANIP,"Sainsbury's British Beef Mince 5% Fat , Taste the Difference 500g"
ANIP,Sainsbury's British or Irish 10% Fat 12 Beef Meatballs 350g
ANIP,Sainsbury's British or Irish Extra Lean Diced Beef 250g
ANIP,"Sainsbury's Beef Mince 12% Fat , Taste the Difference 500g"
ANIP,Sainsbury's British or Irish 12% Fat Beef Mince 500g
ANIP,Sainsbury's Organic British Beef Mince 5% Fat 500g
ANIP,"Sainsbury's Beef Meatballs, Taste the Difference 350g"
ANIP,Sainsbury's British Beef Mince 1kg
ANIP,Sainsbury's British or Irish 5% Fat 12 Beef Meatballs 350g
ANIP,Sainsbury's British or Irish Extra Lean Casserole Steak 500g
ANIP,Sainsbury's 5% Fat Beef Mince 500g
ANIP,Sainsbury's British or Irish 10% Fat 24 Meatballs 700g
ANIP,Sainsbury's British or Irish 10% Fat 20 Beef Mini Meatballs 350g
ANIP,Sainsbury's British or Irish Diced Beef 500g
ANIP,Sainsbury's Organic British Beef Mince 12% Fat 500g
ANIP,Sainsbury's Beef Meatballs 500g
ANIP,Sainsbury's 12% Fat Beef Mince 800g
ANIP,"Sainsbury's British Diced Beef, SO Organic 500g"
ANIP,Tesco British Diced Chicken Breast 650G
ANIP,Tesco Mini Chicken Fillets 650G
ANIP,Tesco British Diced Chicken Breast 400G
ANIP,Tesco Room To Roam British Chicken Breast Portions 300G
ANIP,Tesco British Chicken Breast Mini Fillets 400G
ANIP,Tesco Fresh Chicken Livers 380G
ANIP,Tesco 2 British Chicken Breast Fillets 300G
ANIP,Tesco Finest 2 Cornfed Free Range Chicken Fillets 270G-470G
ANIP,Tesco British Chicken Breast Portions 950G
ANIP,Willow Farm Chicken Breast Portions 900G -12Kg
ANIP,Tesco Large Chicken Fillet Pack 16Kg
ANIP,Tesco 4 British Turkey Burgers 454G
ANIP,Tesco British Turkey Thigh Joint 125Kg
ANIP,Tesco Mini Turkey Breast Fillets 400G
ANIP,Sainsbury's British Fresh Chicken Breast Fillets Skinless & Boneless 1kg
ANIP,Sainsbury's British Fresh Chicken Breast Fillets Skinless & Boneless 640g
ANIP,Sainsbury's British Fresh Chicken Breast Fillets Skinless & Boneless 300g
ANIP,Sainsbury's British Fresh Chicken Breast Mini Fillets 320g
ANIP,Sainsbury's Cooked Roast British Chicken Breast Fillets x2 240g
ANIP,Sainsbury's British Fresh Diced Chicken Breast 410g
ANIP,Sainsbury's Fresh British Chicken Breast Fillet garlic Kyiv x2 390g
ANIP,Sainsbury's Just Cook Chicken Breast Joint Butter Basted 500g (Serves 3)
ANIP,Sainsbury's British Fresh Chicken Breast Mini Fillets 640g
ANIP,Sainsbury's Cajun Spiced British Fresh Chicken Breast Grills x2 330g
ANIP,Sainsburys Southern fried Fresh British Chicken breast fillet x2 315g
ANIP,Sainsbury's British Fresh Diced Chicken Breasts 750g
ANIP,Tesco British Turkey Breast Mince 2 Fat 500G
ANIP,Tesco 12 British Turkey Meatballs 336G
ANIP,Tesco British Turkey Drumsticks
ANIP,Tesco 4 Cheese  Jalapeno Turkey Burgers 454G
ANIP,Tesco British Turkey Breast Steaks 380G
ANIP,Tesco Butter Basted Turkey Breast Joint 640G
ANIP,Tesco Turkey Thigh Mince 7 Fat 500G
ANIP,Tesco Beef Fillet Steak 170G
ANIP,Tesco British Chicken Breast Portions 650G
ANIP,Sainsbury's 2% Fat Fresh British Turkey Mince 500g
ANIP,Sainsbury's Quick Cook Fresh British Turkey Steaks x4 400g
ANIP,Sainsbury's 7% Fat Fresh British Turkey Mince 500g
ANIP,Sainsbury's Fresh British Turkey Meatballs x12 400g
ANIP,Sainsbury's Fresh British Turkey Gluten Free Sausages x8 454g
ANIP,Sainsbury's Fresh British Turkey Breast Mini Fillets 400g
ANIP,Sainsbury's 7% Fat Fresh British Turkey Mince 750g
ANIP,Sainsbury's 2% Fresh British Turkey Mince 250g
ANIP,Sainsbury's Fresh British Turkey Breast Fillet Portions 250g
ANIP,Sainsbury's Fresh British Turkey Burgers x4 454g
ANIP,Oakpark Smoked Turkey Rashers x6 150g
ANIP,Sainsbury's Fresh British Turkey Breast Steaks 600g
ANIP,Sainsbury's Caramelisd Onion Fresh British Turkey Gluten Free Sausages x8 454g
ANIP,Bernard Matthews Turkey Chunks 80g
ANIP,Humza Turkey & Beef Halal Sliced Cured 80g
ANIP,Humza Turkey Halal Salchichon 65g
FRTV,TRipe  Ready Twin Pack Avocados
FRTV,Tesco Ripe  Ready Avocado
FRTV,Tesco Ripen At Home Avocados 3Pack
FRTV,TReady To Eat Large Avocados Each
FRTV,Tesco Smashed Avocado With Chilli - 200G
FRTV,By Sainsbury’s Medium Ripe & Ready Avocado
FRTV,Sainsbury’s Medium Ripe & Ready Avocados x2
FRTV,By Sainsbury’s Large Ripe & Ready Avocado
FRTV,Sainsbury’s Baby Ripen at Home Avocados x4
FRTV,By Sainsbury’s 4 Small Ripe & Ready Avocados
FRTV,SO Organic Medium Ripe & Ready Avocados x2
FRTV,Bananas Loose
FRTV,Tesco Organic Fair Trade Bananas 5 Pack
FRTV,Sainsbury's Fairtrade Bananas Loose
FRTV,Sainsbury's Fairtrade Bananas x5
FRTV,Tesco Blueberries 350G
FRTV,Tesco Blueberries 150G
FRTV,Tesco Blueberries 250G
FRTV,Tesco Blueberries 500G
FRTV,Tesco Finest Blueberries 150G Class 1
FRTV,Tesco Organic Blueberries 150G
FRTV,Sainsbury's Blueberries 300g
FRTV,Sainsbury's Blueberries 150g
FRTV,Sainsbury's Blueberries 500g
FRTV,Rosedene Farms Gala Apples 6 Pack
FRTV,Large Pink Lady Apples Class 1 Loose
FRTV,Tesco Pink Lady Apple Minimum 5 Pack
FRTV,Large Braeburn Apples Loose Class 1
FRTV,Tesco Large Gala Apples Class 1 Loose
FRTV,Rosedene Farms Small Apple 6 Pack
FRTV,Tesco Gala Apple Minimum 5 Pack
FRTV,Tesco Braeburn Apple Minimum 5 Pack
FRTV,Tesco British Apple Minimum 5 Pack
FRTV,Tesco Granny Smith Apple Minimum 5 Pack
FRTV,Tesco Jazz Apple
FRTV,Large Granny Smith Apples Class 1 Loose
FRTV,Tesco Golden Delicious Apple Minimum 5
FRTV,Rosedene Farms Braeburn Apples 6 Pack
FRTV,Tesco Organic Gala Apples 630G
FRTV,Sainsbury's Royal Gala Apples x6
FRTV,Sainsbury's SO Organic Apples x6
FRTV,Sainsbury's Braeburn Apples x6
FRTV,Sainsbury's Pink Lady Apples x6
FRTV,Sainsbury's Pink Lady Apples x4
FRTV,Sainsbury's Granny Smith Apples x6
FRTV,Sainsbury's Jazz Apples x6
FRTV,Sainsbury's British Bramley Cooking Apples Loose
FRTV,"Sainsbury's Royal Gala Apples, SO Organic x6"
FRTV,Sainsbury's Cox Apples
FRTV,Sainsbury's Braeburn Apple Single
FRTV,Imperfectly Tasty Gala Apples x6
FRTV,Sainsbury's Pink Lady Apple Single
FRTV,Sainsbury's Golden Delicious Apples x6
FRTV,Sainsbury's Mini Apples x6
FRTV,Sainsbury's Best Of British Apples x6
FRTV,Sainsbury's Kanzi Apples x6
FRTV,Sainsbury's Apples 1kg
FRTV,Tesco Red Seedless Grapes Punnet 500G
FRTV,Tesco Green Seedless Grapes Punnet 500G
FRTV,Tesco Seedless Grape Selection Pack 500G
FRTV,Suntrail Farms Grapes 500G
FRTV,Tesco Black Seedless Grapes 500G
FRTV,Tesco Finest Red Grapes Seedless 400G
FRTV,Tesco Finest Green Grapes Seedless 400G
FRTV,Tesco Finest Black Grapes Seedless 400G
FRTV,Suntrail Farms Green Grapes 500G
FRTV,Tesco Large Selection Grapes 800G Pack
FRTV,Tesco Grapes 110G
FRTV,"Sainsbury's Black Sable Seedless Grapes, Taste the Difference 400g"
FRTV,Sainsbury's Red Seedless Grapes 500g
FRTV,Sainsbury's White Seedless Grapes 500g
FRTV,Sainsbury's Red & White Seedless Grapes 500g
FRTV,Sainsbury's Mixed Grapes 900g
FRTV,Sainsbury's Black Seedless Grapes 500g
FRTV,Imperfectly Tasty Grapes 500g
FRTV,Sainsbury's Red Grapes 300g
FRTV,Sainsbury's White Grapes 300g
FRTV,"Sainsbury's Vitoria Grape, Taste the Difference 400g"
FRTV,Large Kiwi Fruit Class 1 Each
FRTV,Tesco Perfectly Ripe Kiwi
FRTV,Suntrail Farms Kiwi X6
FRTV,Tesco Perfectly Ripe Gold Kiwi 4 Pack
FRTV,Sainsbury's Kiwi Fruit x6
FRTV,Sainsbury's Ripe & Ready Kiwi x4
FRTV,Sainsbury's Large Kiwi Fruit Single
FRTV,"So Kiwi, Organic x4"
FRTV,Tesco Lemons 4 Pack
FRTV,Tesco Organic Unwaxed Lemons Minimum 3 Pack
FRTV,Sainsbury's Lemons
FRTV,Sainsbury's Lemons Unwaxed minimum 5
FRTV,Imperfectly Tasty Lemons x5
FRTV,"Sainsbury's Lemons Unwaxed, SO Organic x3"
FRTV,Tesco Orange Minimum 5 Pack
FRTV,Jaffa Oranges Minimum 4 Pack
FRTV,Tesco Finest Emperor Oranges 4 Pack
FRTV,Suntrail Farms Orange Minimum 5 Pack
FRTV,"Sainsbury's Oranges, Taste the Difference x4"
FRTV,Sainsbury's Tangerines 600g
FRTV,Sainsbury's Oranges Large x4
FRTV,Sainsbury's Oranges x5
FRTV,Sainsbury's Oranges
FRTV,Imperfectly Tasty Oranges x5
FRTV,Sainsbury's Satsumas 600g
FRTV,Tesco Pineapple Chunks 300G
FRTV,Tesco Pineapple Chunks 145G
FRTV,Tesco Pineapple 500G
FRTV,Tesco Pineapple Chunks 450G
FRTV,Sainsbury's Pineapple
FRTV,Sainsbury's Large Pineapple
FRTV,Sainsbury’s Pineapple 500g
FRTV,Tesco Plums 400G
FRTV,Suntrail Farms Plum 1Kg
FRTV,Sainsbury's Plum Punnet 400g
FRTV,Sainsbury's Ripe & Ready Plums x5
FRTV,Tesco Raspberries 150G
FRTV,Rosedene Farms Raspberries 125G
FRTV,Tesco Finest Raspberries 150G
FRTV,Tesco Raspberries 425G
FRTV,Tesco Raspberries 350G
FRTV,Sainsbury's Raspberries 250g
FRTV,Sainsbury's Raspberries 150g
FRTV,"Sainsbury's Raspberries, Taste the Difference 150g"
FRTV,Tesco Broccoli 375G
FRTV,Broccoli Loose
FRTV,Tesco Tenderstem Broccoli 200G
FRTV,Tesco Large Broccoli Pack 500G
FRTV,Tesco Purple Sprouting Broccoli 200G
FRTV,Tesco Tenderstem Broccoli Tips 120G
FRTV,Tesco Tenderstem Broccoli Spears 330G
FRTV,Tesco Organic Tenderstem Broccoli 200G
FRTV,Tesco Organic Broccoli 335G
FRTV,Tesco Broccoli Florets 900G
FRTV,Tesco Trimmed Tenderstem Broccoli 80G
FRTV,Sainsbury's Broccoli Loose
FRTV,Sainsbury's Tenderstem Broccoli 200g
FRTV,"Sainsbury's Broccoli, SO Organic 300g"
FRTV,Sainsbury's Broccoli Florets 900g
FRTV,Sainsbury's Purple Sprouting Broccoli Spears 200g
FRTV,"Sainsbury's Tenderstem Broccoli, SO Organic 200g"
FRTV,"Sainsbury's Bellaverde Broccoli, Taste the Difference 200g"
FRTV,Sainsbury's Tenderstem Broccoli 330g
FRTV,SO Organic Broccoli 500g
FRTV,Tesco Carrots Loose
FRTV,Tesco Carrots 800G
FRTV,Tesco Carrot Batons 400G
FRTV,Organic Carrots 700G
FRTV,Tesco Chantenay Carrots 500G
FRTV,Tesco Sliced Carrots Peeled  Cut 1Kg
FRTV,Tesco Mini Carrots 320G
FRTV,Tesco Imperator Carrot 450G
FRTV,Tesco Chantenay Carrots 600G
FRTV,Tesco Tendersweet Carrots 150G
FRTV,Tesco Organic Bunched Carrots 400G
FRTV,Tesco Grated Carrot 200G
FRTV,Sainsbury's Carrots 1kg
FRTV,Sainsbury’s Carrots Loose
FRTV,"Sainsbury's Carrots, So Organic 700g"
FRTV,Sainsbury's Greengrocer Carrots
FRTV,Sainsbury's Carrots 500g
FRTV,Sainsbury's British Chantenay Carrots 400g
FRTV,Sainsbury's Carrot Batons 400g
FRTV,Sainsbury's Ready Prepared Mini Carrots 240g
FRTV,"Sainsbury's British Sweet Spear Carrots, Taste the Difference 450g"
FRTV,"Sainsbury's Bunched Carrots, SO Organic 400g"
FRTV,Tesco Cauliflower
FRTV,Cauliflower Extra Large Each
FRTV,Tesco Cauliflower Florets 900G
FRTV,Tesco Cauliflower Florets 240G
FRTV,Sainsbury's Cauliflower
FRTV,Imperfectly Tasty Cauliflower
FRTV,Sainsbury's Broccoli & Cauliflower Florets 240g
FRTV,Sainsbury's Cauliflower & Broccoli Floret Mix 1kg
FRTV,"Sainsbury's Cauliflower, SO Organic"
FRTV,Sainsbury's Baby Cauliflowers x2
FRTV,Tesco Cucumber Whole Each
FRTV,Tesco Whole Large Cucumber
FRTV,Tesco Baby Cucumbers 200G
FRTV,Tesco Organic Whole Cucumber Each
FRTV,Sainsbury's Whole Cucumber
FRTV,"Sainsbury's Whole Cucumber, SO Organic"
FRTV,Sainsbury's Half Cucumber Portion
FRTV,Sainsbury's Large Whole  Cucumber
FRTV,Sainsbury's Baby Cucumbers 200g
FRTV,Sainsbury's Iceberg Lettuce
FRTV,Sainsbury's Little Gem Lettuce x2
FRTV,Sainsbury's Sweet Gem Lettuce x2
FRTV,"Sainsbury's Romaine Lettuce Hearts, Twin Pack x2"
FRTV,Sainsbury's Iceberg Lettuce 200g
FRTV,"Sainsbury's Cos Lettuce, Mini Red x2"
FRTV,Sainsbury's Lambs Lettuce 60g
FRTV,"Sainsbury's Lettuce, Round"
FRTV,Sainsbury's Chinese Leaf Lettuce
FRTV,"Sainsbury's Little Gem Lettuce, SO Organic x2"
FRTV,"Sainsbury's Cos Lettuce, SO Organic"
FRTV,Tesco Little Gem Lettuce 2 Pack
FRTV,Iceberg Lettuce Each
FRTV,Tesco Iceberg Lettuce 200G
FRTV,Tesco Butterhead Lettuce
FRTV,Tesco Sweet Gem Lettuce
FRTV,Tesco Romaine Lettuce Hearts 2 Pack
FRTV,Tesco Organic Lettuce Each
FRTV,Tesco Shredded Iceberg 130G
FRTV,Sainsbury's Closed Cup White Mushrooms 300g
FRTV,Sainsbury's Large Flat White Mushrooms 250g
FRTV,Sainsbury's Baby Button Mushrooms 200g
FRTV,Sainsbury's Chestnut Super Mushrooms 300g
FRTV,Sainsbury's Closed Cup White Mushrooms 500g
FRTV,Sainsbury's Closed Cup Chestnut Mushrooms 300g
FRTV,Sainsbury's Closed Cup White Mushrooms Loose
FRTV,"So Chestnut Mushrooms, Organic 300g"
FRTV,"Sainsbury's Mushrooms, Sliced 250g"
FRTV,"Sainsbury's Shiitake Mushrooms, Taste the Difference"
FRTV,"Sainsbury's White Closed Cup Mushrooms, SO Organic 300g"
FRTV,Sainsbury's Chestnut Baby Button Mushrooms 200g
FRTV,"Sainsbury's Speciality Mushroom Mix, Taste the Difference"
FRTV,Sainsbury's Portabella Mushrooms 150g
FRTV,Tesco Closed Cup Mushrooms 400G
FRTV,Chestnut Mushrooms 250G
FRTV,Tesco Baby Button Mushrooms 200G
FRTV,Loose Closed Cup Mushrooms
FRTV,Tesco Sliced Mushrooms 250G
FRTV,Tesco Family Pack Chestnut Mushroom 485G
FRTV,Tesco Large Flat Mushrooms 250G
FRTV,Tesco Chestnut Baby Button Mushrooms 150G
FRTV,Tesco Sliced Mushrooms 500G
FRTV,Tesco Finest Portobello Mushrooms 150G
FRTV,Tesco Organic Chestnut Mushrooms 250 G
FRTV,Tesco Organic White Mushrooms 290G
FRTV,Tesco Mushroom Medley 500G
FRTV,Loose Brown Onions
FRTV,Tesco Brown Onions 1Kg
FRTV,Tesco Brown Onions Minimum 3 Pack 385G
FRTV,Loose Red Onions Class 2
FRTV,Tesco Red Onions 3Pack Minimum
FRTV,Tesco Red Onion 1Kg
FRTV,Tesco Diced Onions 500G
FRTV,Tesco Organic Brown Onion 750G
FRTV,Tesco Extra Large Brown Onions 2 Pack
FRTV,Tesco Shallots Onions 400G
FRTV,Tesco Diced Onion 400G
FRTV,Tesco Finest Rosanna Pink Onions 3Pack
FRTV,Redmere Farms Brown Onion 1Kg
FRTV,Tesco Red Organic Onions 500G
FRTV,Sainsbury's Spring Onions Bunch 100g
FRTV,Sainsbury's Onions Loose
FRTV,Sainsbury's Red Onions Loose
FRTV,Sainsbury's Brown Onions x3
FRTV,Sainsbury's Onions 1kg
FRTV,Sainsbury's Red Onions x3
FRTV,Sainsbury's Red Onions 1kg
FRTV,"Sainsbury's Salad Onions, Large 130g"
FRTV,"Sainsbury's Spring Onion Bunch, SO Organic 100g"
FRTV,"Sainsbury's Onions, SO Organic 750g"
FRTV,"Sainsbury's Diced Onions, Inspired to Cook 200g"
FRTV,"Sainsbury's Red Onions, SO Organic 500g"
FRTV,Red Peppers Each Class 1
FRTV,Nightingale Farms Peppers 375G
FRTV,Tesco Sweet Peppers 500G
FRTV,Green Peppers Each Class 1
FRTV,Sainsbury's Red Pepper
FRTV,Sainsbury's Sweet Peppers (Colours may vary) x3
FRTV,(Im)perfectly Tasty Peppers 500g
FRTV,Sainsbury's Yellow Pepper
FRTV,Sainsbury's Green Pepper
FRTV,Sainsbury's Orange Pepper
FRTV,"Sainsbury's Mixed Peppers, SO Organic x3 (Colours may vary)"
FRTV,"Sainsbury's Sweet Pointed Peppers, SO Organic x2 (Colours May Vary)"
FRTV,"Sainsbury's Baby Sweet Peppers, Taste the Difference 300g"
FRTV,"Sainsbury's Sweet Romano Peppers, Taste the Difference"
FRTV,"Sainsbury's Padron Peppers, Taste the Difference 135g"
FRTV,Sainsbury's Ricotta Stuffed Cherry Peppers 145g
FRTV,Sainsbury's Feta Stuffed Rainbow Cherry Peppers 145g
FRTV,Sainsbury's Cheese Stuffed Peppers 320g
FRTV,Tesco Baby Plum Tomatoes 325G
FRTV,Tesco Salad Tomatoes 6 Pack
FRTV,Tesco Finest Tomatoes On The Vine 450G
FRTV,Tesco Finest Piccobella Tomatoes 220G
FRTV,Tesco Sweet Vine Ripened Tomatoes 255G
FRTV,Tesco Finest Sugarbelle Tomatoes 400G
FRTV,Tesco Finest Mixed Baby Tomatoes 250G
FRTV,Tesco Tomatoes On The Vine 500G
FRTV,Tesco Cherry Tomatoes 330G
FRTV,Tesco Salad Tomatoes
FRTV,Tesco Finest Piccobella Tomatoes 400G
FRTV,Tesco Finest Sugarbelle Tomatoes 220G
FRTV,"Sainsbury's Majestic Vine Ripened Tomatoes, Taste the Difference 300g"
FRTV,"Sainsbury's Vittoria Cherry Vine Tomatoes, Taste the Difference 250g"
FRTV,"Sainsbury's Jubilee Large Vine Tomatoes, Taste the Difference 450g"
FRTV,Sainsbury's Cherry Tomatoes 500g
FRTV,Sainsbury's Classic Round Tomatoes x6
FRTV,Sainsbury's Baby Plum Tomatoes 325g
FRTV,"Sainsbury's Vittoria Cherry Vine Tomatoes, Taste the Difference 400g"
FRTV,"Sainsbury's Pomodorino Baby Plum Tomatoes, Taste the Difference 250g"
FRTV,Sainsbury's Cherry Tomatoes 330g
FRTV,Sainsbury's Large Vine Tomatoes 500g
FRTV,"Sainsbury's Best of British Tomatoes, Taste the Difference 250g"
FRTV,"Sainsbury's Sundream Plum Vine Tomatoes, Taste the Difference 250g"
FRTV,Sainsbury's Tomatoes Loose
FRTV,Imperfectly Tasty Cherry Tomatoes
FRTV,Sainsbury's Plum Tomatoes 500g
FRTV,Sainsbury's SO Organic Cherry on the Vine Tomatoes 200g
FRTV,"Sainsbury's Large Tomatoes, SO Organic 400g"
FRTV,"Sainsbury's Golden Vittoria Cherry Vine Tomatoes, Taste the Difference 250g"
FRTV,"Sainsbury's Pomodorino Tomatoes, SO Organic 225g"
FRTV,"Sainsbury's Cheriplum Tomatoes, Taste the Difference 250g"
FRTV,Tesco Tenderstem  Mixed Vegetables 160G
FRTV,Tesco Farmhouse Mixed Vegetables 1Kg
FRTV,Birds Eye Country Mixed Vegetables 640G
FRTV,Growers Harvest Mixed Vegetables 1Kg
FRTV,Tesco 4 Steam Bag Carrots Broccoli  Sweetcorn 640G
FRTV,Tesco Mixed Vegetables 1Kg
FRTV,Tesco Mixed Vegetables 225G
FRTV,Tesco Mediterranean Style Chargrilled Vegetables 700G
FRTV,Birds Eye Steamfresh 4 Family Favourite Mix Vegetable 540G
FRTV,Tesco Casserole Vegetables 1Kg
FRTV,Tesco 4 Steam Bags Rice With Mixed Vegetables 600G
FRTV,Tesco Carrot Cauliflower  Broccoli 370G
FRTV,Tesco Cauliflower  Broccoli Florets 400G M
FRTV,Birds Eye Family Favourites Steamfresh x4 540g
FRTV,Sainsbury's Mixed Vegetables 1kg
FRTV,Classic Vegetable Mix 1kg
FRTV,The Greengrocer Mixed Vegetables 1kg
FRTV,Birds Eye Country Mixed Vegetables 640g
FRTV,Birds Eye Select Mixed Vegetables 640g
FRTV,Sainsbury's Classic Vegetable Base Mix 1kg
FRTV,"Sainsbury's Mixed Vegetables, SO Organic 500g"
FRTV,Large Potatoes Baking Loose
FRTV,Tesco Baking Potatoes 25Kg Pack
FRTV,Tesco Finest Jacket Potatoes 4 Pack
FRTV,Tesco 4 Baking Potatoes
FRTV,Tesco Maris Piper Potatoes 25Kg
FRTV,Tesco All Rounder Potatoes 25Kg
FRTV,Tesco Finest Baby Potatoes 750G
FRTV,Tesco Finest Baby Potatoes 360G
FRTV,Tesco Baby Potatoes 1Kg
FRTV,Tesco Finest Jacket Potatoes 4 Pack
FRTV,Tesco Perfectly Imperfect Potatoes 25Kg
FRTV,Sainsbury's British Baking Potatoes x4
FRTV,Sainsbury's British Baking Potatoes Loose
FRTV,"Sainsbury's Vivaldi Baking Potatoes, Taste the Difference x4 (minimum)"
FRTV,Sainsbury's British Baking Potatoes 2.5kg
FRTV,Sainsbury's British Maris Piper Potatoes 2.5kg
FRTV,Sainsbury's British Baby Potatoes 1kg
FRTV,Sainsbury's British White Potatoes 2.5kg
FRTV,Sainsbury's British Mini Potatoes 750g
FRTV,Sainsbury's British Baking Potatoes Loose
FRTV,"Sainsbury's Vivaldi Baking Potatoes, Taste the Difference x4 (minimum)"
FRTV,Sainsbury's British King Edward Potatoes 2kg
FRTV,Sainsbury's British Baking Potatoes 2.5kg
FRTV,"Sainsbury's White Vivaldi Potatoes, Taste the Difference 2kg"
FRTV,Sainsbury's British Charlotte Potatoes 1kg
FRTV,Tesco Large Sweet Potatoes Loose Class 1
FRTV,Tesco Sweet Potatoes 1Kg
FRTV,Tesco Frozen Sweet Potato Chunks 600G
FRTV,Strong Roots Garlic Roasted Sweet Potato 500G
FRTV,Organic Sweet Potatoes 750G
FRTV,Tesco Butternut Squash  Sweet Potato 350G
FRTV,Tesco 2 Baking Sweet Potatoes
FRTV,Tesco Organic Baby Potatoes 750G
FRTV,Sainsbury's Sweet Potatoes Loose
FRTV,Sainsbury's Sweet Potato 1.25kg
FRTV,"Sainsbury's Sweet Potato, SO Organic 750g"
FRTV,Sainsbury's Baking Sweet Potatoes x2
FRTV,Sainsbury's White Flesh Sweet Potato 750g
CUFD,Nutribrex Gluten Free Cereal 375G
CUFD,Quaker Oat So Simple Gluten Free Original Porridge 10 Pack 350G
CUFD,Nairns Gluten Free Oat Muesli 450G
CUFD,Natures Path Organic Gluten Free Mesa Sunrise Cereal 355G
CUFD,Eat Natural Gluten Free Granola Buckwheat Seeds  Honey 425G
CUFD,Eat Natural Gluten Free Buckwheat Toasted Muesli 500G
CUFD,Eat Natural Gluten Free Ancient Grains Muesli 450G
CUFD,Quaker Oat So Simple Gluten Free Original Porridge 510G
CUFD,Free Gluten Free Supergrain Hoops Organic  Vegan 300G
CUFD,Nairns Gluten Free Scottish Porridge 450G
CUFD,Moma Jumbo Oat Porridge Almond Butter  Salted Caramel 6X35g
CUFD,Free Gluten Free Chocolate Stars Organic  Vegan 300G
CUFD,Tesco Free From Berry Granola 350G
CUFD,Tesco Free From Gluten Syrup Porridge Pot 55G
CUFD,Tesco Free From Original Porridge Pot 55G
CUFD,Delicious Alchemy Dairy  Gluten Free Oats450g
CUFD,Tesco Free From Multigrain Hoops 300G
CUFD,Sainsbury's Deliciously Free From Oats 450g
CUFD,Nature's Path Gluten Free Mesa Sunrise 355g
CUFD,Sainsbury's Deliciously Free From Fruity Muesli 450g
CUFD,Nairn's Gluten Free Scottish Porridge Oats 450g
CUFD,Sainsbury's Deliciously Free From Cornflakes 300g
CUFD,Nature's Path Gluten Free Granola Mixed Berry 312g
CUFD,Nairn's Gluten Free Oat Muesli 450g
CUFD,Sainsbury's Deliciously Free From Rice Pops 300g
CUFD,Kallo Organic Puffed Rice Cereal Gluten Free 225g
CUFD,Nutri-Brex Gluten Free Cereal x24 375g
CUFD,Go Free Gluten Free Corn Flakes 375g
CUFD,Go Free Gluten Free Honey Nut Flakes 350g
CUFD,Go Free Gluten Free Rice Pops 350g
CUFD,Sainsbury's Deliciously Free From Choco Flakes 300g
CUFD,Weetabix 48Pk
CUFD,Kelloggs Crunchy Nut 1Kg
CUFD,Kelloggs Frosties Cereal 925G
CUFD,Kelloggs Crunchy Nut 500G
CUFD,Jordans Country Crisp  Strawberry 500G
CUFD,Rice Krispies Multigrain Cereal 350G
CUFD,Quaker Oat So Simple Golden Syrup Porridge 57G
CUFD,Weetabix Cereal 24 Pack
CUFD,Tesco Scottish Oats Porridge 2Kg
CUFD,Tesco No Added Sugar Swiss Style Muesli 1Kg
CUFD,Tesco Instant Oats Porridge Pot Apple  Blueberry 55G
CUFD,Scotts Porridge Oats 1Kg
CUFD,Nature Valley Crunchy Granola Oats  Honey 5X42g
CUFD,Belvita Soft Bakes Chocolate Chip 250G
CUFD,Kelloggs Corn Flakes 720G
CUFD,Kelloggs Corn Flakes 500G
CUFD,Kelloggs Coco Pops Cereal Bar 6 X 20G
CUFD,Tesco Wheat Biscuits Cereal 24 Pack
CUFD,Tesco Easy Oats Golden Syrup Flavour 8X36g
CUFD,Weetabix Cereal x24
CUFD,Kellogg's Corn Flakes Breakfast Cereal 500g
CUFD,Sainsbury's Wholegrain Malties Cereal 750g
CUFD,Kellogg's Crunchy Nut Breakfast Cereal 720g
CUFD,Weetabix Cereal x48
CUFD,Sainsbury's Scottish Porridge Oats 1.5kg
CUFD,Sainsbury's Honey Nut Cornflakes 500g
CUFD,Kellogg's Fruit 'n Fibre Original Breakfast Cereal 700g
CUFD,Kellogg's Special K Original Breakfast Cereal 750g
CUFD,Cheerios Multigrain 700g
CUFD,"Sainsbury's Fruit, Nut & Seed Muesli 750g"
CUFD,Daily's Porridge Oats 1kg
CUFD,Kellogg's Frosties Breakfast Cereal 470g
CUFD,"Sainsbury's Granola, Raisin, Nut & Honey 1kg"
CUFD,Sainsbury's Rice Pops 375g
CUFD,Kellogg's Rice Krispies Breakfast Cereal 375g
CUFD,Flahavan's Organic Jumbo Oats 1kg
CUFD,Kellogg's Bran Flakes Breakfast Cereal 750g
CUFD,Nestle Shredded Wheat Bitesize Cereal 720g
CUFD,"Sainsbury's Whole Rolled Porridge Oats, Taste the Difference 750g"
CUFD,Quaker Oat So Simple Original Porridge Sachets 10x27g
CUFD,Alpen Muesli No Added Sugar 550g
CUFD,Scott's Porage Original Porridge Oats 1kg
CUFD,Shredded Wheat Cereal Biscuits x30
CUFD,Kellogg's Rice Krispies Breakfast Cereal 660g
CUFD,Sainsbury's Wholegrain Fruit & Fibre 750g
CUFD,Sainsbury's Choco Hazelnut Squares Cereal 375g
CUFD,Sainsbury's Choco Rice Pops 375g
CUFD,Tesco British Salted Block Butter 250G
CUFD,Tesco British Unsalted Butter 250G
CUFD,Anchor Salted Butter 200G
CUFD,Tesco Organic Butter 250G
CUFD,Tesco Organic Unsalted Butter 250G
CUFD,Kerrygold Pure Irish Block Butter 250G
CUFD,Yeo Valley Organic Block Butter 250G
CUFD,Lurpak Unsalted Butter 200G
CUFD,Lurpak Slightly Salted Spreadable 500G
CUFD,President Unsalted Butter 250G
CUFD,Lurpak Lighter Slightly Salted Butter 200G
CUFD,Lurpak Lighter Slightly Salted Spreadable 500G
CUFD,Flora Plant Butter Unsalted 250G
CUFD,"Sainsbury's British Butter, Salted 250g"
CUFD,Lurpak Slightly Salted Spreadable Blend of Butter & Rapeseed Oil 500g
CUFD,"Sainsbury's British Butter, Unsalted 250g"
CUFD,Lurpak Lighter Spreadable Blend of Butter & Rapeseed Oil 500g
CUFD,Sainsbury's Buttersoft Spreadable Butter 500g
CUFD,Anchor Spreadable Blend of Butter & Rapeseed Oil 500g
CUFD,Anchor Salted Butter 200g
CUFD,Kerrygold Pure Irish Butter 250g
CUFD,Country Life British Salted Butter 250g
CUFD,"Sainsbury's British Butter, Salted 500g"
CUFD,Lurpak Unsalted Spreadable Blend of Butter and Rapeseed Oil 500g
CUFD,Lurpak Slightly Salted Butter 200g
CUFD,"Sainsbury's British Butter Slightly Salted, SO Organic 250g"
CUFD,Lurpak Slightly Salted Spreadable Blend of Butter & Rapeseed Oil 250g
CUFD,"Sainsbury's British Butter Unsalted, SO Organic 250g"
CUFD,Kerrygold Softer Butter 250g
CUFD,Anchor Unsalted Butter 200g
CUFD,Anchor Spreadable Blend of Butter & Rapeseed Oil 750g
CUFD,Anchor Lighter Spreadable Blend of Butter & Rapeseed Oil 500g
CUFD,Lurpak Spreadable Blend of Butter and Rapeseed Oil 750g
CUFD,President Spreadable Slightly Salted Butter 250g
CUFD,Anchor Spreadable Blend of Butter & Rapeseed Oil 250g
CUFD,Lurpak Unsalted Butter 200g
CUFD,Vitalite Dairy Free Spread 500G
CUFD,Stockwell  Co Soft Spread 500G
CUFD,Pure Dairy Free Buttery Spread 500G
CUFD,I Cant Believe Its Not Butter Original Spread 450G
CUFD,Clover Original Spread 1Kg
CUFD,Stork Original Baking Spread 1Kg
CUFD,Tesco Buttery Spread 500G
CUFD,Pure Sunflower 500G
CUFD,Tesco Buttery Spread 1Kg
CUFD,I Cant Believe Its Not Butter Light Spread 450G
CUFD,Tesco Buttery Spread 30 Less Fat 500G
CUFD,Stork Original Baking Spread 500G
CUFD,Flora Buttery Spread 1Kg
CUFD,Tesco Baking Spread 500G
CUFD,Tesco Soft Baking Spread 2Kg
CUFD,Clover Original Spread 500G
CUFD,Clover Lighter Spread 500G
CUFD,Flora Light Spread 1Kg
CUFD,Tesco Baking Block 250G
CUFD,Stork Original Baking Block 250G
CUFD,Benecol Buttery Spread 500G
CUFD,Benecol Light Spread 500G
CUFD,Flora Pro Activ Light Spread 250G
CUFD,Clover Spread 500g
CUFD,Bertolli Olive Oil Spread 450g
CUFD,Clover Light Spread 500g
CUFD,Flora Natural Dairy Free Spread 450g
CUFD,Sainsbury's Butterlicious Spread 500g
CUFD,Flora Buttery Spread 450g
CUFD,Flora Lighter Vegan Spread 450g
CUFD,Sainsbury's Olive Spread 500g
CUFD,Benecol Buttery Spread 500g
CUFD,Vitalite Dairy Free Spread 500g
CUFD,Flora ProActiv Buttery Taste Spread 450g
CUFD,Flora Buttery Spread 1Kg
CUFD,Benecol Light Spread 500g
CUFD,Pure Dairy Free Vegan Olive Spread 500g
CUFD,Bertolli Olive Oil Light Spread 450g
CUFD,Sainsbury's Soft Baking Spread 500g
CUFD,Clover Spread 1kg
CUFD,Utterly Butterly Spread 500g
CUFD,Stork Baking Spread Alternative to Butter 1kg
CUFD,Flora Lighter Vegan Spread 1kg
CUFD,"Naturli Vegan Spread, Organic 450g"
CUFD,Benecol Olive Spread 500g
CUFD,Utterly Butterly Lightly Spread 500g
CUFD,Bertolli Spread 250g
CUFD,Flora Lighter Vegan Spread 250g
CUFD,Utterly Butterly Spread 1kg
CUFD,Sainsbury's Olive Spread 1kg
CUFD,Flora ProActiv Olive Spread 450g
CUFD,Clover Light Spread 1kg
CUFD,Tesco Olive Oil 1L
CUFD,Tesco Extra Virgin Olive Oil 1Ltr
CUFD,Filippo Berio Extra Virgin Olive Oil 1Ltr
CUFD,Tesco Olive Oil 250Ml
CUFD,Tesco Olive Oil 500Ml
CUFD,La Espanola Extra Virgin Olive Oil Litre
CUFD,Tesco Extra Virgin Olive Oil 250Ml
CUFD,Tesco Extra Virgin Olive Oil 500Ml
CUFD,Filippo Berio Extra Virgin Olive Oil 500Ml
CUFD,Filippo Berio Olive Oil 1 Litre
CUFD,Farchioni Il Casolare Extra Virgin Olive Oil 1L
CUFD,Napolina Extra Virgin Olive Oil 500Ml
CUFD,Tesco Light In Colour Olive Oil 1Ltr
CUFD,Napolina Extra Virgin Olive Oil 1Ltr
CUFD,Tesco Organic Extra Virgin Olive Oil 500Ml
CUFD,Napolina Olive Oil 500Ml
CUFD,Filippo Berio Mild  Light Olive Oil 1Ltr
CUFD,Napolina Olive Oil 1Lt
CUFD,Filippo Berio Pure Olive Oil 500 Ml
CUFD,Filippo Berio Mild  Light Olive Oil 500Ml
CUFD,Tesco Greek Extra Virgin Olive Oil 500Ml
CUFD,Napolina Olive Oil Spray 200Ml
CUFD,Belazu Crete Gold Extra Virgin Olive Oil 500Ml
CUFD,Napolina Extra Virgin Olive Oil 750ml
CUFD,Napolina Olive Oil 750ml
CUFD,"Sainsbury's Olive Oil, Extra Virgin 1L"
CUFD,Sainsbury's Olive Oil 1L
CUFD,Frylight 1 Cal Extra Virgin Olive Oil Cooking Spray 190ml
CUFD,Sainsbury’s Sunflower & Extra Virgin Olive Oil 500ml
CUFD,Sainsbury's Olive Oil 500ml
CUFD,"Sainsbury's Olive Oil, Extra Virgin 250ml"
CUFD,Il Casolare Unfiltered Extra Virgin Olive Oil 1L
CUFD,Filippo Berio Organic Extra Virgin Olive Oil 500ml
CUFD,"Sainsbury's Olive Oil, Extra Virgin 2L"
CUFD,"Filippo Berio Olive Oil, Extra Virgin 750ml"
CUFD,"Sainsbury's Unfiltered Extra Virgin Olive Oil, SO Organic 500ml"
CUFD,"Sainsbury's Garlic Flavoured Olive Oil, Inspired to Cook 250ml"
CUFD,Napolina Extra Virgin Olive Oil 500ml
CUFD,Sainsbury's Olive Oil 250ml
CUFD,Sainsbury's Extra Virgin Olive Oil Spray 200ml
CUFD,La Espanola Extra Virgin Olive Oil 750ml
CUFD,"Filippo Berio Olive Oil, Extra Virgin 500ml"
CUFD,Napolina Olive Oil 500ml
CUFD,"Sainsbury's Olive Oil, Light In Colour 1L"
CUFD,Karyatis Greek Extra Virgin Olive Oil 500ml
CUFD,Sainsbury's Olive Oil 2L
CUFD,"Sainsbury's Chilli Flavoured Olive Oil, Inspired to Cook 250ml"
CUFD,Filippo Berio Olive Oil 750ml
CUFD,Filippo Berio Extra Virgin Olive Oil 1L
CUFD,Odysea Greek Extra Virgin Olive Oil 500ml
CUFD,Filippo Berio Mild & Light Olive Oil 500ml
CUFD,Tesco Tuna Chunks In Spring Water 145G
CUFD,Tesco Tuna Chunks In Brine 145G
CUFD,Princes Tuna Chunks In Spring Water 4X145g
CUFD,Tesco Drained Tuna Steak In Spring Water 110G
CUFD,Stockwell  Co Tuna Chunks In Brine 145G
CUFD,Princes Tuna Chunks In Brine 4X145g
CUFD,Princes Tuna Chunks In Sunflower Oil 4X145g
CUFD,Tesco Tuna Chunks In Sunflower Oil 145G
CUFD,Tesco Drained Tuna Steak In Brine 110G
CUFD,Tesco Drained Tuna Steak In Sunflower Oil 110G
CUFD,Tesco Tuna Chunks In Spring Water 3X80g
CUFD,Princes Drained Tuna Steak In Spring Water 3X110g
CUFD,Rio Mare Tuna In Olive Oil 160G
CUFD,Princes Drained Tuna Steak In Sunflower Oil3x110g
CUFD,Princes Tuna Chunks In Spring Water 8 X 145G
CUFD,Princes Drained Tuna Steak In Brine 3X110g
CUFD,Princes Drained Tuna Steak In Spring Water 3X60g
CUFD,Princes Drained Tuna Steak In Sunflower Oil 3X60g
CUFD,Tesco Baked Beans In Tomato Sauce 420G
CUFD,Ortiz El Velero Yellow Fin Tuna in Olive Oil 112g
CUFD,Ortiz Bonito Tuna In Olive Oil 158g
CUFD,Sainsbury's Tuna Steak in Spring Water 3x120g
CUFD,Princes Tuna Chunks in Spring Water 4x145g
CUFD,Princes Tuna Chunks in Sunflower Oil 4x145g
CUFD,Sainsbury's Tuna Drained & Ready Water 120g
CUFD,John West No Drain Fridge Pot Tuna Steak with a Little Spring Water 3 x 110g
CUFD,John West Tuna Chunks in Spring Water 4x145g
CUFD,Princes Tuna Chunks in Brine 4x145g
CUFD,Princes Tuna Chunks in Spring Water 3x80g (3x56g*)
CUFD,Sainsbury's Tuna Steak in Sunflower Oil 3x120g
CUFD,John West No Drain Fridge Pot Tuna Steak with a Little Olive Oil 3 x 110g
CUFD,John West Immunity No Drain Tuna Steak with Springwater 3x110g
CUFD,John West Lower Salt Tuna Chunks in Spring Water 3x145g
CUFD,Princes Drained & Ready to Use Tuna Steak with a Little Spring Water 3x110g
CUFD,Heinz Baked Beans In Tomato Sauce 4X415g
CUFD,Branston Beans In Tomato Sauce 410G
CUFD,Heinz Baked Beans In Tomato Sauce 415G
CUFD,Heinz Beanz No Added Sugar 4 X 415G
CUFD,Heinz Baked Beans 3X200g
CUFD,Stockwell  Co Baked Beans In Tomato Sauce 420G
CUFD,Tesco Baked Beans In Tomato Sauce 220G
CUFD,Tesco Reduced Sugar And Salt Baked Beans In Tomato Sauce 420G
CUFD,Branston Beans In Tomato Sauce 220G
CUFD,Heinz Baked Beans No Added Sugar 4 Pack 4 X 200G
CUFD,Heinz Baked Beans No Added Sugar 415G
CUFD,Heinz Baked Beans In Tomato Sauce 150G
CUFD,Tesco Reduced Sugar  Salt Baked Beans 220G
CUFD,Heinz Baked Beans In Tomato Sauce 200G
CUFD,Tesco Baked Beans  Pork Sausages In Tomato Sauce 395G
CUFD,Heinz Beanz Snap Pots 4X200g
CUFD,Heinz Baked Beans  Pork Sausages 415G
CUFD,Heinz Beanz No Added Sugar 200G
CUFD,Stockwell  Co Baked Beans  Pork Sausages 405G
CUFD,Tesco Organic Baked Beans 420G
CUFD,Branston Beans  Sausages 405G
CUFD,Heinz Beanz Barbecue 390G
CUFD,Del Monte Fruit Cocktail In Juice 415G
CUFD,Heinz Baked Beans in a Rich Tomato Sauce 4 x 415g
CUFD,Heinz Baked Beans in a Rich Tomato Sauce 6 x 415g
CUFD,Heinz No Added Sugar Baked Beans in a Rich Tomato Sauce 6 x 415g
CUFD,Hubbard's Foodstore Baked Beans In Tomato Sauce 400g
CUFD,Heinz Baked Beans in a Rich Tomato Sauce 3 x 200g
CUFD,Sainsbury's Baked Beans In Tomato Sauce 200g
CUFD,Heinz Baked Beans in a Rich Tomato Sauce 415g
CUFD,Branston Baked Beans 4x410g
CUFD,"Sainsbury's Baked Beans In Reduced Sugar & Salt, Tomato Sauce 200g"
CUFD,Sainsbury's Baked Beans In Tomato Sauce 4x400g
CUFD,Sainsbury's Reduced Sugar & Salt Baked Beans In Tomato Sauce 4x400g
CUFD,Sainsbury's Reduced Sugar & Salt Baked Beans In Tomato Sauce 400g
CUFD,Heinz Baked Beans Snap Pots 4 x 200g
CUFD,Sainsbury's Baked Beans 6x400g
CUFD,Heinz Baked Beans in a Rich Tomato Sauce 200g
CUFD,Heinz Baked Beans in a Rich Tomato Sauce 150g
CUFD,Branston Baked Beans 220g
CUFD,Sainsbury's Baked Beans in Tomato Sauce 400g
CUFD,Branston Baked Beans in a Rich & Tasty Tomato Sauce 6x410g
CUFD,Heinz Baked Beans and Sausages 415g
CUFD,Heinz No Added Sugar Baked Beans in a Rich Tomato Sauce 4 x 415g
CUFD,Heinz Baked Beans and Pork Sausages 200g
CUFD,Heinz No Added Sugar Baked Beans in a Rich Tomato Sauce 415g
CUFD,"Sainsbury's Baked Beans, SO Organic 400g"
CUFD,Branston Baked Beans 410g
CUFD,Heinz No Added Sugar Baked Beans in a Rich Tomato Sauce 200g
CUFD,Sainsbury's Baked Beans With Meatfree Meat Free Sausages 400g
CUFD,Branston Baked Beans & Sausages 405g
CUFD,HP Baked Beans 4x415g
CUFD,Heinz Baked Beans Barbecue 390g
CUFD,Del Monte Peach Slices In Juice 415G
CUFD,Tesco Tropical Fruit Salad 425G
CUFD,Tesco Evaporated Milk 410G
CUFD,Del Monte Fruit Cocktail In Syrup 420G
CUFD,Tesco Pineapple Slices In Natural Juice 227G
CUFD,Tesco Pear Halves In Juice 410G
CUFD,Tesco Pineapple Slices In Juice 425G
CUFD,Princes Summer Fruit Filling 410G
CUFD,Del Monte Peach Halves In Juice 415G
CUFD,Del Monte Pineapple Chunks In Juice 432G
CUFD,Del Monte Sliced Pineapple In Juice 435G
CUFD,Tesco Basmati Rice 1Kg
CUFD,Sainsbury's Peach Slices In Fruit Juice 411g
CUFD,Sainsbury's Prunes in Fruit Juice 410g
CUFD,Sainsbury's Pineapple Chunks in Fruit Juice 432g
CUFD,Del Monte Fruit Cocktail In Juice 415g (250g Drained)
CUFD,Sainsbury's Apricot Halves in Fruit Juice 411g
CUFD,Sainsbury's Mandarin Segments in Fruit Juice 298g
CUFD,Sainsbury's Pear Halves in Refined Fruit Juice 411g
CUFD,Sainsbury's Peach Slices In Fruit Juice 213g
CUFD,Dole Peaches In Juice Fruit Snacks 4x113g
CUFD,Tesco Microwave Basmati Rice 250G
CUFD,Tesco Basmati Rice 2Kg
CUFD,Tesco Basmati Rice 4Kg
CUFD,Laila Basmati Rice 10Kg
CUFD,Tilda Pure Original Basmati Rice 10Kg
CUFD,Tilda Basmati Rice 1Kg
CUFD,Tilda Pure Steamed Basmati Rice Classic 250G
CUFD,Akash Basmati Rice 10Kg
CUFD,Growers Harvest Microwave Basmati Rice 250G
CUFD,Tilda Basmati Rice 500G
CUFD,Tilda Pure Original Basmati Rice 5Kg
CUFD,Laila Basmati Rice 5Kg
CUFD,Tesco Easy Cook Basmati Rice 1Kg
CUFD,Kohinoor Extra Flavour Basmati Rice 10Kg
CUFD,Tesco Boil In The Bag Basmati Rice 4 X 125G
CUFD,Badshah Superior Aged Basmati Rice 5Kg
CUFD,Kohinoor Classic Basmati Rice 10Kg
CUFD,Akash Gold Basmati Rice 10Kg
CUFD,Laila Basmati Rice 2Kg
CUFD,Tesco Organic Basmati Rice 500G
CUFD,Tesco Jasmine Rice 1Kg
CUFD,Ben's Original Classic Basmati Microwave Rice 220g
CUFD,Sainsbury's Microwave Rice Basmati 250g
CUFD,Sainsbury's Basmati Rice 1kg
CUFD,Tilda Microwave Rice Pure Basmati 250g
CUFD,Sainsbury's Microwave Rice Brown Basmati 250g
CUFD,Tilda Microwave Rice Wholegrain Basmati 250g
CUFD,Tilda Microwave Rice Lime & Coriander Basmati 250g
CUFD,Tilda Microwave Rice Pilau Basmati 250g
CUFD,Tilda Pure Basmati Rice 500g
CUFD,Sainsbury's Basmati Rice 500g
CUFD,Tilda Pure Basmati Rice 1kg
CUFD,Sainsbury's Boil In The Bag Basmati Rice 4x125g
CUFD,Veetee Heat& Eat Basmati Rice Pots x2 250g
CUFD,Tilda Microwave Rice Wholegrain Pilau Basmati 250g
CUFD,Tilda Wholegrain Basmati Rice 1kg
CUFD,Sainsbury's Basmati Rice 2kg
CUFD,Tilda Pure Basmati Rice 5kg
CUFD,Laila Basmati Rice 5kg
CUFD,Tilda Boil in Bag Pure Basmati Rice 250g
CUFD,Trophy Indian Basmati Rice 10kg
CUFD,Tilda Pure Basmati Rice 2kg
CUFD,Tesco Thai Hom Mali Aaa Jasmine Fragrant Rice 5Kg
CUFD,Tilda Thai Jasmine Rice 500G
CUFD,Tesco Microwave Jasmine Rice 250G
CUFD,Tilda Jasmine Fragrant Rice 250G
CUFD,Veetee Heat Eat Thai Jasmine Rice 2X140g
CUFD,Royal Umbrella Thai Jasmine Rice 1Kg
CUFD,Bens Original Long Grain Rice 500G
CUFD,Mai Thai AAA Jasmine Fragrant Rice 5kg
CUFD,Veetee Heat& Eat Thai Jasmine Rice Pots 280g
CUFD,Tilda Fragrant Jasmine Rice 500g
CUFD,Sainsbury's Microwave Rice Brown 250g
CUFD,Tesco Tuna Chunks In Sunflower Oil 400G
CUFD,Bens Original Classic Long Grain Microwave Rice 220G
CUFD,Tesco Easy Cook Long Grain Rice 1Kg
CUFD,Tesco Microwave Long Grain Rice 250G
CUFD,Grower Harvest Long Grain Rice 1Kg
CUFD,Tesco Easy Cook Rice 2Kg
CUFD,Tesco Organic Easy Cook Long Grain Rice 500G
CUFD,Tesco Easy Cook Long Grain Rice 4Kg
CUFD,Ben's Original Classic Long Grain Microwave Rice 220g
CUFD,Sainsbury's Microwave Rice Long Grain White 250g
CUFD,Sainsbury's Easy Cook Long Grain White Rice 1kg
CUFD,Sainsbury's Long Grain Rice 1kg
CUFD,Bens Original Boil in Bag Long Grain Rice 8x62.5g
CUFD,Sainsbury's Easy Cook Long Grain White Rice 2kg
CUFD,Sainsbury's Easy Cook Long Grain White Rice 500g
CUFD,Bens Original Long Grain Rice 1kg
CUFD,Veetee Heat& Eat Long Grain Rice Pots x2 260g
CUFD,Tilda Microwave Rice Premium USA Long Grain 250g
CUFD,Liberty Easy Cook Long Grain Rice 5kg
CUFD,Sainsbury's Long Grain Rice 2kg
