FSFF,Tesco Organic 2 Boneless Salmon Fillets 265G
FSFF,Tesco Finest 2 Scottish Loch Trout Fillets 260G
FSFF,Leap Wild Smoked Sockeye Salmon 100G
FSFF,Tesco Hot Smoked Roasted Salmon Fillets 180G
FSFF,Tesco Finest Scottish Salmon Fillets 240G
FSFF,Tesco Boneless Haddock Fillets 280G
FSFF,Sainsbury's Skin on ASC Scottish Salmon Fillets x2 240g
FSFF,Harbour Smokehouse Salmon 100g
FSFF,Sainsbury's ASC Scottish Mild Smoked Salmon 100g (Ready to Eat)
FSFF,Sainsbury's Skin on ASC Scottish Salmon Fillets x4 480g
FSFF,Mowi Scottish Salmon Fillets 230g
FSFF,Sainsbury's ASC Scottish Mild Smoked Salmon 200g (Ready to Eat)
FSFF,"Sainsbury's ASC Oak Smoked Scottish Salmon, Taste the Difference 100g (Ready to eat)"
FSFF,Sainsbury's Scottish Smoked Salmon Trimmings 100g (Ready to Eat)
FSFF,"Sainsbury's Skinless ASC Scottish Salmon Fillets, Taste the Difference x2 240g"
FSFF,Mowi Smoked Scottish Salmon Slices x4 100g
FSFF,"Sainsbury's Skinless ASC lightly Smoked Scottish Salmon Fillets, Taste the Difference x2 240g"
FSFF,"Sainsbury's Loch Trout Fillets, Taste the Difference x2 240g"
FSFF,Sainsbury's Skin on ASC Scottish Salmon Fillet 600g
FSFF,Sainsbury's Skin on ASC Scottish Salmon Fillet Tails 140g
FSFF,"Sainsbury's Skin on ASC Scottish Salmon Fillets, So Organic x2 240g"
FSFF,Sainsbury's Honey Roast ASC Scottish Salmon Portions x2 180g (Ready to eat)
FSFF,"Sainsbury's ASC Scottish Smoked Salmon, So Organic 100g (Ready to Eat)"
FSFF,"Sainsburys Hebridean Kiln Dried Thick Sliced ASC Scottish Smoked Salmon, Taste the Difference 100g (Ready to Eat)"
FSFF,Wild Fish Discovery Keta Salmon x2 230g
FWFF,Tesco 2 Lemon  Pepper Sea Bass Fillets 200G
FWFF,Tesco 2 Boneless Sea Bass Fillets 180G
FWFF,Tesco 4 Boneless Sea Bass Fillets 360G
FWFF,Tesco Boneless Smoked Haddock 280G
FWFF,Tesco 2 Cape Hake Fillets 240G
FWFF,Tesco 2 Skinless  Boneless Basa Fillets 250G
FWFF,Tesco 2 Boneless Cod Fillets 280G
FWFF,Tesco Finest Skinless  Boneless Cod Loins 280G
FWFF,Tesco Finest Skinless  Boneless Cod Loins 280G
FWFF,Tesco Finest Raw Jumbo King Prawns 165G
FWFF,Fish Said Fred Big Cod Fillets x2 320g
FWFF,Fish Said Fred Glorious Whole Sea Bream x2 520g
FWFF,Sainsbury's Sea Bass Fillets ASC 180g
FWFF,Sainsbury's Skinless & Boneless Smoked Haddock Fillets 240g
FWFF,"Sainsbury's Cod Fillets, Boneless & Skinless 250g"
FWFF,Fish Said Fred Big Sea Bass Fillets 240g
FWFF,Sainsbury’s Smoked Basa fillets ASC 240g
FWFF,Sainsbury's Basa Fillets ASC 250g
FWFF,Sainsbury's Skinless & Boneless Haddock Fillets 260g
FWFF,Sainsbury’s Sea Bass Fillets ASC x4 360g
FWFF,"Sainsbury's Smoked Cod Fillets, Boneless & Skinless 230g"
FWFF,Sainsbury's Butterflied Sea Bass 255g
PRAW,Tesco Raw King Prawns 165G
PRAW,Tesco Lemon  Garlic King Prawns 150G
PRAW,Tesco Chilli  Lime King Prawns 150G
PRAW,Tesco Cold Water Prawns 150G
PRAW,Tesco Finest Canadian Cooked Prawns 150G
PRAW,Seachill Cooked Peeled King Prawns 150G
PRAW,Tesco Finest Raw Argentinian Red Shrimp 180G
PRAW,Tesco Finest Pil Pil King Prawns 220G
PRAW,Tesco Cooked  Peeled King Prawns 150G
PRAW,Tesco Organic Cooked  Peeled Black Tiger Prawns 150G
PRAW,Tesco Finest Unsmoked Dry Cure Streaky
PRAW,Tesco Finest Smoked Dry Cure Streaky Bacon
PRAW,Sainsbury's Large King Prawns ASC 150g
PRAW,Fisherman King Prawns 140g
PRAW,Sainsbury's Peeled Coldwater Prawns MSC 150g
PRAW,"Sainsbury's Canadian Peeled Coldwater Prawns, Taste the Difference MSC 150g"
PRAW,"Sainsbury's Large King Prawns ASC, Taste the Difference 150g"
PRAW,"Sainsbury's Coldwater Prawn Cocktail, Be Good to Yourself MSC 170g"
PRAW,Sainsbury's Large King Prawns ASC 300g
PRAW,Sainsbury's Raw King Prawns ASC 165g
PRAW,Sainsbury's King Prawns ASC in Garlic & Parsley ASC 150g
PRAW,"Sainsbury's Large Raw Peeled King Prawns ASC, Taste the Difference 165g"
PRAW,"Sainsbury's King Prawns ASC, So Organic 150g"
PRAW,"Sainsbury's Large Black Tiger Prawns ASC, Taste the Difference 150g"
PRAW,"Sainsbury's Jumbo King Prawn ASC Crevettes, Taste the Difference 200g"
