AVOC,TRipe  Ready Twin Pack Avocados
AVOC,Tesco Ripe  Ready Avocado
AVOC,Tesco Ripen At Home Avocados 3Pack
AVOC,TReady To Eat Large Avocados Each
AVOC,Tesco Smashed Avocado With Chilli - 200G
AVOC,By Sainsbury’s Medium Ripe & Ready Avocado
AVOC,Sainsbury’s Medium Ripe & Ready Avocados x2
AVOC,By Sainsbury’s Large Ripe & Ready Avocado
AVOC,Sainsbury’s Baby Ripen at Home Avocados x4
AVOC,By Sainsbury’s 4 Small Ripe & Ready Avocados
AVOC,SO Organic Medium Ripe & Ready Avocados x2
AVOC,Ripe & Ready Avocados 2 pk
AVOC,Ripe & Ready Avocados 4 pk
AVOC,Loose Avocado
AVOC,Ripe & Ready Avocados 6 pk
AVOC,Waitrose Ripe & Ready Avocado Twin Pack
AVOC,Aldi Ripe & Ready Avocado
AVOC,Morrisons Ripe & Ready Avocado
AVOC,Lidl Ripe & Ready Avocado
AVOC,Asda Ripe & Ready Avocado
AVOC,Co-op Ripe & Ready Avocado
AVOC,M&S Ripe & Ready Avocado
AVOC,Ocado Ripe & Ready Avocado
AVOC,Whole Foods Market Organic Hass Avocado
AVOC,Trader Joe's Hass Avocado
AVOC,Fresh Thyme Farmers Market Ripe & Ready Avocado
AVOC,The Fresh Market Hass Avocado
AVOC,Kroger Ripe & Ready Avocado
AVOC,Meijer Ripe & Ready Avocado
AVOC,Publix Ripe Hass Avocado
AVOC,Wegmans Ripe & Ready Avocado
AVOC,H-E-B Ripe & Ready Avocado
AVOC,Sprouts Farmers Market Hass Avocado
AVOC,Giant Eagle Ripe & Ready Avocado
AVOC,Hy-Vee Ripe & Ready Avocado
AVOC,WinCo Foods Ripe & Ready Avocado
AVOC,FreshDirect Hass Avocado
AVOC,Fresh & Easy Ripe & Ready Avocado
AVOC,Save-On-Foods Ripe & Ready Avocado
AVOC,Food Lion Ripe & Ready Avocado
AVOC,Safeway Ripe & Ready Avocado
AVOC,Ralphs Ripe & Ready Avocado
AVOC,Vons Ripe & Ready Avocado
AVOC,Fred Meyer Ripe & Ready Avocado
AVOC,PCC Community Markets Organic Hass Avocado
AVOC,Fairway Market Ripe & Ready Avocado
AVOC,Shaw's Ripe & Ready Avocado
AVOC,Hannaford Ripe & Ready Avocado
AVOC,Giant Food Ripe & Ready Avocado
AVOC,Stop & Shop Ripe & Ready Avocado.
BANA,Waitrose Duchy Organic Fairtrade Bananas 5 pack
BANA,Aldi Bananas Loose
BANA,Morrisons Bananas Loose
BANA,Lidl Bananas Loose
BANA,Asda Bananas 6 pack
BANA,Co-op Fairtrade Bananas Loose
BANA,M&S Select Farms Fairtrade Bananas 5 pack
BANA,Ocado Bananas Loose
BANA,Whole Foods Market Organic Fairtrade Bananas
BANA,Trader Joe's Bananas
BANA,Fresh Thyme Farmers Market Bananas
BANA,The Fresh Market Bananas
BANA,Kroger Bananas
BANA,Meijer Bananas
BANA,Publix Bananas
BANA,Wegmans Bananas
BANA,H-E-B Bananas
BANA,Sprouts Farmers Market Bananas
BANA,Giant Eagle Bananas
BANA,Hy-Vee Bananas
BANA,WinCo Foods Bananas
BANA,FreshDirect Bananas
BANA,Fresh & Easy Bananas
BANA,Save-On-Foods Bananas
BANA,Food Lion Bananas.
BANA,Organic Bananas 700 g
BANA,Bananas 750 g
BANA,Bananas Tray 1.2 kg
BANA,Organic Bananas 1.2 kg
BANA,Small Bananas 800 g
BANA,Large Bananas 950 g
BANA,Bananas 1.2 kg
BANA,Bananas Loose
BANA,Tesco Organic Fair Trade Bananas 5 Pack
BANA,Sainsbury's Fairtrade Bananas Loose
BANA,Sainsbury's Fairtrade Bananas x5
BLUE,Tesco Blueberries 350G
BLUE,Tesco Blueberries 150G
BLUE,Tesco Blueberries 250G
BLUE,Tesco Blueberries 500G
BLUE,Tesco Finest Blueberries 150G Class 1
BLUE,Tesco Organic Blueberries 150G
BLUE,Sainsbury's Blueberries 300g
BLUE,Sainsbury's Blueberries 150g
BLUE,Sainsbury's Blueberries 500g
BLUE,Blueberries 180 g
BLUE,Flavourburst™ Blueberries 180 g
BLUE,Sprouts Farmers Market Blueberries 6oz
BLUE,Giant Eagle Blueberries 6oz
BLUE,Hy-Vee Blueberries Pint
BLUE,WinCo Foods Blueberries 6oz
BLUE,FreshDirect Blueberries Pint
BLUE,Fresh & Easy Blueberries 6oz
BLUE,Save-On-Foods Blueberries Pint
BLUE,Food Lion Blueberries Pint
BLUE,Ralphs Blueberries 6oz
BLUE,Vons Blueberries 6oz
BLUE,Fred Meyer Blueberries 6oz
BLUE,PCC Community Markets Organic Blueberries Pint
BLUE,Fairway Market Blueberries Pint
BLUE,Shaw's Blueberries 6oz
BLUE,Hannaford Blueberries Pint
BLUE,Giant Food Blueberries 6oz
BLUE,Stop & Shop Blueberries 6oz
BLUE,Albertsons Blueberries 6oz
BLUE,Acme Blueberries 6oz
BLUE,Price Chopper Blueberries Pint
BLUE,Walmart Blueberries 6oz
BLUE,Target Blueberries Pint
BLUE,CVS Blueberries Pint
BLUE,Walgreens Blueberries Pint
BLUE,Rite Aid Blueberries Pint
APPL,Rosedene Farms Gala Apples 6 Pack
APPL,Large Pink Lady Apples Class 1 Loose
APPL,Tesco Pink Lady Apple Minimum 5 Pack
APPL,Large Braeburn Apples Loose Class 1
APPL,Tesco Large Gala Apples Class 1 Loose
APPL,Rosedene Farms Small Apple 6 Pack
APPL,Tesco Gala Apple Minimum 5 Pack
APPL,Tesco Braeburn Apple Minimum 5 Pack
APPL,Tesco British Apple Minimum 5 Pack
APPL,Tesco Granny Smith Apple Minimum 5 Pack
APPL,Tesco Jazz Apple
APPL,Large Granny Smith Apples Class 1 Loose
APPL,Tesco Golden Delicious Apple Minimum 5
APPL,Rosedene Farms Braeburn Apples 6 Pack
APPL,Tesco Organic Gala Apples 630G
APPL,Sainsbury's Royal Gala Apples x6
APPL,Sainsbury's SO Organic Apples x6
APPL,Sainsbury's Braeburn Apples x6
APPL,Sainsbury's Pink Lady Apples x6
APPL,Sainsbury's Pink Lady Apples x4
APPL,Sainsbury's Granny Smith Apples x6
APPL,Sainsbury's Jazz Apples x6
APPL,Sainsbury's British Bramley Cooking Apples Loose
APPL,"Sainsbury's Royal Gala Apples, SO Organic x6"
APPL,Sainsbury's Cox Apples
APPL,Sainsbury's Braeburn Apple Single
APPL,Imperfectly Tasty Gala Apples x6
APPL,Sainsbury's Pink Lady Apple Single
APPL,Sainsbury's Golden Delicious Apples x6
APPL,Sainsbury's Mini Apples x6
APPL,Sainsbury's Best Of British Apples x6
APPL,Sainsbury's Kanzi Apples x6
APPL,Sainsbury's Apples 1kg
APPL,Waitrose Royal Gala Apples 6 pack
APPL,Aldi Gala Apples 6 pack
APPL,Morrisons Gala Apples 6 pack
APPL,Lidl Braeburn Apples Loose
APPL,Asda Gala Apples 6 pack
APPL,Co-op Gala Apples 6 pack
APPL,M&S Select Farms Gala Apples 6 pack
APPL,Ocado Braeburn Apples Loose
APPL,Whole Foods Market Organic Gala Apples
APPL,Trader Joe's Honeycrisp Apples 2lbs
APPL,Fresh Thyme Farmers Market Gala Apples 3lbs
APPL,Kroger Gala Apples 3lbs
APPL,Meijer Gala Apples 3lbs
APPL,Publix Gala Apples 3lbs
APPL,Wegmans Gala Apples 3lbs
APPL,H-E-B Gala Apples 3lbs
APPL,Sprouts Farmers Market Gala Apples 3lbs
APPL,Giant Eagle Gala Apples 3lbs
APPL,Hy-Vee Gala Apples 3lbs
APPL,WinCo Foods Gala Apples 3lbs
APPL,FreshDirect Gala Apples 3lbs
APPL,Fresh & Easy Gala Apples 3lbs
APPL,Save-On-Foods Gala Apples 3lbs
APPL,Food Lion Gala Apples 3lbs
GRAP,Sprouts Farmers Market Seedless Grapes 2lbs
GRAP,Giant Eagle Seedless Grapes 2lbs
GRAP,Hy-Vee Seedless Grapes 2lbs
GRAP,WinCo Foods Seedless Grapes 2lbs
GRAP,FreshDirect Seedless Grapes 2lbs
GRAP,Fresh & Easy Seedless Grapes 2lbs
GRAP,Save-On-Foods Seedless Grapes 2lbs
GRAP,Food Lion Seedless Grapes 2lbs
GRAP,Ralphs Seedless Grapes 2lbs
GRAP,Vons Seedless Grapes 2lbs
GRAP,Fred Meyer Seedless Grapes 2lbs
GRAP,PCC Community Markets Organic Seedless Grapes
GRAP,Fairway Market Seedless Grapes 2lbs
GRAP,Shaw's Seedless Grapes 2lbs
GRAP,Hannaford Seedless Grapes 2lbs
GRAP,Giant Food Seedless Grapes 2lbs
GRAP,Stop & Shop Seedless Grapes 2lbs
GRAP,Albertsons Seedless Grapes 2lbs
GRAP,Acme Seedless Grapes 2lbs
GRAP,Price Chopper Seedless Grapes 2lbs
GRAP,Walmart Seedless Grapes 2lbs
GRAP,Target Seedless Grapes 2lbs
GRAP,CVS Seedless Grapes 2lbs
GRAP,Walgreens Seedless Grapes 2lbs
GRAP,Rite Aid Seedless Grapes 2lbs
GRAP,Tesco Red Seedless Grapes Punnet 500G
GRAP,Tesco Green Seedless Grapes Punnet 500G
GRAP,Tesco Seedless Grape Selection Pack 500G
GRAP,Suntrail Farms Grapes 500G
GRAP,Tesco Black Seedless Grapes 500G
GRAP,Tesco Finest Red Grapes Seedless 400G
GRAP,Tesco Finest Green Grapes Seedless 400G
GRAP,Tesco Finest Black Grapes Seedless 400G
GRAP,Suntrail Farms Green Grapes 500G
GRAP,Tesco Large Selection Grapes 800G Pack
GRAP,Tesco Grapes 110G
GRAP,"Sainsbury's Black Sable Seedless Grapes, Taste the Difference 400g"
GRAP,Sainsbury's Red Seedless Grapes 500g
GRAP,Sainsbury's White Seedless Grapes 500g
GRAP,Sainsbury's Red & White Seedless Grapes 500g
GRAP,Sainsbury's Mixed Grapes 900g
GRAP,Sainsbury's Black Seedless Grapes 500g
GRAP,Imperfectly Tasty Grapes 500g
GRAP,Sainsbury's Red Grapes 300g
GRAP,Sainsbury's White Grapes 300g
GRAP,"Sainsbury's Vitoria Grape, Taste the Difference 400g"
KIWI,Waitrose Kiwi Fruit x4
KIWI,Aldi Kiwi Fruit x8
KIWI,Morrisons Kiwi Fruit x6
KIWI,Lidl Kiwi Fruit x5
KIWI,Asda Kiwi Fruit x6
KIWI,Co-op Kiwi Fruit x6
KIWI,M&S Kiwi Fruit x6
KIWI,Ocado Kiwi Fruit x6
KIWI,Whole Foods Market Organic Kiwi Fruit x4
KIWI,Trader Joe's Kiwi Fruit x4
KIWI,Fresh Thyme Farmers Market Kiwi Fruit x4
KIWI,Kroger Kiwi Fruit x4
KIWI,Publix Kiwi Fruit x4
KIWI,Wegmans Kiwi Fruit x4
KIWI,H-E-B Kiwi Fruit x4
KIWI,Sprouts Farmers Market Kiwi Fruit x4
KIWI,Giant Eagle Kiwi Fruit x4
KIWI,Hy-Vee Kiwi Fruit x4
KIWI,WinCo Foods Kiwi Fruit x4
KIWI,FreshDirect Kiwi Fruit x4
KIWI,Large Kiwi Fruit Class 1 Each
KIWI,Tesco Perfectly Ripe Kiwi
KIWI,Suntrail Farms Kiwi X6
KIWI,Tesco Perfectly Ripe Gold Kiwi 4 Pack
KIWI,Sainsbury's Kiwi Fruit x6
KIWI,Sainsbury's Ripe & Ready Kiwi x4
KIWI,Sainsbury's Large Kiwi Fruit Single
KIWI,"So Kiwi, Organic x4"
LEMN,Tesco Lemons 4 Pack
LEMN,Tesco Organic Unwaxed Lemons Minimum 3 Pack
LEMN,Sainsbury's Lemons
LEMN,Sainsbury's Lemons Unwaxed minimum 5
LEMN,Imperfectly Tasty Lemons x5
LEMN,"Sainsbury's Lemons Unwaxed, SO Organic x3"
LEMN,Waitrose Essential Lemons x5
LEMN,Aldi Lemons x5
LEMN,Morrisons Lemons x5
LEMN,Lidl Lemons x5
LEMN,Asda Lemons x5
LEMN,Co-op Lemons x5
LEMN,M&S Lemons x5
LEMN,Ocado Lemons x5
LEMN,Whole Foods Market Organic Lemons x2
LEMN,Trader Joe's Lemons x2
LEMN,Fresh Thyme Farmers Market Lemons x2
LEMN,Kroger Lemons x2
LEMN,Publix Lemons x2
LEMN,Wegmans Lemons x2
LEMN,H-E-B Lemons x2
LEMN,Sprouts Farmers Market Lemons x2
LEMN,Giant Eagle Lemons x2
LEMN,Hy-Vee Lemons x2
LEMN,WinCo Foods Lemons x2
LEMN,FreshDirect Lemons x2
ORNG,Waitrose Essential Oranges x5
ORNG,Aldi Oranges x5
ORNG,Morrisons Oranges x5
ORNG,Lidl Oranges x4
ORNG,Asda Extra Special Navel Oranges 4 pack
ORNG,Co-op Oranges x5
ORNG,M&S Select Farms Valencia Oranges x5
ORNG,Ocado Oranges x5
ORNG,Whole Foods Market Organic Oranges x4
ORNG,Trader Joe's Navel Oranges 4 pack
ORNG,Fresh Thyme Farmers Market Oranges 3lbs
ORNG,Kroger Navel Oranges 3lbs
ORNG,Publix Navel Oranges 3lbs
ORNG,Wegmans Navel Oranges 3lbs
ORNG,H-E-B Navel Oranges 3lbs
ORNG,Tesco Orange Minimum 5 Pack
ORNG,Jaffa Oranges Minimum 4 Pack
ORNG,Tesco Finest Emperor Oranges 4 Pack
ORNG,Suntrail Farms Orange Minimum 5 Pack
ORNG,"Sainsbury's Oranges, Taste the Difference x4"
ORNG,Sainsbury's Tangerines 600g
ORNG,Sainsbury's Oranges Large x4
ORNG,Sainsbury's Oranges x5
ORNG,Sainsbury's Oranges
ORNG,Imperfectly Tasty Oranges x5
ORNG,Sainsbury's Satsumas 600g
PINE,Tesco Pineapple Chunks 300G
PINE,Tesco Pineapple Chunks 145G
PINE,Tesco Pineapple 500G
PINE,Tesco Pineapple Chunks 450G
PINE,Sainsbury's Pineapple
PINE,Sainsbury's Large Pineapple
PINE,Sainsbury’s Pineapple 500g
PINE,Waitrose Pineapple Chunks 240g
PINE,Aldi Pineapple
PINE,Morrisons Pineapple
PINE,Lidl Pineapple
PINE,Asda Pineapple
PINE,Co-op Pineapple
PINE,M&S Pineapple Chunks 300g
PINE,Ocado Pineapple
PINE,Whole Foods Market Pineapple Chunks
PINE,Trader Joe's Pineapple Chunks 16oz
PINE,Fresh Thyme Farmers Market Pineapple Chunks 16oz
PINE,Kroger Pineapple Chunks 16oz
PINE,Publix Pineapple Chunks 16oz
PINE,Wegmans Pineapple Chunks 16oz
PINE,H-E-B Pineapple Chunks 16oz
PINE,Sprouts Farmers Market Pineapple Chunks 16oz
PINE,Giant Eagle Pineapple Chunks 16oz
PINE,Hy-Vee Pineapple Chunks 16oz
PLUM,Tesco Plums 400G
PLUM,Suntrail Farms Plum 1Kg
PLUM,Sainsbury's Plum Punnet 400g
PLUM,Sainsbury's Ripe & Ready Plums x5
PLUM,Waitrose Plums x4
PLUM,Aldi Plums 500g
PLUM,Morrisons Plums x5
PLUM,Lidl Plums 500g
PLUM,Asda Plums x6
PLUM,Co-op Plums x6
PLUM,M&S Plums x4
PLUM,Ocado Plums x4
PLUM,Whole Foods Market Organic Plums
PLUM,Trader Joe's Dapple Dandy Pluots 16oz
PLUM,Fresh Thyme Farmers Market Plums 2lbs
PLUM,Kroger Plums 2lbs
PLUM,Publix Plums 2lbs
PLUM,Wegmans Plums 2lbs
PLUM,H-E-B Plums 2lbs
PLUM,Sprouts Farmers Market Plums 2lbs
PLUM,Giant Eagle Plums 2lbs
PLUM,Hy-Vee Plums 2lbs
PLUM,WinCo Foods Plums 2lbs
PLUM,FreshDirect Plums 2lbs
RASP,Tesco Raspberries 150G
RASP,Rosedene Farms Raspberries 125G
RASP,Tesco Finest Raspberries 150G
RASP,Tesco Raspberries 425G
RASP,Tesco Raspberries 350G
RASP,Sainsbury's Raspberries 250g
RASP,Sainsbury's Raspberries 150g
RASP,"Sainsbury's Raspberries, Taste the Difference 150g"
RASP,Waitrose Raspberries 150g
RASP,Aldi Raspberries 150g
RASP,Morrisons Raspberries 150g
RASP,Lidl Raspberries 150g
RASP,Asda Raspberries 150g
RASP,Co-op Raspberries 150g
RASP,M&S Raspberries 150g
RASP,Ocado Raspberries 150g
RASP,Whole Foods Market Organic Raspberries 6oz
RASP,Trader Joe's Raspberries 6oz
RASP,Fresh Thyme Farmers Market Raspberries 6oz
RASP,Kroger Raspberries 6oz
RASP,Publix Raspberries 6oz
RASP,Wegmans Raspberries 6oz
RASP,H-E-B Raspberries 6oz
RASP,Sprouts Farmers Market Raspberries 6oz
