FRFR,TRipe  Ready Twin Pack Avocados
FRFR,Tesco Ripe  Ready Avocado
FRFR,Tesco Ripen At Home Avocados 3Pack
FRFR,TReady To Eat Large Avocados Each
FRFR,Tesco Smashed Avocado With Chilli - 200G
FRFR,By Sainsbury’s Medium Ripe & Ready Avocado
FRFR,Sainsbury’s Medium Ripe & Ready Avocados x2
FRFR,By Sainsbury’s Large Ripe & Ready Avocado
FRFR,Sainsbury’s Baby Ripen at Home Avocados x4
FRFR,By Sainsbury’s 4 Small Ripe & Ready Avocados
FRFR,SO Organic Medium Ripe & Ready Avocados x2
FRFR,Bananas Loose
FRFR,Tesco Organic Fair Trade Bananas 5 Pack
FRFR,Sainsbury's Fairtrade Bananas Loose
FRFR,Sainsbury's Fairtrade Bananas x5
FRFR,Tesco Blueberries 350G
FRFR,Tesco Blueberries 150G
FRFR,Tesco Blueberries 250G
FRFR,Tesco Blueberries 500G
FRFR,Tesco Finest Blueberries 150G Class 1
FRFR,Tesco Organic Blueberries 150G
FRFR,Sainsbury's Blueberries 300g
FRFR,Sainsbury's Blueberries 150g
FRFR,Sainsbury's Blueberries 500g
FRFR,Rosedene Farms Gala Apples 6 Pack
FRFR,Large Pink Lady Apples Class 1 Loose
FRFR,Tesco Pink Lady Apple Minimum 5 Pack
FRFR,Large Braeburn Apples Loose Class 1
FRFR,Tesco Large Gala Apples Class 1 Loose
FRFR,Rosedene Farms Small Apple 6 Pack
FRFR,Tesco Gala Apple Minimum 5 Pack
FRFR,Tesco Braeburn Apple Minimum 5 Pack
FRFR,Tesco British Apple Minimum 5 Pack
FRFR,Tesco Granny Smith Apple Minimum 5 Pack
FRFR,Tesco Jazz Apple
FRFR,Large Granny Smith Apples Class 1 Loose
FRFR,Tesco Golden Delicious Apple Minimum 5
FRFR,Rosedene Farms Braeburn Apples 6 Pack
FRFR,Tesco Organic Gala Apples 630G
FRFR,Sainsbury's Royal Gala Apples x6
FRFR,Sainsbury's SO Organic Apples x6
FRFR,Sainsbury's Braeburn Apples x6
FRFR,Sainsbury's Pink Lady Apples x6
FRFR,Sainsbury's Pink Lady Apples x4
FRFR,Sainsbury's Granny Smith Apples x6
FRFR,Sainsbury's Jazz Apples x6
FRFR,Sainsbury's British Bramley Cooking Apples Loose
FRFR,"Sainsbury's Royal Gala Apples, SO Organic x6"
FRFR,Sainsbury's Cox Apples
FRFR,Sainsbury's Braeburn Apple Single
FRFR,Imperfectly Tasty Gala Apples x6
FRFR,Sainsbury's Pink Lady Apple Single
FRFR,Sainsbury's Golden Delicious Apples x6
FRFR,Sainsbury's Mini Apples x6
FRFR,Sainsbury's Best Of British Apples x6
FRFR,Sainsbury's Kanzi Apples x6
FRFR,Sainsbury's Apples 1kg
FRFR,Tesco Red Seedless Grapes Punnet 500G
FRFR,Tesco Green Seedless Grapes Punnet 500G
FRFR,Tesco Seedless Grape Selection Pack 500G
FRFR,Suntrail Farms Grapes 500G
FRFR,Tesco Black Seedless Grapes 500G
FRFR,Tesco Finest Red Grapes Seedless 400G
FRFR,Tesco Finest Green Grapes Seedless 400G
FRFR,Tesco Finest Black Grapes Seedless 400G
FRFR,Suntrail Farms Green Grapes 500G
FRFR,Tesco Large Selection Grapes 800G Pack
FRFR,Tesco Grapes 110G
FRFR,"Sainsbury's Black Sable Seedless Grapes, Taste the Difference 400g"
FRFR,Sainsbury's Red Seedless Grapes 500g
FRFR,Sainsbury's White Seedless Grapes 500g
FRFR,Sainsbury's Red & White Seedless Grapes 500g
FRFR,Sainsbury's Mixed Grapes 900g
FRFR,Sainsbury's Black Seedless Grapes 500g
FRFR,Imperfectly Tasty Grapes 500g
FRFR,Sainsbury's Red Grapes 300g
FRFR,Sainsbury's White Grapes 300g
FRFR,"Sainsbury's Vitoria Grape, Taste the Difference 400g"
FRFR,Large Kiwi Fruit Class 1 Each
FRFR,Tesco Perfectly Ripe Kiwi
FRFR,Suntrail Farms Kiwi X6
FRFR,Tesco Perfectly Ripe Gold Kiwi 4 Pack
FRFR,Sainsbury's Kiwi Fruit x6
FRFR,Sainsbury's Ripe & Ready Kiwi x4
FRFR,Sainsbury's Large Kiwi Fruit Single
FRFR,"So Kiwi, Organic x4"
FRFR,Tesco Lemons 4 Pack
FRFR,Tesco Organic Unwaxed Lemons Minimum 3 Pack
FRFR,Sainsbury's Lemons
FRFR,Sainsbury's Lemons Unwaxed minimum 5
FRFR,Imperfectly Tasty Lemons x5
FRFR,"Sainsbury's Lemons Unwaxed, SO Organic x3"
FRFR,Tesco Orange Minimum 5 Pack
FRFR,Jaffa Oranges Minimum 4 Pack
FRFR,Tesco Finest Emperor Oranges 4 Pack
FRFR,Suntrail Farms Orange Minimum 5 Pack
FRFR,"Sainsbury's Oranges, Taste the Difference x4"
FRFR,Sainsbury's Tangerines 600g
FRFR,Sainsbury's Oranges Large x4
FRFR,Sainsbury's Oranges x5
FRFR,Sainsbury's Oranges
FRFR,Imperfectly Tasty Oranges x5
FRFR,Sainsbury's Satsumas 600g
FRFR,Tesco Pineapple Chunks 300G
FRFR,Tesco Pineapple Chunks 145G
FRFR,Tesco Pineapple 500G
FRFR,Tesco Pineapple Chunks 450G
FRFR,Sainsbury's Pineapple
FRFR,Sainsbury's Large Pineapple
FRFR,Sainsbury’s Pineapple 500g
FRFR,Tesco Plums 400G
FRFR,Suntrail Farms Plum 1Kg
FRFR,Sainsbury's Plum Punnet 400g
FRFR,Sainsbury's Ripe & Ready Plums x5
FRFR,Tesco Raspberries 150G
FRFR,Rosedene Farms Raspberries 125G
FRFR,Tesco Finest Raspberries 150G
FRFR,Tesco Raspberries 425G
FRFR,Tesco Raspberries 350G
FRFR,Sainsbury's Raspberries 250g
FRFR,Sainsbury's Raspberries 150g
FRFR,"Sainsbury's Raspberries, Taste the Difference 150g"
FRVG,Tesco Broccoli 375G
FRVG,Broccoli Loose
FRVG,Tesco Tenderstem Broccoli 200G
FRVG,Tesco Large Broccoli Pack 500G
FRVG,Tesco Purple Sprouting Broccoli 200G
FRVG,Tesco Tenderstem Broccoli Tips 120G
FRVG,Tesco Tenderstem Broccoli Spears 330G
FRVG,Tesco Organic Tenderstem Broccoli 200G
FRVG,Tesco Organic Broccoli 335G
FRVG,Tesco Broccoli Florets 900G
FRVG,Tesco Trimmed Tenderstem Broccoli 80G
FRVG,Sainsbury's Broccoli Loose
FRVG,Sainsbury's Tenderstem Broccoli 200g
FRVG,"Sainsbury's Broccoli, SO Organic 300g"
FRVG,Sainsbury's Broccoli Florets 900g
FRVG,Sainsbury's Purple Sprouting Broccoli Spears 200g
FRVG,"Sainsbury's Tenderstem Broccoli, SO Organic 200g"
FRVG,"Sainsbury's Bellaverde Broccoli, Taste the Difference 200g"
FRVG,Sainsbury's Tenderstem Broccoli 330g
FRVG,SO Organic Broccoli 500g
FRVG,Tesco Carrots Loose
FRVG,Tesco Carrots 800G
FRVG,Tesco Carrot Batons 400G
FRVG,Organic Carrots 700G
FRVG,Tesco Chantenay Carrots 500G
FRVG,Tesco Sliced Carrots Peeled  Cut 1Kg
FRVG,Tesco Mini Carrots 320G
FRVG,Tesco Imperator Carrot 450G
FRVG,Tesco Chantenay Carrots 600G
FRVG,Tesco Tendersweet Carrots 150G
FRVG,Tesco Organic Bunched Carrots 400G
FRVG,Tesco Grated Carrot 200G
FRVG,Sainsbury's Carrots 1kg
FRVG,Sainsbury’s Carrots Loose
FRVG,"Sainsbury's Carrots, So Organic 700g"
FRVG,Sainsbury's Greengrocer Carrots
FRVG,Sainsbury's Carrots 500g
FRVG,Sainsbury's British Chantenay Carrots 400g
FRVG,Sainsbury's Carrot Batons 400g
FRVG,Sainsbury's Ready Prepared Mini Carrots 240g
FRVG,"Sainsbury's British Sweet Spear Carrots, Taste the Difference 450g"
FRVG,"Sainsbury's Bunched Carrots, SO Organic 400g"
FRVG,Tesco Cauliflower
FRVG,Cauliflower Extra Large Each
FRVG,Tesco Cauliflower Florets 900G
FRVG,Tesco Cauliflower Florets 240G
FRVG,Sainsbury's Cauliflower
FRVG,Imperfectly Tasty Cauliflower
FRVG,Sainsbury's Broccoli & Cauliflower Florets 240g
FRVG,Sainsbury's Cauliflower & Broccoli Floret Mix 1kg
FRVG,"Sainsbury's Cauliflower, SO Organic"
FRVG,Sainsbury's Baby Cauliflowers x2
FRVG,Tesco Cucumber Whole Each
FRVG,Tesco Whole Large Cucumber
FRVG,Tesco Baby Cucumbers 200G
FRVG,Tesco Organic Whole Cucumber Each
FRVG,Sainsbury's Whole Cucumber
FRVG,"Sainsbury's Whole Cucumber, SO Organic"
FRVG,Sainsbury's Half Cucumber Portion
FRVG,Sainsbury's Large Whole  Cucumber
FRVG,Sainsbury's Baby Cucumbers 200g
FRVG,Sainsbury's Iceberg Lettuce
FRVG,Sainsbury's Little Gem Lettuce x2
FRVG,Sainsbury's Sweet Gem Lettuce x2
FRVG,"Sainsbury's Romaine Lettuce Hearts, Twin Pack x2"
FRVG,Sainsbury's Iceberg Lettuce 200g
FRVG,"Sainsbury's Cos Lettuce, Mini Red x2"
FRVG,Sainsbury's Lambs Lettuce 60g
FRVG,"Sainsbury's Lettuce, Round"
FRVG,Sainsbury's Chinese Leaf Lettuce
FRVG,"Sainsbury's Little Gem Lettuce, SO Organic x2"
FRVG,"Sainsbury's Cos Lettuce, SO Organic"
FRVG,Tesco Little Gem Lettuce 2 Pack
FRVG,Iceberg Lettuce Each
FRVG,Tesco Iceberg Lettuce 200G
FRVG,Tesco Butterhead Lettuce
FRVG,Tesco Sweet Gem Lettuce
FRVG,Tesco Romaine Lettuce Hearts 2 Pack
FRVG,Tesco Organic Lettuce Each
FRVG,Tesco Shredded Iceberg 130G
FRVG,Sainsbury's Closed Cup White Mushrooms 300g
FRVG,Sainsbury's Large Flat White Mushrooms 250g
FRVG,Sainsbury's Baby Button Mushrooms 200g
FRVG,Sainsbury's Chestnut Super Mushrooms 300g
FRVG,Sainsbury's Closed Cup White Mushrooms 500g
FRVG,Sainsbury's Closed Cup Chestnut Mushrooms 300g
FRVG,Sainsbury's Closed Cup White Mushrooms Loose
FRVG,"So Chestnut Mushrooms, Organic 300g"
FRVG,"Sainsbury's Mushrooms, Sliced 250g"
FRVG,"Sainsbury's Shiitake Mushrooms, Taste the Difference"
FRVG,"Sainsbury's White Closed Cup Mushrooms, SO Organic 300g"
FRVG,Sainsbury's Chestnut Baby Button Mushrooms 200g
FRVG,"Sainsbury's Speciality Mushroom Mix, Taste the Difference"
FRVG,Sainsbury's Portabella Mushrooms 150g
FRVG,Tesco Closed Cup Mushrooms 400G
FRVG,Chestnut Mushrooms 250G
FRVG,Tesco Baby Button Mushrooms 200G
FRVG,Loose Closed Cup Mushrooms
FRVG,Tesco Sliced Mushrooms 250G
FRVG,Tesco Family Pack Chestnut Mushroom 485G
FRVG,Tesco Large Flat Mushrooms 250G
FRVG,Tesco Chestnut Baby Button Mushrooms 150G
FRVG,Tesco Sliced Mushrooms 500G
FRVG,Tesco Finest Portobello Mushrooms 150G
FRVG,Tesco Organic Chestnut Mushrooms 250 G
FRVG,Tesco Organic White Mushrooms 290G
FRVG,Tesco Mushroom Medley 500G
FRVG,Loose Brown Onions
FRVG,Tesco Brown Onions 1Kg
FRVG,Tesco Brown Onions Minimum 3 Pack 385G
FRVG,Loose Red Onions Class 2
FRVG,Tesco Red Onions 3Pack Minimum
FRVG,Tesco Red Onion 1Kg
FRVG,Tesco Diced Onions 500G
FRVG,Tesco Organic Brown Onion 750G
FRVG,Tesco Extra Large Brown Onions 2 Pack
FRVG,Tesco Shallots Onions 400G
FRVG,Tesco Diced Onion 400G
FRVG,Tesco Finest Rosanna Pink Onions 3Pack
FRVG,Redmere Farms Brown Onion 1Kg
FRVG,Tesco Red Organic Onions 500G
FRVG,Sainsbury's Spring Onions Bunch 100g
FRVG,Sainsbury's Onions Loose
FRVG,Sainsbury's Red Onions Loose
FRVG,Sainsbury's Brown Onions x3
FRVG,Sainsbury's Onions 1kg
FRVG,Sainsbury's Red Onions x3
FRVG,Sainsbury's Red Onions 1kg
FRVG,"Sainsbury's Salad Onions, Large 130g"
FRVG,"Sainsbury's Spring Onion Bunch, SO Organic 100g"
FRVG,"Sainsbury's Onions, SO Organic 750g"
FRVG,"Sainsbury's Diced Onions, Inspired to Cook 200g"
FRVG,"Sainsbury's Red Onions, SO Organic 500g"
FRVG,Red Peppers Each Class 1
FRVG,Nightingale Farms Peppers 375G
FRVG,Tesco Sweet Peppers 500G
FRVG,Green Peppers Each Class 1
FRVG,Sainsbury's Red Pepper
FRVG,Sainsbury's Sweet Peppers (Colours may vary) x3
FRVG,(Im)perfectly Tasty Peppers 500g
FRVG,Sainsbury's Yellow Pepper
FRVG,Sainsbury's Green Pepper
FRVG,Sainsbury's Orange Pepper
FRVG,"Sainsbury's Mixed Peppers, SO Organic x3 (Colours may vary)"
FRVG,"Sainsbury's Sweet Pointed Peppers, SO Organic x2 (Colours May Vary)"
FRVG,"Sainsbury's Baby Sweet Peppers, Taste the Difference 300g"
FRVG,"Sainsbury's Sweet Romano Peppers, Taste the Difference"
FRVG,"Sainsbury's Padron Peppers, Taste the Difference 135g"
FRVG,Sainsbury's Ricotta Stuffed Cherry Peppers 145g
FRVG,Sainsbury's Feta Stuffed Rainbow Cherry Peppers 145g
FRVG,Sainsbury's Cheese Stuffed Peppers 320g
FRVG,Tesco Baby Plum Tomatoes 325G
FRVG,Tesco Salad Tomatoes 6 Pack
FRVG,Tesco Finest Tomatoes On The Vine 450G
FRVG,Tesco Finest Piccobella Tomatoes 220G
FRVG,Tesco Sweet Vine Ripened Tomatoes 255G
FRVG,Tesco Finest Sugarbelle Tomatoes 400G
FRVG,Tesco Finest Mixed Baby Tomatoes 250G
FRVG,Tesco Tomatoes On The Vine 500G
FRVG,Tesco Cherry Tomatoes 330G
FRVG,Tesco Salad Tomatoes
FRVG,Tesco Finest Piccobella Tomatoes 400G
FRVG,Tesco Finest Sugarbelle Tomatoes 220G
FRVG,"Sainsbury's Majestic Vine Ripened Tomatoes, Taste the Difference 300g"
FRVG,"Sainsbury's Vittoria Cherry Vine Tomatoes, Taste the Difference 250g"
FRVG,"Sainsbury's Jubilee Large Vine Tomatoes, Taste the Difference 450g"
FRVG,Sainsbury's Cherry Tomatoes 500g
FRVG,Sainsbury's Classic Round Tomatoes x6
FRVG,Sainsbury's Baby Plum Tomatoes 325g
FRVG,"Sainsbury's Vittoria Cherry Vine Tomatoes, Taste the Difference 400g"
FRVG,"Sainsbury's Pomodorino Baby Plum Tomatoes, Taste the Difference 250g"
FRVG,Sainsbury's Cherry Tomatoes 330g
FRVG,Sainsbury's Large Vine Tomatoes 500g
FRVG,"Sainsbury's Best of British Tomatoes, Taste the Difference 250g"
FRVG,"Sainsbury's Sundream Plum Vine Tomatoes, Taste the Difference 250g"
FRVG,Sainsbury's Tomatoes Loose
FRVG,Imperfectly Tasty Cherry Tomatoes
FRVG,Sainsbury's Plum Tomatoes 500g
FRVG,Sainsbury's SO Organic Cherry on the Vine Tomatoes 200g
FRVG,"Sainsbury's Large Tomatoes, SO Organic 400g"
FRVG,"Sainsbury's Golden Vittoria Cherry Vine Tomatoes, Taste the Difference 250g"
FRVG,"Sainsbury's Pomodorino Tomatoes, SO Organic 225g"
FRVG,"Sainsbury's Cheriplum Tomatoes, Taste the Difference 250g"
FRVG,Tesco Tenderstem  Mixed Vegetables 160G
FRVG,Tesco Farmhouse Mixed Vegetables 1Kg
FRVG,Birds Eye Country Mixed Vegetables 640G
FRVG,Growers Harvest Mixed Vegetables 1Kg
FRVG,Tesco 4 Steam Bag Carrots Broccoli  Sweetcorn 640G
FRVG,Tesco Mixed Vegetables 1Kg
FRVG,Tesco Mixed Vegetables 225G
FRVG,Tesco Mediterranean Style Chargrilled Vegetables 700G
FRVG,Birds Eye Steamfresh 4 Family Favourite Mix Vegetable 540G
FRVG,Tesco Casserole Vegetables 1Kg
FRVG,Tesco 4 Steam Bags Rice With Mixed Vegetables 600G
FRVG,Tesco Carrot Cauliflower  Broccoli 370G
FRVG,Tesco Cauliflower  Broccoli Florets 400G M
FRVG,Birds Eye Family Favourites Steamfresh x4 540g
FRVG,Sainsbury's Mixed Vegetables 1kg
FRVG,Classic Vegetable Mix 1kg
FRVG,The Greengrocer Mixed Vegetables 1kg
FRVG,Birds Eye Country Mixed Vegetables 640g
FRVG,Birds Eye Select Mixed Vegetables 640g
FRVG,Sainsbury's Classic Vegetable Base Mix 1kg
FRVG,"Sainsbury's Mixed Vegetables, SO Organic 500g"
POTA,Large Potatoes Baking Loose
POTA,Tesco Baking Potatoes 25Kg Pack
POTA,Tesco Finest Jacket Potatoes 4 Pack
POTA,Tesco 4 Baking Potatoes
POTA,Tesco Maris Piper Potatoes 25Kg
POTA,Tesco All Rounder Potatoes 25Kg
POTA,Tesco Finest Baby Potatoes 750G
POTA,Tesco Finest Baby Potatoes 360G
POTA,Tesco Baby Potatoes 1Kg
POTA,Tesco Finest Jacket Potatoes 4 Pack
POTA,Tesco Perfectly Imperfect Potatoes 25Kg
POTA,Sainsbury's British Baking Potatoes x4
POTA,Sainsbury's British Baking Potatoes Loose
POTA,"Sainsbury's Vivaldi Baking Potatoes, Taste the Difference x4 (minimum)"
POTA,Sainsbury's British Baking Potatoes 2.5kg
POTA,Sainsbury's British Maris Piper Potatoes 2.5kg
POTA,Sainsbury's British Baby Potatoes 1kg
POTA,Sainsbury's British White Potatoes 2.5kg
POTA,Sainsbury's British Mini Potatoes 750g
POTA,Sainsbury's British Baking Potatoes Loose
POTA,"Sainsbury's Vivaldi Baking Potatoes, Taste the Difference x4 (minimum)"
POTA,Sainsbury's British King Edward Potatoes 2kg
POTA,Sainsbury's British Baking Potatoes 2.5kg
POTA,"Sainsbury's White Vivaldi Potatoes, Taste the Difference 2kg"
POTA,Sainsbury's British Charlotte Potatoes 1kg
POTA,Tesco Large Sweet Potatoes Loose Class 1
POTA,Tesco Sweet Potatoes 1Kg
POTA,Tesco Frozen Sweet Potato Chunks 600G
POTA,Strong Roots Garlic Roasted Sweet Potato 500G
POTA,Organic Sweet Potatoes 750G
POTA,Tesco Butternut Squash  Sweet Potato 350G
POTA,Tesco 2 Baking Sweet Potatoes
POTA,Tesco Organic Baby Potatoes 750G
POTA,Sainsbury's Sweet Potatoes Loose
POTA,Sainsbury's Sweet Potato 1.25kg
POTA,"Sainsbury's Sweet Potato, SO Organic 750g"
POTA,Sainsbury's Baking Sweet Potatoes x2
POTA,Sainsbury's White Flesh Sweet Potato 750g
