BROC,Tesco Broccoli 375G
BROC,Broccoli Loose
BROC,Tesco Tenderstem Broccoli 200G
BROC,Tesco Large Broccoli Pack 500G
BROC,Tesco Purple Sprouting Broccoli 200G
BROC,Tesco Tenderstem Broccoli Tips 120G
BROC,Tesco Tenderstem Broccoli Spears 330G
BROC,Tesco Organic Tenderstem Broccoli 200G
BROC,Tesco Organic Broccoli 335G
BROC,Tesco Broccoli Florets 900G
BROC,Tesco Trimmed Tenderstem Broccoli 80G
BROC,Sainsbury's Broccoli Loose
BROC,Sainsbury's Tenderstem Broccoli 200g
BROC,"Sainsbury's Broccoli, SO Organic 300g"
BROC,Sainsbury's Broccoli Florets 900g
BROC,Sainsbury's Purple Sprouting Broccoli Spears 200g
BROC,"Sainsbury's Tenderstem Broccoli, SO Organic 200g"
BROC,"Sainsbury's Bellaverde Broccoli, Taste the Difference 200g"
BROC,Sainsbury's Tenderstem Broccoli 330g
BROC,SO Organic Broccoli 500g
BROC,M&S Broccoli 340g
BROC,Ocado Broccoli 350g
BROC,Whole Foods Market Organic Broccoli 1lb
BROC,Trader Joe's Broccoli Florets 12oz
BROC,Fresh Thyme Farmers Market Broccoli 1lb
BROC,Kroger Broccoli Florets 12oz
BROC,Publix Broccoli Florets 12oz
BROC,Wegmans Broccoli Florets 12oz
BROC,H-E-B Broccoli Crowns 1lb
BROC,Sprouts Farmers Market Broccoli 1lb
BROC,Giant Eagle Broccoli Crowns 1lb
BROC,Hy-Vee Broccoli Crowns 1lb
BROC,WinCo Foods Broccoli Crowns 1lb
BROC,FreshDirect Broccoli 1lb
BROC,Costco Broccoli 3lb bag
BROC,BJ's Wholesale Club Broccoli Florets 1.5lb bag
BROC,Sam's Club Broccoli Florets 2lb bag
BROC,Target Good & Gather Broccoli 1lb
BROC,Walmart Marketside Broccoli Florets 12oz
CARR,Tesco Carrots Loose
CARR,Tesco Carrots 800G
CARR,Tesco Carrot Batons 400G
CARR,Organic Carrots 700G
CARR,Tesco Chantenay Carrots 500G
CARR,Tesco Sliced Carrots Peeled  Cut 1Kg
CARR,Tesco Mini Carrots 320G
CARR,Tesco Imperator Carrot 450G
CARR,Tesco Chantenay Carrots 600G
CARR,Tesco Tendersweet Carrots 150G
CARR,Tesco Organic Bunched Carrots 400G
CARR,Tesco Grated Carrot 200G
CARR,Sainsbury's Carrots 1kg
CARR,Sainsbury’s Carrots Loose
CARR,"Sainsbury's Carrots, So Organic 700g"
CARR,Sainsbury's Greengrocer Carrots
CARR,Sainsbury's Carrots 500g
CARR,Sainsbury's British Chantenay Carrots 400g
CARR,Sainsbury's Carrot Batons 400g
CARR,Sainsbury's Ready Prepared Mini Carrots 240g
CARR,"Sainsbury's British Sweet Spear Carrots, Taste the Difference 450g"
CARR,"Sainsbury's Bunched Carrots, SO Organic 400g"
CARR,M&S Large Carrots 1kg
CARR,Ocado Essential Carrots 1kg
CARR,Whole Foods Market Organic Carrots 1lb
CARR,Trader Joe's Baby Carrots 16oz
CARR,Fresh Thyme Farmers Market Carrots 2lbs
CARR,Kroger Carrots 2lbs
CARR,Publix Carrots 2lbs
CARR,Wegmans Baby Carrots 2lbs
CARR,H-E-B Carrots 2lbs
CARR,Sprouts Farmers Market Carrots 2lbs
CARR,Giant Eagle Carrots 2lbs
CARR,Hy-Vee Carrots 2lbs
CARR,WinCo Foods Carrots 2lbs
CARR,FreshDirect Carrots 2lbs
CAUL,Tesco Cauliflower
CAUL,Cauliflower Extra Large Each
CAUL,Tesco Cauliflower Florets 900G
CAUL,Tesco Cauliflower Florets 240G
CAUL,Sainsbury's Cauliflower
CAUL,Imperfectly Tasty Cauliflower
CAUL,Sainsbury's Broccoli & Cauliflower Florets 240g
CAUL,Sainsbury's Cauliflower & Broccoli Floret Mix 1kg
CAUL,"Sainsbury's Cauliflower, SO Organic"
CAUL,Sainsbury's Baby Cauliflowers x2
CAUL,Waitrose Cauliflower
CAUL,Aldi Cauliflower
CAUL,Morrisons Cauliflower
CAUL,Lidl Cauliflower
CAUL,Asda Cauliflower
CAUL,Co-op Cauliflower
CAUL,M&S Cauliflower
CAUL,Ocado Cauliflower
CAUL,Whole Foods Market Organic Cauliflower
CAUL,Trader Joe's Cauliflower Florets 16oz
CAUL,Fresh Thyme Farmers Market Cauliflower 1 head
CUCU,Tesco Cucumber Whole Each
CUCU,Tesco Whole Large Cucumber
CUCU,Tesco Baby Cucumbers 200G
CUCU,Tesco Organic Whole Cucumber Each
CUCU,Sainsbury's Whole Cucumber
CUCU,"Sainsbury's Whole Cucumber, SO Organic"
CUCU,Sainsbury's Half Cucumber Portion
CUCU,Sainsbury's Large Whole  Cucumber
CUCU,Sainsbury's Baby Cucumbers 200g
CUCU,Waitrose Cucumber
CUCU,Aldi Cucumber
CUCU,Morrisons Cucumber
CUCU,Lidl Cucumber
CUCU,Asda Cucumber
CUCU,Co-op Cucumber
CUCU,M&S Cucumber
CUCU,Ocado Cucumber
CUCU,Whole Foods Market Organic Cucumber
CUCU,Trader Joe's English Cucumber
CUCU,Fresh Thyme Farmers Market Cucumber
CUCU,Kroger Cucumber
CUCU,Publix Cucumber
CUCU,Wegmans Cucumber
CUCU,H-E-B Cucumber
CUCU,Sprouts Farmers Market Cucumber
LETT,Sainsbury's Iceberg Lettuce
LETT,Sainsbury's Little Gem Lettuce x2
LETT,Sainsbury's Sweet Gem Lettuce x2
LETT,"Sainsbury's Romaine Lettuce Hearts, Twin Pack x2"
LETT,Sainsbury's Iceberg Lettuce 200g
LETT,"Sainsbury's Cos Lettuce, Mini Red x2"
LETT,Sainsbury's Lambs Lettuce 60g
LETT,"Sainsbury's Lettuce, Round"
LETT,Sainsbury's Chinese Leaf Lettuce
LETT,"Sainsbury's Little Gem Lettuce, SO Organic x2"
LETT,"Sainsbury's Cos Lettuce, SO Organic"
LETT,Tesco Little Gem Lettuce 2 Pack
LETT,Iceberg Lettuce Each
LETT,Tesco Iceberg Lettuce 200G
LETT,Tesco Butterhead Lettuce
LETT,Tesco Sweet Gem Lettuce
LETT,Tesco Romaine Lettuce Hearts 2 Pack
LETT,Tesco Organic Lettuce Each
LETT,Tesco Shredded Iceberg 130G
LETT,Waitrose Little Gem Lettuce x2
LETT,Aldi Baby Gem Lettuce Twin Pack
LETT,Morrisons Sweet Gem Lettuce x2
LETT,Lidl Baby Romaine Lettuce Twin Pack
LETT,Asda Iceberg Lettuce
LETT,Co-op Lettuce Trio
MUSH,Sainsbury's Closed Cup White Mushrooms 300g
MUSH,Sainsbury's Large Flat White Mushrooms 250g
MUSH,Sainsbury's Baby Button Mushrooms 200g
MUSH,Sainsbury's Chestnut Super Mushrooms 300g
MUSH,Sainsbury's Closed Cup White Mushrooms 500g
MUSH,Sainsbury's Closed Cup Chestnut Mushrooms 300g
MUSH,Sainsbury's Closed Cup White Mushrooms Loose
MUSH,"So Chestnut Mushrooms, Organic 300g"
MUSH,"Sainsbury's Mushrooms, Sliced 250g"
MUSH,"Sainsbury's Shiitake Mushrooms, Taste the Difference"
MUSH,"Sainsbury's White Closed Cup Mushrooms, SO Organic 300g"
MUSH,Sainsbury's Chestnut Baby Button Mushrooms 200g
MUSH,"Sainsbury's Speciality Mushroom Mix, Taste the Difference"
MUSH,Sainsbury's Portabella Mushrooms 150g
MUSH,Tesco Closed Cup Mushrooms 400G
MUSH,Chestnut Mushrooms 250G
MUSH,Tesco Baby Button Mushrooms 200G
MUSH,Loose Closed Cup Mushrooms
MUSH,Tesco Sliced Mushrooms 250G
MUSH,Tesco Family Pack Chestnut Mushroom 485G
MUSH,Tesco Large Flat Mushrooms 250G
MUSH,Tesco Chestnut Baby Button Mushrooms 150G
MUSH,Tesco Sliced Mushrooms 500G
MUSH,Tesco Finest Portobello Mushrooms 150G
MUSH,Tesco Organic Chestnut Mushrooms 250 G
MUSH,Tesco Organic White Mushrooms 290G
MUSH,Tesco Mushroom Medley 500G
ONIO,Loose Brown Onions
ONIO,Tesco Brown Onions 1Kg
ONIO,Tesco Brown Onions Minimum 3 Pack 385G
ONIO,Loose Red Onions Class 2
ONIO,Tesco Red Onions 3Pack Minimum
ONIO,Tesco Red Onion 1Kg
ONIO,Tesco Diced Onions 500G
ONIO,Tesco Organic Brown Onion 750G
ONIO,Tesco Extra Large Brown Onions 2 Pack
ONIO,Tesco Shallots Onions 400G
ONIO,Tesco Diced Onion 400G
ONIO,Tesco Finest Rosanna Pink Onions 3Pack
ONIO,Redmere Farms Brown Onion 1Kg
ONIO,Tesco Red Organic Onions 500G
ONIO,Sainsbury's Spring Onions Bunch 100g
ONIO,Sainsbury's Onions Loose
ONIO,Sainsbury's Red Onions Loose
ONIO,Sainsbury's Brown Onions x3
ONIO,Sainsbury's Onions 1kg
ONIO,Sainsbury's Red Onions x3
ONIO,Sainsbury's Red Onions 1kg
ONIO,"Sainsbury's Salad Onions, Large 130g"
ONIO,"Sainsbury's Spring Onion Bunch, SO Organic 100g"
ONIO,"Sainsbury's Onions, SO Organic 750g"
ONIO,"Sainsbury's Diced Onions, Inspired to Cook 200g"
ONIO,"Sainsbury's Red Onions, SO Organic 500g"
PEPP,Red Peppers Each Class 1
PEPP,Nightingale Farms Peppers 375G
PEPP,Tesco Sweet Peppers 500G
PEPP,Green Peppers Each Class 1
PEPP,Sainsbury's Red Pepper
PEPP,Sainsbury's Sweet Peppers (Colours may vary) x3
PEPP,(Im)perfectly Tasty Peppers 500g
PEPP,Sainsbury's Yellow Pepper
PEPP,Sainsbury's Green Pepper
PEPP,Sainsbury's Orange Pepper
PEPP,"Sainsbury's Mixed Peppers, SO Organic x3 (Colours may vary)"
PEPP,"Sainsbury's Sweet Pointed Peppers, SO Organic x2 (Colours May Vary)"
PEPP,"Sainsbury's Baby Sweet Peppers, Taste the Difference 300g"
PEPP,"Sainsbury's Sweet Romano Peppers, Taste the Difference"
PEPP,"Sainsbury's Padron Peppers, Taste the Difference 135g"
PEPP,Sainsbury's Ricotta Stuffed Cherry Peppers 145g
PEPP,Sainsbury's Feta Stuffed Rainbow Cherry Peppers 145g
PEPP,Sainsbury's Cheese Stuffed Peppers 320g
TOMA,Tesco Baby Plum Tomatoes 325G
TOMA,Tesco Salad Tomatoes 6 Pack
TOMA,Tesco Finest Tomatoes On The Vine 450G
TOMA,Tesco Finest Piccobella Tomatoes 220G
TOMA,Tesco Sweet Vine Ripened Tomatoes 255G
TOMA,Tesco Finest Sugarbelle Tomatoes 400G
TOMA,Tesco Finest Mixed Baby Tomatoes 250G
TOMA,Tesco Tomatoes On The Vine 500G
TOMA,Tesco Cherry Tomatoes 330G
TOMA,Tesco Salad Tomatoes
TOMA,Tesco Finest Piccobella Tomatoes 400G
TOMA,Tesco Finest Sugarbelle Tomatoes 220G
TOMA,"Sainsbury's Majestic Vine Ripened Tomatoes, Taste the Difference 300g"
TOMA,"Sainsbury's Vittoria Cherry Vine Tomatoes, Taste the Difference 250g"
TOMA,"Sainsbury's Jubilee Large Vine Tomatoes, Taste the Difference 450g"
TOMA,Sainsbury's Cherry Tomatoes 500g
TOMA,Sainsbury's Classic Round Tomatoes x6
TOMA,Sainsbury's Baby Plum Tomatoes 325g
TOMA,"Sainsbury's Vittoria Cherry Vine Tomatoes, Taste the Difference 400g"
TOMA,"Sainsbury's Pomodorino Baby Plum Tomatoes, Taste the Difference 250g"
TOMA,Sainsbury's Cherry Tomatoes 330g
TOMA,Sainsbury's Large Vine Tomatoes 500g
TOMA,"Sainsbury's Best of British Tomatoes, Taste the Difference 250g"
TOMA,"Sainsbury's Sundream Plum Vine Tomatoes, Taste the Difference 250g"
TOMA,Sainsbury's Tomatoes Loose
TOMA,Imperfectly Tasty Cherry Tomatoes
TOMA,Sainsbury's Plum Tomatoes 500g
TOMA,Sainsbury's SO Organic Cherry on the Vine Tomatoes 200g
TOMA,"Sainsbury's Large Tomatoes, SO Organic 400g"
TOMA,"Sainsbury's Golden Vittoria Cherry Vine Tomatoes, Taste the Difference 250g"
TOMA,"Sainsbury's Pomodorino Tomatoes, SO Organic 225g"
TOMA,"Sainsbury's Cheriplum Tomatoes, Taste the Difference 250g"
MXVG,Tesco Tenderstem  Mixed Vegetables 160G
MXVG,Tesco Farmhouse Mixed Vegetables 1Kg
MXVG,Birds Eye Country Mixed Vegetables 640G
MXVG,Growers Harvest Mixed Vegetables 1Kg
MXVG,Tesco 4 Steam Bag Carrots Broccoli  Sweetcorn 640G
MXVG,Tesco Mixed Vegetables 1Kg
MXVG,Tesco Mixed Vegetables 225G
MXVG,Tesco Mediterranean Style Chargrilled Vegetables 700G
MXVG,Birds Eye Steamfresh 4 Family Favourite Mix Vegetable 540G
MXVG,Tesco Casserole Vegetables 1Kg
MXVG,Tesco 4 Steam Bags Rice With Mixed Vegetables 600G
MXVG,Tesco Carrot Cauliflower  Broccoli 370G
MXVG,Tesco Cauliflower  Broccoli Florets 400G M
MXVG,Birds Eye Family Favourites Steamfresh x4 540g
MXVG,Sainsbury's Mixed Vegetables 1kg
MXVG,Classic Vegetable Mix 1kg
MXVG,The Greengrocer Mixed Vegetables 1kg
MXVG,Birds Eye Country Mixed Vegetables 640g
MXVG,Birds Eye Select Mixed Vegetables 640g
MXVG,Sainsbury's Classic Vegetable Base Mix 1kg
MXVG,"Sainsbury's Mixed Vegetables, SO Organic 500g"
