HONY,Hilltop Manuka 350Mgo New Zealand Honey 225G
HONY,Rowse Cut Comb In Acacia Honey 340G
HONY,Hilltop Premium Manuka Honey 500 Mgo 225G
HONY,Tesco Finest Grade A Amber Maple Syrup 330G
HONY,Rowse Supahoney Manuka  Honey 250G
HONY,Buckwud Organic Maple Syrup 250G
HONY,Tesco Finest Grade A Dark Maple Syrup 330G
HONY,Pasieka Multiflower Honey 1Kg
HONY,Rowse Organic Squeezy Honey 680G
HONY,Tesco Finest Eucalyptus Honey 340G
HONY,Rowse Squeezy Greek Honey 250G
HONY,Hilltop Everyday Blossom Honey 680G
HONY,Rowse Squeezy Organic Honey 340G
HONY,Rowse Organic Clear 340G
HONY,Rowse Honey Squeezy 680G
HONY,Tesco Organic Squeezy Clear Honey 340G
HONY,Wrigleys Extra White 6X10 Pieces 84G
HONY,Rowse Set Honey 340G
HONY,Tesco Organic Pure Set Honey 340G
HONY,Tesco Finest Acacia Honey 340G
HONY,Rowse Squeezy Light  Mild Honey 340G
HONY,Hilltop Everyday Blossom Honey 720G
HONY,Rowse Squeezy Clear Honey 340G
HONY,Rowse Squeezy Honey Dark  Rich 340G
HONY,Hubbard's Clear Honey 340g
HONY,Sainsbury's Set Honey 454g
HONY,Rowse Original Squeezy Honey 680g
HONY,Sainsbury's Clear Honey 454g
HONY,Rowse Original Squeezy Honey 250g
HONY,Rowse Natural Blossom Honey Squeezy 340g
HONY,"Sainsbury's Clear Honey, SO Organic 340g"
HONY,Rowse Set Honey 340g
HONY,Hilltop Everyday Blossom Honey 720g
HONY,Rowse Mild & Light Squeezy Honey 340g
HONY,Littleover Clear Wildflower Honey 340g
HONY,Rowse Organic Squeezy Honey 340g
HONY,Hilltop Honey Blossom Honey 340g
HONY,Rowse Clear Honey 340g
HONY,"Sainsbury's Set Honey, SO Organic 340g"
HONY,Odysea Greek Pine & Fir Tree Raw Honey 250g
HONY,Rowse Dark & Rich Honey 340g
HONY,Littleover English Set Honey 340g
HONY,"Sainsbury's Squeezy Honey, SO Organic 340g"
HONY,Sainsbury's Manuka Runny Honey 227g
HONY,Rowse Acacia Honey Squeezy 250g
HONY,"Sainsbury's Orange Blossom Honey, Taste the Difference 340g"
HONY,Clarks Organic Agave Syrup 250ml
HONY,Sainsbury's Manuka Honey 10+ 340g
JAMM,Bonne Maman Black Cherry Conserve 370G
JAMM,Bonne Maman Wild Blueberry Conserve 370G
JAMM,Bonne Maman Strawberry  Wild Strawberry Conserve 370G
JAMM,Bonne Maman Apricot Compote 380G
JAMM,Bonne Maman Raspberry Conserve 370G
JAMM,Tesco Finest Strawberry Conserve 340G
JAMM,Bonne Maman Cherry Compote 385G
JAMM,Bonne Maman Damson Plum Conserve 370G
JAMM,Bonne Maman BerriesCherries Conserve 370G
JAMM,Tesco Finest Blackcurran Conserve 340G
JAMM,Bonne Maman Peach Conserve 370G
JAMM,Bonne Maman Apricot Conserve 370G
JAMM,Bonne Maman Strawberry Conserve 370G
JAMM,Bonne Maman Blackcurrant Conserve 370G
JAMM,Bonne Maman Intense Strawberry Jam 335G
JAMM,Bonne Maman Intense Raspberry Jam 335G
JAMM,Bonne Maman Intense Apricot Jam 335G
JAMM,Tesco Finest Apricot Conserve 340G
JAMM,Lowicz Plum Butter Jam 290G
JAMM,Hartleys Best Strawberry Jam 340G
JAMM,Hartleys Best Black Cherry Jam 340G
JAMM,Mackays Scottish Strawberry Preserve 340G
JAMM,Mackays Seedless Bramble Preserve 340G
JAMM,Streamline Reduced Sugar Strawberry Jam 340G
JAMM,Hubbard's Foodstore Strawberry Jam 454g
JAMM,"Sainsbury's Strawberry Conserve, Taste the Difference 340g"
JAMM,Sainsbury's Strawberry Jam 454g
JAMM,"Sainsbury's Strawberry Conserve, Taste the Difference 340g"
JAMM,Hartley's Strawberry Seedless Jam 300g
JAMM,Bonne Maman Apricot Conserve 370g
JAMM,"Sainsbury's Raspberry Conserve, Taste the Difference 340g"
JAMM,"Sainsbury's Raspberry Jam, Seedless 454g"
JAMM,Bonne Maman Raspberry Conserve 370g
JAMM,Sainsbury's Apricot Jam 454g
JAMM,Sainsbury's Blackcurrant Jam 454g
JAMM,"Sainsbury's Blackcurrant Conserve, Taste the Difference 340g"
JAMM,Sainsbury's Reduced Sugar Strawberry Jam 415g
JAMM,Sainsbury's Raspberry Jam 454g
JAMM,Sainsbury's Ginger Preserve 454g
JAMM,Hartley's Best of Raspberry Seedless Jam 300g
JAMM,St. Dalfour Strawberry Fruit Spread 284g
JAMM,Bonne Maman Blackcurrant Conserve 370g
JAMM,Hartley's Strawberry Jam 300g
JAMM,"Sainsbury's Apricot Conserve, Taste the Difference 340g"
JAMM,Sainsbury's Seedless Strawberry Jam 454g
JAMM,St. Dalfour Raspberry Fruit Spread 284g
JAMM,Sainsbury's Taste the Difference Chilli Jam Spicy & Sweet 200g
JAMM,St. Dalfour Orange Thick Cut Fruit Spread 284g
CRSP,Itsu Seaweed Thins Sea Salt 5G
CRSP,Discos Salt  Vinegar Grab Bag Crisps 50G
CRSP,Tyrrells Mixed Root Vegetable Crisps 40G
CRSP,Walkers Baked Ready Salted 375G
CRSP,Doritos Cool Original Corn Chips 48G
CRSP,Propercorn Sweet  Salty 30G
CRSP,Walkers Less Salt Lightly Salted Crisps 45G
CRSP,Nik Naks Nice N Spicy Grab Bag Crisps 45G
CRSP,Hula Hoops Big Hoops Salted Grab Bag 45G
CRSP,Hula Hoops Big Hopps Salt  Vinegar Grab Bag 45G
CRSP,Hula Hoops Big Hoops Salted Grab Bag 45G
CRSP,Mccoys Sizzling King Prawn Grab Bag Crisps 45G
CRSP,Walkers Baked Cheese  Onion 375G
CRSP,Doritos Chilli Heatwave Corn Chips 48G
CRSP,Mccoys Cheddar  Onion Grab Bag Crisps 45G
CRSP,Doritos Tangy Cheese Corn Chips 48G
CRSP,Mccoys Thai Sweet Chicken Grab Bag Crisps 45G
CRSP,Mccoys Salt  Vinegar Grab Bag Crisps 45G
CRSP,Big Hoops Bbq Beef Grab Bag Crisps 45G
CRSP,Mccoys Flame Grilled Steak Grab Bag 45G
CRSP,Pringles Pop  Go Original 40G
CRSP,Walkers Less Salt Mild Cheese  Onion Crisps 45G
CRSP,Wotsits Cheese 36G
CRSP,Walkers Ready Salted Crisps 45G
CRSP,Pringles Sour Cream  Onion 40G
CRSP,Walkers Max Flamin Hot Crisps 50G
CRSP,Squares Salt  Vinegar 40G
CRSP,Walkers Salt  Vinegar Crisps 45G
CRSP,Walkers Prawn Cocktail Crisps 45G
CRSP,Walkers Max Paprika Crisps 50G
CRSP,Heinz Top Down Squeezy Tomato Ketchup Sauce 700G
CRSP,Tyrrells Hand Cooked Mediterranean Herb Flavour English Crisps 150g
CRSP,Tyrrells Lightly Sea Salted Sharing Crisps 150g
CRSP,Tyrrells Sweet Chilli & Red Pepper Sharing Crisps 150g
CRSP,Pringles Sour Cream & Onion Sharing Crisps 200g
CRSP,Pringles Original Sharing Crisps 200g
CRSP,Doritos Cool Original Sharing Tortilla Chips Crisps 180g
CRSP,"Just Snax Tortilla Chips, Basics 200g"
CRSP,Doritos Chilli Heatwave Sharing Tortilla Chips Crisps 180g
CRSP,Pringles Salt & Vinegar Sharing Crisps 200g
CRSP,"Sainsbury's Gourmet Sea Salt Crisps, Taste the Difference 150g"
CRSP,Pringles Texas BBQ Sauce Flavour Sharing Crisps 200g
CRSP,Popchips Barbeque Multipack Crisps 5pk
CRSP,Sensations Thai Sweet Chilli Sharing Crisps 150g
CRSP,Doritos Tangy Cheese Sharing Tortilla Chips Crisps 180g
CRSP,"Sainsbury's Cheddar & Spring Onion Crisps, Taste the Difference 150g"
CRSP,"Sainsbury's Sea Salt & Cider Vinegar Crisps, Taste the Difference 150g"
CRSP,Sainsbury's Tortilla Chips Salted 200g
CRSP,Tyrrells Cider Vinegar & Salt Sharing Crisps 150g
CRSP,Kettle Chips Sea Salt & Balsamic Vinegar of Modena Sharing Crisps 130g
CRSP,Pringles Paprika Sharing Crisps 200g
CRSP,Popchips Sour Cream & Onion Multipack Crisps 5pk
CRSP,Sainsbury's Tortilla Chips Cool 200g
CRSP,Sainsbury's Ready Salted Potato Sticks 150g
CRSP,Tyrrells Cheddar Cheese & Chive Sharing Crisps 150g
CRSP,Properchips Sea Salt Lentil Chips 85g
CRSP,Jacob's Cracker Crisps Sour Cream & Chive 150g
CRSP,Pringles Prawn Cocktail Flavour Sharing Crisps 200g
CRSP,Kettle Chips Sea Salt & Crushed Black Peppercorns Sharing Crisps 130g
CRSP,Kettle Chips Sweet Chilli & Sour Cream Sharing Crisps 130g
CRSP,Pringles Cheese & Onion Sharing Crisps 200g
CRSP,Sainsbury's Bacon Crispies 140g
