PORK,Tesco Unsmoked Streaky Bacon 300G
PORK,Tesco Smoked Streaky Bacon 300G
PORK,Woodside Farms Streaky Bacon 275G
PORK,Tesco Reduced Fat  Salt 10 Unsmoked Bacon Medallions 300G
PORK,Tesco Reduced Fat  Salt 10 Smoked Bacon Medallions 300G
PORK,Tesco Unsmoked Twin Pack Back Bacon 2X360g
PORK,Tesco Smoked Twin Pack Back Bacon 2X360g
PORK,Tesco Smoked Lardons 200G
PORK,Tesco Unsmoked Lardons 200G
PORK,Tesco Finest Unsmoked Wiltshire Cured Bacon 240G
PORK,Tesco Finest Smoked Wiltshire Cured Bacon 240G
PORK,Tesco Bacon Strips 50G
PORK,Tesco Finest Unsmoked Dry Cure Streaky
PORK,Tesco Finest Smoked Dry Cure Streaky Bacon
PORK,Mattessons Smoked Turkey Rashers 200G
PORK,Tesco Unsmoked Streaky Bacon 300G
PORK,T Unsmkd Thick Cut Back Bacon Rasher 300G
PORK,Tesco Unsmked Back Bacon10 300G Promo
PORK,Tesco Smoked Streaky Bacon 300G
PORK,Tesco Pork Loin Joint
PORK,Tesco Large Pork Shoulder Joint
PORK,Sainsbury's Thick Unsmoked Back Bacon Rashers x6 300g
PORK,Sainsbury's Thick Smoked Cut Back Bacon Rashers x6 300g
PORK,Sainsbury’s Smoked Back British Bacon Rashers x10  300g
PORK,"Sainsbury's Smoked Streaky British Bacon, Taste the Difference x14 220g"
PORK,Sainsbury’s Unsmoked Back British Bacon Rashers x10 300g
PORK,Sainsbury's Reduced Salt Smoked Back Bacon x8 250g
PORK,Sainsbury's Reduced Salt Unsmoked Back Bacon x8 250g
PORK,"Sainsbury's Unsmoked Streaky British Bacon, Taste the Difference X14 220g"
PORK,"Sainsbury's Oak Smoked Dry Cure British Bacon, Taste the Difference x 6 220g"
PORK,"Sainsbury's Unsmoked Dry Cure British Bacon, Taste the Difference x 6 220g"
PORK,Sainsbury's 16 Smoked Back Bacon Rashers 2x250g
PORK,J James & Family Smoked Back Bacon Rashers 300g
PORK,Sainsbury's Smoked Streaky Bacon Rashers 300g
PORK,"Sainsbury's Unsmoked Bacon Medallions, Be Good To Yourself x8 200g"
PORK,"Sainsbury's Smoked Bacon Medallions, Be Good To Yourself x8 200g"
PORK,Sainsbury's Unsmoked Back Bacon Rashers x16 (2x250g)
PORK,"Sainsbury's Wiltshire Cured Unsmoked British Back Bacon, Taste the Difference x8 240g"
PORK,Sainsbury's Unsmoked Streaky Bacon Rashers 300g
PORK,"Sainsbury's Oak Smoked British Bacon Lardons, Taste the Difference 160g"
PORK,Finnebrogue Naked Unsmoked Back Bacon x6 200g
PORK,Sainsbury's Smoked Bacon Lardons 250g
PORK,Woodside Farms Pork Loin Steaks 720G
PORK,Tesco 4 Pork Chops 900G
PORK,Tesco 4 Pork Loin Steaks 540G
PORK,Tesco Finest Pork Loin Steaks 400G
PORK,Tesco Pork Loin Steaks 2 Pack 270G
PORK,Tesco Fresh Diced Pork Topside 500G
PORK,Tesco Finest Pork Chops 500G
PORK,Tesco Sweet Bbq Pulled Pork 410G
PORK,Tesco Pork Leg Joint 1Kg
PORK,Tesco Gammon Steak With Cheese  Pineapple 345G
PORK,Tesco Small Unsmoked Gammon Joint
PORK,Tesco Fire Pit 4 Pork Mozzarella  Tomato Kebabs 400G
PORK,Tesco Whole Milk 3408L6 Pints
PORK,Tesco Fire Pit 6 Bbq Maple Pork Loin Steaks 600G
PORK,Tesco Pork Stir Fry 500G
PORK,Tesco 2 Pork Loin Chops 450G
PORK,Tesco Firepit 6 Chinese Style Pork Loin Steaks 600G
PORK,Woodside Farms Pork Chops 700G
PORK,Tesco Pork Loin Steaks 960G
PORK,Tesco Pork Shoulder Steaks 700G
PORK,Tesco Fin  Korean Inspired Butterfield Pork Shoulder Joint 670G
PORK,Tesco Small Smoked Gammon Joint
PORK,Tesco Finest Slow Cooked Char Siu Pork Shoulder 560G
PORK,Tesco Large Beef Roasting Joint With Basting Fat
PORK,Sainsbury's British Pork Mince 5% Fat 500g
PORK,Sainsbury's British Pork Loin Steaks x4 480g
PORK,Sainsbury's Small Unsmoked British Gammon Joint 750g
PORK,Sainsbury's British Pork Belly Slices 500g
PORK,Sainsbury's British Pork Loin Medallions x4 400g
PORK,Sainsbury's Just Cook British Gammon Joint with Sweet Honey Glaze (Serves 3)
PORK,Sainsbury's British Pork Loin Steaks x8 800g
PORK,Sainsbury's Butcher's Choice British Pork Sausagemeat 400g
PORK,Sainsbury’s Chinese Style British Pork Loin Steaks 440g
PORK,Sainsbury's Small Smoked British Gammon Joint 750g
PORK,Sainsbury's Extra Lean British Pork Stir Fry 300g
PORK,J.James & Family Unsmoked British Gammon Steak 200g
PORK,Sainsbury's British Pork Chops x2 350g
PORK,Sainsbury's British Pork Loin Steaks x2 240g
PORK,Sainsbury's Unsmoked Rindless British Gammon Steaks x2 400g
PORK,Sainsbury's Butcher's Choice British Pork & British Bacon Pigs In Blankets x12 260g
PORK,Sainsbury's Thick Cut British Pork Chops x2 500g
PORK,Deli Express Thick Cut British Roast Gammon Slices x4 150g
PORK,Sainsbury's Slow Cooked British Pork Ribs Smokey BBQ Sauce 646g (Serves 2)
PORK,Sainsbury's British Pork Shoulder Steaks x4 600g
BEEF,Tesco Finest Beef Roasting Joint
BEEF,Tesco Medium Beef Roasting Joint With Basting Fat
BEEF,Tesco Finest Diced Beef 400G
BEEF,Tesco Finest 5 Aberdeen Angus Steak Mince 500G
BEEF,Tesco 12 Beef Meatballs 336G
BEEF,Tesco Lean Diced Beef 600G
BEEF,Tesco Finest 20 Mini Meatballs 336G
BEEF,Tesco Finest 12 Beef  Herb Meatballs 336G
BEEF,Tesco Finest Aberdeen Angus Steak Mince 500G
BEEF,Tesco Finest 4 British Beef Steak Burgers 454G
BEEF,Tesco Beef Rump Steak 255G
BEEF,Tesco Finest Sirloin Steak 227G
BEEF,Tesco 24 Beef Meatballs 672G
BEEF,Tesco Lean Diced Beef 400G
BEEF,Tesco Diced Beef 400G
BEEF,Seachill Cooked Peeled Cold Water Prawns 150G
BEEF,Fresh Beef Brisket Slow- Roast
BEEF,Tesco 2 Beef Medallion Steaks 340G
BEEF,Tesco Finest Fillet Steak 210G
BEEF,Tesco Finest Ribeye Steak 227G
BEEF,Tesco 4 Quarter Pound Burgers 454G
BEEF,Tesco Lean Beef Steak Mince 5 Fat 250G
BEEF,Tesco Stewing Steak 400G
BEEF,Tesco Room To Roam British Chicken Breast Fillets 650G
BEEF,Sainsbury's British or Irish 5% Fat Beef Mince 500g
BEEF,Sainsbury's British or Irish 5% Fat Beef Mince 750g
BEEF,Sainsbury's British or Irish 20% Fat Beef Mince 500g
BEEF,Sainsbury's British or Irish 5% Fat Beef Mince 250g
BEEF,Sainsbury's British or Irish Extra Lean Diced Beef 500g
BEEF,"Sainsbury's British Beef Mince 5% Fat , Taste the Difference 500g"
BEEF,Sainsbury's British or Irish 10% Fat 12 Beef Meatballs 350g
BEEF,Sainsbury's British or Irish Extra Lean Diced Beef 250g
BEEF,"Sainsbury's Beef Mince 12% Fat , Taste the Difference 500g"
BEEF,Sainsbury's British or Irish 12% Fat Beef Mince 500g
BEEF,Sainsbury's Organic British Beef Mince 5% Fat 500g
BEEF,"Sainsbury's Beef Meatballs, Taste the Difference 350g"
BEEF,Sainsbury's British Beef Mince 1kg
BEEF,Sainsbury's British or Irish 5% Fat 12 Beef Meatballs 350g
BEEF,Sainsbury's British or Irish Extra Lean Casserole Steak 500g
BEEF,Sainsbury's 5% Fat Beef Mince 500g
BEEF,Sainsbury's British or Irish 10% Fat 24 Meatballs 700g
BEEF,Sainsbury's British or Irish 10% Fat 20 Beef Mini Meatballs 350g
BEEF,Sainsbury's British or Irish Diced Beef 500g
BEEF,Sainsbury's Organic British Beef Mince 12% Fat 500g
BEEF,Sainsbury's Beef Meatballs 500g
BEEF,Sainsbury's 12% Fat Beef Mince 800g
BEEF,"Sainsbury's British Diced Beef, SO Organic 500g"
BEEF,Matured Thick Cut Beef Sirloin Steak Avg 550 g
BEEF,Matured Thick Cut Beef Rump Steak Avg 700 g
BEEF,Seasoned Rump Beef Steak Avg 300 g
BEEF,Matured Thick Cut Beef Rib Eye Steak Avg 600 g
BEEF,Posh Pets Beef Mince Avg 700 g
BEEF,Barbeque Sirloin Beef Steaks Avg 300 g
BEEF,Free Range Beef Stroganoff Avg 500 g
BEEF,Beef Ox Liver Avg 500 g
BEEF,Free Range Mature Thick Cut Beef Sirloin Steak Avg 600 g
BEEF,Beef Bones Avg 1 kg
BEEF,Beef Stir Fry Avg 600 g
BEEF,8 Matured Beef Sirloin Steaks Avg 1.2 kg
BEEF,Beef Whole Fillet Avg 1.5 kg
BEEF,Free Range Matured Thick Cut Beef Rump Steak Avg 700 g
BEEF,Beef Thick Cut Sirloin Steaks Avg 1.7 kg
BEEF,Half Beef Fillet Avg 680 g
BEEF,8 Matured Beef Sirloin Steaks Avg 1.2 kg
BEEF,Beef Whole Fillet Avg 1.5 kg
BEEF,Free Range Matured Thick Cut Beef Rump Steak Avg 700 g
BEEF,Beef Thick Cut Sirloin Steaks Avg 1.7 kg
BEEF,Free Range Bulk Stewing Beef Avg 2.6 kg
BEEF,Beef Oxtail Avg 1.3 kg
BEEF,Corned Beef Avg 1.3 kg
BEEF,Beef Short Rib Avg 800 g
BEEF,Barbeque Rib Eye Beef Steaks Avg 450 g
BEEF,Beef Tenderised Steak Avg 750 g
BEEF,Free Range Beef Half Fillet Avg 800 g
BEEF,Beef Corned Tongue Avg 1.2 kg
BEEF,Free Range Beef Cubes Avg 500 g
BEEF,Matured Thick Cut T-Bone Steak Avg 600 g
BEEF,Halaal Tenderised Beef Steak Avg 750 g
BEEF,Matured Thick Cut Bone-In Sirloin Steak Avg 600 g
BEEF,Halaal Matured Thick-Cut Beef Sirloin Steak Avg 600 g
BEEF,Matured Picanha Beef Rump Avg 1.3 kg
BEEF,Matured Thick Cut Angus Beef Sirloin Steak Avg 600 g
BEEF,Halaal Free Range Stewing Beef Avg 1.7 kg
BEEF,Free Range Beef Short Rib Avg 900 g
BEEF,Frozen Beef Oxtail 750 g
BEEF,Free Range Marrow Bones Avg 500 g
BEEF,Free Range Beef Selection Pack Avg 1.2 kg
BEEF,Matured Thick Cut Angus Beef Rib Eye Steak Avg 600 g
BEEF,Halaal Corned Beef Avg 1.3 kg
BEEF,Halaal Beef Tongue Avg 1.2 kg
BEEF,Traditional Wagyu Beef Bangers 500 g
BEEF,Wagyu Thin Boerewors Avg 350 g
BEEF,Angus Beef Lean Mince 1 kg
BEEF,Wagyu Beef Mince 500 g
BEEF,Wagyu Beef Burgers 680 g
BEEF,Frozen Matured Thick Cut Beef Sirloin Steaks Avg 300 g
BEEF,Frozen Bulk Stewing Beef Avg 1.1 kg
BEEF,Angus Beef Oyster Blade Steak Avg 400 g
BEEF,Wagyu Beef Burgers 680 g
BEEF,Free Range Venison Thick Burger Patties 800 g
BEEF,Thick Free Range Beef Burgers 800 g
BEEF,Thin Free Range Beef Burgers 750 g
BEEF,Free Range Beef Burgers 680 g
BEEF,Wagyu Beef Burgers 680 g
BEEF,Halaal Thick Free Range Beef Burgers 8 pk
BEEF,Thick Angus Beef Burgers 8 pk
BEEF,Free Range Spicy BBQ Beef Burgers 8 pk
CHCK,Freshness Guaranteed Boneless Chicken Breasts Family Pack
CHCK,Freshness Guaranteed Chicken Breast Tenderloins
CHCK,Freshness Guaranteed Thin-Sliced Chicken Breasts
CHCK,Freshness Guaranteed Boneless Chicken Thighs
CHCK,Freshness Guaranteed Fresh Chicken Drumsticks
CHCK,Boneless Skinless Chicken Breast
CHCK,Chicken Wing Sections
CHCK,Boneless Skinless Chicken Thighs
CHCK,Marketside Antibiotic-Free Chicken Breast Tenderloins
CHCK,Fresh & Natural Boneless & Skinless Chicken Breast Fillets
CHCK,Foster Farms Fresh & Natural Cage Free Family Pack Chicken Thighs
CHCK,Foster Farms Fresh & Natural Cage Free Family Pack Chicken Drumsticks
CHCK,Boneless & Skinless Chicken Breasts Value Pack 
CHCK,Tyson Trimmed & Ready Boneless & Skinless Chicken Breast
CHCK,Tyson Trimmed & Ready Chicken Tenderloins
CHCK,Smart Chicken Organic Boneless & Skinless Chicken Breast
CHCK,Smart Chicken Organic Chicken Tenderloins
CHCK,Tyson All Natural Antibiotic Free Chicken Drumsticks
CHCK,Tesco British Diced Chicken Breast 650G
CHCK,Tesco Mini Chicken Fillets 650G
CHCK,Tesco British Diced Chicken Breast 400G
CHCK,Tesco Room To Roam British Chicken Breast Portions 300G
CHCK,Tesco British Chicken Breast Mini Fillets 400G
CHCK,Tesco Fresh Chicken Livers 380G
CHCK,Tesco 2 British Chicken Breast Fillets 300G
CHCK,Tesco Finest 2 Cornfed Free Range Chicken Fillets 270G-470G
CHCK,Tesco British Chicken Breast Portions 950G
CHCK,Willow Farm Chicken Breast Portions 900G -12Kg
CHCK,Tesco Large Chicken Fillet Pack 16Kg
CHCK,Tesco 4 British Turkey Burgers 454G
CHCK,Tesco British Turkey Thigh Joint 125Kg
CHCK,Tesco Mini Turkey Breast Fillets 400G
CHCK,Sainsbury's British Fresh Chicken Breast Fillets Skinless & Boneless 1kg
CHCK,Sainsbury's British Fresh Chicken Breast Fillets Skinless & Boneless 640g
CHCK,Sainsbury's British Fresh Chicken Breast Fillets Skinless & Boneless 300g
CHCK,Sainsbury's British Fresh Chicken Breast Mini Fillets 320g
CHCK,Sainsbury's Cooked Roast British Chicken Breast Fillets x2 240g
CHCK,Sainsbury's British Fresh Diced Chicken Breast 410g
CHCK,Sainsbury's Fresh British Chicken Breast Fillet garlic Kyiv x2 390g
CHCK,Sainsbury's Just Cook Chicken Breast Joint Butter Basted 500g (Serves 3)
CHCK,Sainsbury's British Fresh Chicken Breast Mini Fillets 640g
CHCK,Sainsbury's Cajun Spiced British Fresh Chicken Breast Grills x2 330g
CHCK,Sainsburys Southern fried Fresh British Chicken breast fillet x2 315g
CHCK,Sainsbury's British Fresh Diced Chicken Breasts 750g
CHCK,No Name Mixed Chicken Portions
CHCK,PnP Chicken 4 Thighs & 4 Drumsticks
CHCK,Chicken Braai Pack
CHCK,Skinless Chicken Fillet Breasts
CHCK,Mediteranean Flavoured Braai Chicken Espetada
CHCK,Free Range Whole Chicken in Tray
CHCK,Free Range Chicken 4 Drumsticks & 4 Thighs
CHCK,Chicken Drumsticks
CHCK,PnP Chicken Wings
CHCK,PnP Skinless Chicken Breasts Fillets 5s
CHCK,PnP Chicken Braaipack
CHCK,No Name Mix Chicken Portions
CHCK,PnP Chicken Breasts
CHCK,Free Range Chicken Drumsticks
CHCK,Free Range Chicken Thighs 4s
CHCK,PnP Chicken Thighs
CHCK,PnP Free Range Chicken Wings
CHCK,PnP Whole Chicken
CHCK,Free Range Skinless Chicken Breast Avg 400 g
CHCK,Crumbed Chicken Schnitzels Avg 700 g
CHCK,Crumbed Chicken Breast Fillets Avg 530 g
CHCK,Chicken Value Pack Avg 1.5 kg
CHCK,Free Range Whole Bird Avg 1.3 kg
CHCK,Skinless Chicken Breast Avg 400 g
CHCK,Free Range Chicken Drumsticks & Thighs Avg 900 g
CHCK,Chicken Drumsticks & Thighs Avg 1.8 kg
CHCK,Free Range Skinless Chicken Mini Breast Fillets 400 g
CHCK,Free Range Chicken Drumsticks & Thighs Avg 1.8 kg
CHCK,Whole Chicken Avg 1.3 kg
CHCK,Savoury Deboned Chicken Avg 1 kg
CHCK,Free Range Skinless Chicken Breasts Avg 850 g
CHCK,Easy to Cook Tuscan Herb Perfect Chicken Roast Avg 1.2 kg
CHCK,Easy to Cook Savoury Rub Perfect Chicken Roast Avg 1.2 kg
CHCK,Chicken Drumsticks & Thighs Avg 900 g
CHCK,Crumbed Free Range Chicken Schnitzels Avg 700 g
CHCK,Whole Chicken Avg 3 kg
CHCK,Skinless Chicken Mini Breast Fillets 400 g
CHCK,Chicken Portions Value Pack Avg 3 kg
CHCK,2 Free Range Sundried Tomato Chicken Espetadas Avg 800 g
CHCK,Skinless Chicken Thigh Fillets Avg 700 g
CHCK,Free Range Skinless Chicken Thigh Fillets Avg 900 g
CHCK,6 BBQ Marinated Chicken Kebabs 650 g
CHCK,Free Range Chicken Drumsticks Avg 700 g
CHCK,Skinless Chicken Breast Fillets Avg 900 g
CHCK,Crumbed Chicken Burgers 600 g
CHCK,Free Range Chicken Sausage 500 g
CHCK,Free Range Sweet Citrus Butterflied Chicken Avg 1.4 kg
CHCK,Smokey Barbeque Deboned Chicken Avg 1 kg
CHCK,Crumbed Chicken Breast Fillets Avg 900 g
CHCK,Free Range Chicken Sausage 500 g
CHCK,Free Range Skinless Drumsticks & Thighs Avg 1 kg
CHCK,Skinless Chicken Breast Fillets Avg 1.2 kg
CHCK,Free Range Chicken Portions Avg 2.6 kg
CHCK,Free Range Chicken Wings Avg 600 g
CHCK,Free Range Chicken Portions Avg 1.2 kg
CHCK,Chicken Wings Avg 550 g
CHCK,Chicken Drumsticks Avg 1.7 kg
TURK,Tesco British Turkey Breast Mince 2 Fat 500G
TURK,Tesco 12 British Turkey Meatballs 336G
TURK,Tesco British Turkey Drumsticks
TURK,Tesco 4 Cheese  Jalapeno Turkey Burgers 454G
TURK,Tesco British Turkey Breast Steaks 380G
TURK,Tesco Butter Basted Turkey Breast Joint 640G
TURK,Tesco Turkey Thigh Mince 7 Fat 500G
TURK,Tesco Beef Fillet Steak 170G
TURK,Tesco British Chicken Breast Portions 650G
TURK,Sainsbury's 2% Fat Fresh British Turkey Mince 500g
TURK,Sainsbury's Quick Cook Fresh British Turkey Steaks x4 400g
TURK,Sainsbury's 7% Fat Fresh British Turkey Mince 500g
TURK,Sainsbury's Fresh British Turkey Meatballs x12 400g
TURK,Sainsbury's Fresh British Turkey Gluten Free Sausages x8 454g
TURK,Sainsbury's Fresh British Turkey Breast Mini Fillets 400g
TURK,Sainsbury's 7% Fat Fresh British Turkey Mince 750g
TURK,Sainsbury's 2% Fresh British Turkey Mince 250g
TURK,Sainsbury's Fresh British Turkey Breast Fillet Portions 250g
TURK,Sainsbury's Fresh British Turkey Burgers x4 454g
TURK,Oakpark Smoked Turkey Rashers x6 150g
TURK,Sainsbury's Fresh British Turkey Breast Steaks 600g
TURK,Sainsbury's Caramelisd Onion Fresh British Turkey Gluten Free Sausages x8 454g
TURK,Bernard Matthews Turkey Chunks 80g
TURK,Humza Turkey & Beef Halal Sliced Cured 80g
TURK,Humza Turkey Halal Salchichon 65g
TURK,Ashfields British Turkey Breast Steaks 375g
TURK,Ashfields British Lean Turkey Mince 2% Fat 500g
TURK,Ashfields British Turkey Mince 500g
TURK,"Jennie-O 93% Lean 7% Fat Ground Turkey, 16 oz Tray"
TURK,"Jennie-O Fresh Ground Turkey, 90% Lean, 1 lb Roll"
TURK,"Jennie-O Fresh Ground Turkey, 93% Lean 7%, 3 lb Tray"
TURK,"Fresh Ground Turkey 85% Lean 15% Fat, 1 lb Tray"
TURK,"Foster Farms ABF Ground Turkey, 93/7, 1 lb"
TURK,"Ground Turkey Breast 99% Lean 1% Fat, 16 oz Tray"
TURK,"Fresh 85 Lean 15% Fat Ground Turkey, 3 lb Tray"
TURK,"Foster Farms Free Range Organic Ground Turkey, 93/7, 1 lb"
TURK,Premium Basted Young Turkey - Frozen
TURK,USDA All Natural Homestyle Turkey Meatballs - Frozen
TURK,Jennie-O All-Natural 93/7 Ground Turkey 
TURK,Premium Basted Turkey Breast - Frozen
TURK,Jennie-O All-Natural Turkey Breast Tenderloins
