CHSW,Lindt Lindor Milk Chocolate Truffles Carton 200G
CHSW,Ferrero Rocher 24 Pieces Boxed Chocolates 300G
CHSW,Cadbury Dairy Milk Chocolate Bar 360G
CHSW,Lindt Excellence Dark 70 Cocoa Chocolate Bar 100G
CHSW,Ferrero Rocher 16 Pieces Boxed Chocolates 200G
CHSW,Maltesers Gift Box Chocolates 310G
CHSW,Celebrations Chocolates 300G
CHSW,Cadbury Delights Nougat Salted Caramel Chocolate 5X22g
CHSW,Cadbury Delights Soft Nougat Hazelnut 5X22g
CHSW,Cadbury Delights Soft Nougat Orange  Caramel 5X22g
CHSW,Tesco Classic 74 Dark Chocolate 100G
CHSW,Nestle Kit Kat Chunky Milk Chocolate Bars Multipack 4 X 40g
CHSW,Smarties Chocolate Multipack 4 X 34G
CHSW,Maltesers Milk Chocolate Box 110G
CHSW,Cadbury Flake Chocolate Bars Multipack 4 X 255g
CHSW,Cadbury Dairy Milk Giant Buttons Chocolate Bag 119G
CHSW,Cadbury Twirl Chocolate Bars Multipack 4 X 34g
CHSW,Cadbury Dairy Milk For Kids 6 Pack 108G
CHSW,Cadbury Dairy Milk Caramel Chocolate Bars Multipack 4 X 37g
CHSW,Tesco Dark Chocolate Bar 200G
CHSW,Tesco Milk Chocolate Raisins 200G
CHSW,Tesco Milk Chocolate Peanut 200G
CHSW,Tesco Milk Chocolate Bar 200G
CHSW,Tesco Crunchy Caramel Chocolate Bars Multipack 5 X 42g
CHSW,Tesco Dreamy Caramel Chocolate Bars Multipack 6 X 40g
CHSW,Tesco Nutty Nougat Caramel Chocolate Bars Multipack 6 X 40g
CHSW,Ms Mollys Dark Chocolate Bar 100G
CHSW,Lindt Lindor Assorted Chocolate Truffles 200G
CHSW,Cadbury Dairy Milk Chocolate Bar 110g
CHSW,Lindt Excellence Dark 70% Cocoa Chocolate Bar 100g
CHSW,Cadbury Dairy Milk Chocolate Bar 180g
CHSW,Cadbury Dairy Milk Fruit & Nut Chocolate Bar 110g
CHSW,Lovett's Dark Chocolate 100g
CHSW,Cadbury Dairy Milk Whole Nut Chocolate Bar 120g
CHSW,Lindt Excellence Dark Sea Salt Chocolate Bar 100g
CHSW,Sainsbury's Dark Chocolate 200g
CHSW,Lindt Excellence Dark 90% Cocoa Chocolate Bar 100g
CHSW,Lovett's Milk Chocolate 100g
CHSW,Lindt Excellence Dark Mint Chocolate Bar 100g
CHSW,Lindt Excellence Dark Caramel and Sea Salt Chocolate Bar 100g
CHSW,Lindt Excellence Dark Orange Chocolate Bar 100g
CHSW,Green & Black's Organic 85% Dark Chocolate Bar 90g
CHSW,Lindt Excellence Dark 85% Cocoa Chocolate Bar 100g
CHSW,Green & Black's Organic 70% Dark Chocolate Bar 90g
CHSW,Lindt Excellence Milk Extra Creamy Chocolate Bar 100g
CHSW,Sainsbury's Milk Chocolate 200g
CHSW,Sainsbury's Mint Humbugs 200g
CHSW,Sainsbury's Butter Mintoes 200g
CHSW,Sainsbury's Mint Imperials 200g
CHSW,Trebor Extra Strong Peppermint Mints 4x41.3g
CHSW,Sainsbury's Mint Assortment 200g
CHSW,Polo Original Mints Roll Multipack 4x34g
CHSW,Polo Sugar Free Mints Roll Multipack 4x33.4g
CHSW,Extra Spearmint Sugarfree Chewing Gum Bottle Pieces x60
CHSW,Trebor Softmints Spearmint Mints 4x44.9g
CHSW,Extra Peppermint Chewing Gum Sugar Free Multipack 6x10 Pieces
CHSW,Extra White Bubblemint Chewing Gum Sugar Free Bottle 46 Pieces
CHSW,Walkers Mint Toffees Bag 150g
CHSW,Tic Tac Fresh Mint 100 48g
CHSW,Extra Peppermint Chewing Gum Sugar Free Large Bottle 90 Pieces
CHSW,XXX Extra Strong Peppermints Multipack 5x40.5g
CHSW,Extra Cool Breeze Chewing Gum Sugar Free Multipack 6x10 Pieces
CHSW,Extra Spearmint Chewing Gum Sugar Free Multipack 6x10 Pieces
CHSW,Fox's Glacier Mints 200g
CHSW,Airwaves Menthol & Eucalyptus Sugar Free Chewing Gum Bottle 46 Pieces
CHSW,Airwaves Menthol & Eucalyptus Chewing Gum Sugar Free Multipack 6x10 Pieces
CHSW,Polo Original Mints Roll 34g
CHSW,Extra White Bubblemint Chewing Gum Sugar Free Multipack 6x10 Pieces
CHSW,Tic Tac Fresh Strong Mint 16.4g
CHSW,Polo Spearmint Mints 4x34g
CHSW,Extra Ice Peppermint Chewing Gum Sugar Free Bottle 46pcs
CHSW,Mentos Chewy Dragees Mint Rolls 5x38g
CHSW,Extra White Chewing Gum Sugar Free Bottle 46pcs
CHSW,Mentos Fruit Chewy Dragees Rolls 5x38g
CHSW,Extra Cool Breeze Chewing Gum Sugar Free Bottle 60pcs
CHSW,Trebor Extra Strong Mints 48g
CHSW,Extra Ice Peppermint Chewing Gum Sugar Free Multipack 6x10 Pieces
CHSW,Mentos Pure Fresh Freshmint Sugar Free Chewing Gum x50 100g
CHSW,Extra Refreshers Tropical Flavour Sugarfree Chewing Gum Bottle 30 Pieces
CHSW,Extra Strawberry Flavour Sugarfree Chewing Gum Bottle Pieces x60
CHSW,Mentos Gum Pure Fresh Freshmint Bottle 50Pc 100G
CHSW,Mentos Gum Spearmint 50Pc Btl100g
CHSW,Mentos Gum Pure Fresh Bubblefresh 50Pc 97G
CHSW,Wrigleys Extra Spearmint Bottle 60 Piece
CHSW,Wrigleys Extra Peppermint Gum Bottle 60 Pieces
CHSW,Wrigleys Extra Sugar Free Strawberry Gum 60 Pieces 84G
CHSW,Wrigleys Extra Refreshers Tropical Chewing Gum 67G
CHSW,Wrigleys Extra Refreshers Bubble Mint 30S Gum 67G
CHSW,Extra Coolbreeze 60 Piece Bottle 84G
CHSW,Wrigleys Extra Spearmint 6X10 Pieces 84G
CHSW,Wrigleys Extra Peppermint 6X10 Pieces 84G
CHSW,Wrigleys Extra White Bubblemint 6X10 Pieces 84G
CHSW,Wrigleys Extra Ice Peppermint 6X10 Pieces 84G
CHSW,Wrigleys Extra Cool Breeze 6X10 Pieces 84G
CHSW,Wrigleys Airwaves Menthol Eucalyptus 6X10pcs 84G
CHSW,Wrigley Extra Bubblemint Gum Bottle 46 Pieces
CHSW,Airwaves Menthol  Eucalyptus Gum Bottle 46 Pieces
CHSW,Extra White Gum Bottle 46 Pieces64g
CHSW,Wrigleys Extra Tropical Chewing Gum Sugar Free 156G
CHSW,Wrigleys Extra Sugar Free Apple Flavour Gum 14G
CHSW,Wrigleys Extra Sugar Free Blueberry Gum 10 Pieces 14G
CHSW,Wrigleys Extra Refreshers Gum Bubblemint 7Pce
CHSW,Wrigleys Extra Refreshers Gum Peppermint 7 Pieces
CHSW,Wrigleys Hubba Bubba Triple Tape
CHSW,Airwaves Blackcurrant Gum 10 Pieces
CHSW,Extra Strawberry Gum 10 Pieces
CHSW,Extra Spearmint Gum 10 Pieces
CHSW,Extra White Peppermint Gum 10 Pieces
CHSW,Extra Peppermint Gum 10 Pieces
CHSW,Airwaves Menthol  Eucalyptus Gum 10 Pieces
CHSW,Extra Ice Peppermint Gum 10 Pieces
CHSW,Extra White Bubblemint Gum 10 Pieces
CHSW,Extra Cool Breeze Gum 10 Pieces
CHSW,Nerds Candy Rainbow Fruit Flavour 1417G
CHSW,Maynards Bassetts Wine Gums 350G
CHSW,Maynards Bassetts Jelly Babies 350G
CHSW,Haribo Maoam Joystixx 140G R
CHSW,Squashies Drumsticks 160 G
CHSW,Bassetts Jelly Babies 190G
CHSW,Bassetts Liquorice Allsorts 190G
CHSW,The Natural Confectionery Company Jelly Snakes 130G
CHSW,Haribo Maoam Pinballs 140G R
CHSW,Haribo Maoam Stripes 140G R
CHSW,Tesco Fruit Jellies 200G
CHSW,Nerds Candy Watermelon  Cherry 467G
CHSW,Nerdsd Candy Grape  Strawberry 467G
CHSW,Rowntrees Vegan Fruit Pastilles 4X428G
CHSW,Maoam 8 Pack Bloxx Chewy Sweets 176G
CHSW,Squashies Drumstick Sour Cherry  Apple 160G
CHSW,Tesco Fizzy Strawberry Flavour Lances 75G
CHSW,Tesco Fizzy Cola Lances 75G
CHSW,Haribo Fruitilicious Fruit Gums 150G
CHSW,Haribo Giant Strawbs Fruit Gums 175G
CHSW,Rowntrees Pic And Mix Vegan Friendly Sweets 150G
CHSW,Rowntrees Vegan Strawberry  Blackcurrant Fruit Pastilles 143G
CHSW,Haribo Jelly Babies Double Trouble 175G
CHSW,Tesco Mini Jelly Beans 85G
CHSW,Hilltop Premium Manuka 100 Mgo Honey Of New Zealand 225G
CHSW,Sainsbury's Strawberry Laces Sweets 70g
CHSW,Rowntree's Fruit Gums Sweets Sharing Pouches 150g
CHSW,Rowntree’s Fruit Pastilles Sweets Tube Multipack 4x42.8g
CHSW,Maoam Joystixx Chewy Sweets Bag 140g
CHSW,Haribo Giant Strawbs Vegetarian Sweets Bag 175g
CHSW,Sainsbury's Jelly Babies Sweets 225g
CHSW,Haribo Starmix Mini Bag Multipack Sweets 22x16g
CHSW,Sainsbury's Mint Humbugs 200g
CHSW,Haribo Tangfastics Sour Sweets Bag 175g
CHSW,Haribo Starmix Sweets Bag 175g
CHSW,Sainsbury's Butter Mintoes 200g
CHSW,Sainsbury's Mint Imperials 200g
CHSW,Werther's Original Butter Sweets 135g
CHSW,Sainsbury's Fruit Jellies Sweets 225g
CHSW,Rowntree’s Fruit Pastilles Sweets Sharing Pouch 143g
CHSW,Maynards Bassetts Jelly Babies Sweets Bag 190g
CHSW,Swizzels Drumstick Squashies Sweets 160g
CHSW,The Natural Confectionery Co. Jelly Snakes Sweets Bag 160g
CHSW,Haribo Supermix Sweets Bag 175g
CHSW,Maynards Bassetts Wine Gums Sweets Bag 190g
CHSW,Sainsbury's Wine Gums Sweets 225g
CHSW,Sainsbury's Marshmallows 200g
CHSW,Sainsbury's Mint Assortment 200g
CHSW,Werther's Original Sugar Free Sweets 80g
JAMH,Hilltop Manuka 350Mgo New Zealand Honey 225G
JAMH,Rowse Cut Comb In Acacia Honey 340G
JAMH,Hilltop Premium Manuka Honey 500 Mgo 225G
JAMH,Tesco Finest Grade A Amber Maple Syrup 330G
JAMH,Rowse Supahoney Manuka  Honey 250G
JAMH,Buckwud Organic Maple Syrup 250G
JAMH,Tesco Finest Grade A Dark Maple Syrup 330G
JAMH,Pasieka Multiflower Honey 1Kg
JAMH,Rowse Organic Squeezy Honey 680G
JAMH,Tesco Finest Eucalyptus Honey 340G
JAMH,Rowse Squeezy Greek Honey 250G
JAMH,Hilltop Everyday Blossom Honey 680G
JAMH,Rowse Squeezy Organic Honey 340G
JAMH,Rowse Organic Clear 340G
JAMH,Rowse Honey Squeezy 680G
JAMH,Tesco Organic Squeezy Clear Honey 340G
JAMH,Wrigleys Extra White 6X10 Pieces 84G
JAMH,Rowse Set Honey 340G
JAMH,Tesco Organic Pure Set Honey 340G
JAMH,Tesco Finest Acacia Honey 340G
JAMH,Rowse Squeezy Light  Mild Honey 340G
JAMH,Hilltop Everyday Blossom Honey 720G
JAMH,Rowse Squeezy Clear Honey 340G
JAMH,Rowse Squeezy Honey Dark  Rich 340G
JAMH,Hubbard's Clear Honey 340g
JAMH,Sainsbury's Set Honey 454g
JAMH,Rowse Original Squeezy Honey 680g
JAMH,Sainsbury's Clear Honey 454g
JAMH,Rowse Original Squeezy Honey 250g
JAMH,Rowse Natural Blossom Honey Squeezy 340g
JAMH,"Sainsbury's Clear Honey, SO Organic 340g"
JAMH,Rowse Set Honey 340g
JAMH,Hilltop Everyday Blossom Honey 720g
JAMH,Rowse Mild & Light Squeezy Honey 340g
JAMH,Littleover Clear Wildflower Honey 340g
JAMH,Rowse Organic Squeezy Honey 340g
JAMH,Hilltop Honey Blossom Honey 340g
JAMH,Rowse Clear Honey 340g
JAMH,"Sainsbury's Set Honey, SO Organic 340g"
JAMH,Odysea Greek Pine & Fir Tree Raw Honey 250g
JAMH,Rowse Dark & Rich Honey 340g
JAMH,Littleover English Set Honey 340g
JAMH,"Sainsbury's Squeezy Honey, SO Organic 340g"
JAMH,Sainsbury's Manuka Runny Honey 227g
JAMH,Rowse Acacia Honey Squeezy 250g
JAMH,"Sainsbury's Orange Blossom Honey, Taste the Difference 340g"
JAMH,Clarks Organic Agave Syrup 250ml
JAMH,Sainsbury's Manuka Honey 10+ 340g
JAMH,Bonne Maman Black Cherry Conserve 370G
JAMH,Bonne Maman Wild Blueberry Conserve 370G
JAMH,Bonne Maman Strawberry  Wild Strawberry Conserve 370G
JAMH,Bonne Maman Apricot Compote 380G
JAMH,Bonne Maman Raspberry Conserve 370G
JAMH,Tesco Finest Strawberry Conserve 340G
JAMH,Bonne Maman Cherry Compote 385G
JAMH,Bonne Maman Damson Plum Conserve 370G
JAMH,Bonne Maman BerriesCherries Conserve 370G
JAMH,Tesco Finest Blackcurran Conserve 340G
JAMH,Bonne Maman Peach Conserve 370G
JAMH,Bonne Maman Apricot Conserve 370G
JAMH,Bonne Maman Strawberry Conserve 370G
JAMH,Bonne Maman Blackcurrant Conserve 370G
JAMH,Bonne Maman Intense Strawberry Jam 335G
JAMH,Bonne Maman Intense Raspberry Jam 335G
JAMH,Bonne Maman Intense Apricot Jam 335G
JAMH,Tesco Finest Apricot Conserve 340G
JAMH,Lowicz Plum Butter Jam 290G
JAMH,Hartleys Best Strawberry Jam 340G
JAMH,Hartleys Best Black Cherry Jam 340G
JAMH,Mackays Scottish Strawberry Preserve 340G
JAMH,Mackays Seedless Bramble Preserve 340G
JAMH,Streamline Reduced Sugar Strawberry Jam 340G
JAMH,Hubbard's Foodstore Strawberry Jam 454g
JAMH,"Sainsbury's Strawberry Conserve, Taste the Difference 340g"
JAMH,Sainsbury's Strawberry Jam 454g
JAMH,"Sainsbury's Strawberry Conserve, Taste the Difference 340g"
JAMH,Hartley's Strawberry Seedless Jam 300g
JAMH,Bonne Maman Apricot Conserve 370g
JAMH,"Sainsbury's Raspberry Conserve, Taste the Difference 340g"
JAMH,"Sainsbury's Raspberry Jam, Seedless 454g"
JAMH,Bonne Maman Raspberry Conserve 370g
JAMH,Sainsbury's Apricot Jam 454g
JAMH,Sainsbury's Blackcurrant Jam 454g
JAMH,"Sainsbury's Blackcurrant Conserve, Taste the Difference 340g"
JAMH,Sainsbury's Reduced Sugar Strawberry Jam 415g
JAMH,Sainsbury's Raspberry Jam 454g
JAMH,Sainsbury's Ginger Preserve 454g
JAMH,Hartley's Best of Raspberry Seedless Jam 300g
JAMH,St. Dalfour Strawberry Fruit Spread 284g
JAMH,Bonne Maman Blackcurrant Conserve 370g
JAMH,Hartley's Strawberry Jam 300g
JAMH,"Sainsbury's Apricot Conserve, Taste the Difference 340g"
JAMH,Sainsbury's Seedless Strawberry Jam 454g
JAMH,St. Dalfour Raspberry Fruit Spread 284g
JAMH,Sainsbury's Taste the Difference Chilli Jam Spicy & Sweet 200g
JAMH,St. Dalfour Orange Thick Cut Fruit Spread 284g
JAMH,Itsu Seaweed Thins Sea Salt 5G
JAMH,Discos Salt  Vinegar Grab Bag Crisps 50G
JAMH,Tyrrells Mixed Root Vegetable Crisps 40G
JAMH,Walkers Baked Ready Salted 375G
JAMH,Doritos Cool Original Corn Chips 48G
JAMH,Propercorn Sweet  Salty 30G
JAMH,Walkers Less Salt Lightly Salted Crisps 45G
JAMH,Nik Naks Nice N Spicy Grab Bag Crisps 45G
JAMH,Hula Hoops Big Hoops Salted Grab Bag 45G
JAMH,Hula Hoops Big Hopps Salt  Vinegar Grab Bag 45G
JAMH,Hula Hoops Big Hoops Salted Grab Bag 45G
JAMH,Mccoys Sizzling King Prawn Grab Bag Crisps 45G
JAMH,Walkers Baked Cheese  Onion 375G
JAMH,Doritos Chilli Heatwave Corn Chips 48G
JAMH,Mccoys Cheddar  Onion Grab Bag Crisps 45G
JAMH,Doritos Tangy Cheese Corn Chips 48G
JAMH,Mccoys Thai Sweet Chicken Grab Bag Crisps 45G
JAMH,Mccoys Salt  Vinegar Grab Bag Crisps 45G
JAMH,Big Hoops Bbq Beef Grab Bag Crisps 45G
JAMH,Mccoys Flame Grilled Steak Grab Bag 45G
JAMH,Pringles Pop  Go Original 40G
JAMH,Walkers Less Salt Mild Cheese  Onion Crisps 45G
JAMH,Wotsits Cheese 36G
JAMH,Walkers Ready Salted Crisps 45G
JAMH,Pringles Sour Cream  Onion 40G
JAMH,Walkers Max Flamin Hot Crisps 50G
JAMH,Squares Salt  Vinegar 40G
JAMH,Walkers Salt  Vinegar Crisps 45G
JAMH,Walkers Prawn Cocktail Crisps 45G
JAMH,Walkers Max Paprika Crisps 50G
JAMH,Heinz Top Down Squeezy Tomato Ketchup Sauce 700G
JAMH,Tyrrells Hand Cooked Mediterranean Herb Flavour English Crisps 150g
JAMH,Tyrrells Lightly Sea Salted Sharing Crisps 150g
JAMH,Tyrrells Sweet Chilli & Red Pepper Sharing Crisps 150g
JAMH,Pringles Sour Cream & Onion Sharing Crisps 200g
JAMH,Pringles Original Sharing Crisps 200g
JAMH,Doritos Cool Original Sharing Tortilla Chips Crisps 180g
JAMH,"Just Snax Tortilla Chips, Basics 200g"
JAMH,Doritos Chilli Heatwave Sharing Tortilla Chips Crisps 180g
JAMH,Pringles Salt & Vinegar Sharing Crisps 200g
JAMH,"Sainsbury's Gourmet Sea Salt Crisps, Taste the Difference 150g"
JAMH,Pringles Texas BBQ Sauce Flavour Sharing Crisps 200g
JAMH,Popchips Barbeque Multipack Crisps 5pk
JAMH,Sensations Thai Sweet Chilli Sharing Crisps 150g
JAMH,Doritos Tangy Cheese Sharing Tortilla Chips Crisps 180g
JAMH,"Sainsbury's Cheddar & Spring Onion Crisps, Taste the Difference 150g"
JAMH,"Sainsbury's Sea Salt & Cider Vinegar Crisps, Taste the Difference 150g"
JAMH,Sainsbury's Tortilla Chips Salted 200g
JAMH,Tyrrells Cider Vinegar & Salt Sharing Crisps 150g
JAMH,Kettle Chips Sea Salt & Balsamic Vinegar of Modena Sharing Crisps 130g
JAMH,Pringles Paprika Sharing Crisps 200g
JAMH,Popchips Sour Cream & Onion Multipack Crisps 5pk
JAMH,Sainsbury's Tortilla Chips Cool 200g
JAMH,Sainsbury's Ready Salted Potato Sticks 150g
JAMH,Tyrrells Cheddar Cheese & Chive Sharing Crisps 150g
JAMH,Properchips Sea Salt Lentil Chips 85g
JAMH,Jacob's Cracker Crisps Sour Cream & Chive 150g
JAMH,Pringles Prawn Cocktail Flavour Sharing Crisps 200g
JAMH,Kettle Chips Sea Salt & Crushed Black Peppercorns Sharing Crisps 130g
JAMH,Kettle Chips Sweet Chilli & Sour Cream Sharing Crisps 130g
JAMH,Pringles Cheese & Onion Sharing Crisps 200g
JAMH,Sainsbury's Bacon Crispies 140g
SAUC,Hellmanns Light Squeezy Mayonnaise 750Ml
SAUC,Hellmanns Real Squeezy Mayonnaise 750Ml
SAUC,Heinz Top Down Tomato Ketchup 910G
SAUC,Heinz Top Down Squeezy Tomato Ketchup Sauce 460G
SAUC,Colmans Original English Mustard 100G
SAUC,Branston Piccalilli 360G
SAUC,Tesco Seafood Sauce 250Ml
SAUC,Tesco Finest Cranberry Sauce 220G
SAUC,Baxters Baby Beetroot 567G
SAUC,Tesco Whole Pickled Gherkins 680G
SAUC,Colmans Mint Sauce 165G
SAUC,Hp Top Down Brown Sauce 450G
SAUC,Branston Small Chunk Pickle 720G
SAUC,Hellmanns Real Squeezy Mayonnaise 430Ml
SAUC,Branston Pickle 720G
SAUC,Colmans Horseradish Sauce 136G
SAUC,Colmans Seafood Sauce 155G
SAUC,Colmans Bramley Apple Sauce 155G
SAUC,Tesco Mango Chutney 230G
SAUC,Colmans Tartare Sauce 144G
SAUC,Heinz Salad Cream 425G
SAUC,Tesco Finest Red Onion Chutney 230G
SAUC,Tesco Pickled Red Cabbage 340G
SAUC,Tesco Pitted Black Olives 330G
SAUC,Branston Small Chunk Pickle 360G
SAUC,Daddies Tomato Ketchup 400G
SAUC,Tesco Mini Cornichons 340G
SAUC,Tesco Pitted Green Olives In Brine 340G
SAUC,Tesco Fire Pit Cola Ketchup 280Ml
SAUC,Ocean Spray Smooth Cranberry Sauce 250G
SAUC,Ocean Spray Whole Berry Cranberry Sauce 250G
SAUC,Tesco Pickled Silverskin Onions 440G
SAUC,Tesco Salad Cream 450Ml
SAUC,Tesco Sweet Pickled Silverskin Onions 440G
SAUC,Tesco Pickled Sliced Beetroot 340G
SAUC,Tesco Tomato Ketchup 555G
SAUC,Tesco Sweet Piccalilli 350G
SAUC,Tesco Tomato Ketchup 890G
SAUC,Tesco Wholegrain Mustard 180G
SAUC,Tesco Mayonnaise 500Ml
SAUC,Tesco Mint Sauce 185G
SAUC,Tesco Traditional Pickled Onions 440G
SAUC,Tesco Cranberry Sauce 200G
SAUC,Tesco Dijon Mustard 185G
SAUC,Tesco Bramley Apple Sauce 270G
SAUC,Sharwoods Green Label Mango Chutney 530G
SAUC,Kettle Sea Salt  Balsamic Vinegarcrisps40g
SAUC,Tesco Tartare Sauce 175G
SAUC,Heinz Tomato Ketchup Squeezy 250g
SAUC,Heinz Top Down Ketchup 460g
SAUC,Heinz Tomato Ketchup 910g
SAUC,Heinz Tomato Ketchup 700g
SAUC,Sainsbury's Tomato Ketchup Sauce 460g
SAUC,Heinz Seriously Good Mayonnaise 540g
SAUC,Heinz Seriously Good Light Mayonnaise 570g
SAUC,Sainsbury's Balsamic Vinegar Of Modena 1 Leaf 250ml
SAUC,"Sainsbury's Caesar Salad Dressing, Be Good To Yourself 250ml"
SAUC,"Sainsbury's Honey & Mustard Dressing, Be Good To Yourself 250ml"
SAUC,Heinz Seriously Good Mayonnaise 775g
SAUC,Pizza Express House Light Salad Dressing 235ml
SAUC,"Sainsbury's French Dressing, Be Good To Yourself 250ml"
SAUC,Hellmann's Fat Free Vinaigrette 250ml
SAUC,GOOD4U Protein Salad Topper Super Seeds 150g
SAUC,Top Taste Crispy Onions 100g
SAUC,Heinz Seriously Good Light Mayonnaise 815g
SAUC,Cardini's Original Caesar Dressing 250ml
SAUC,"Sainsbury's Balsamic Vinegar, SO Organic 250ml"
SAUC,Sainsbury's Dark Soy Sauce 150ml
SAUC,Sainsbury's Light Soy Sauce 150ml
SAUC,Sainsbury's Soy Sauce Reduced Salt 150ml
SAUC,Lea & Perrins Worcestershire Sauce 150ml
SAUC,"Kikkoman Soy Sauce, Naturally Brewed 150ml"
SAUC,Sainsbury's Worcester Sauce 150ml
SAUC,HP Squeezy Brown Sauce 450g
SAUC,Hubbard's Foodstore Brown Sauce 450g
SAUC,HP Brown Sauce 255g
SAUC,Daddies Brown Sauce 400g
SAUC,HP The Original Brown Sauce 600g
SAUC,HP Fruity Sauce 470g
SAUC,Sainsbury's BBQ Sauce 500g
SAUC,Nando's Peri Peri Rub Medium 25g
SAUC,Heinz Classic BBQ Sauce 480g
SAUC,Heinz Classic BBQ Sauce 665g
SAUC,Heinz Sweet BBQ Sauce 500g
SAUC,Sainsbury's Tartare Sauce 250ml
SAUC,Sainsbury's Mint Sauce 250ml
SAUC,Sainsbury's Bramley Apple Sauce 420ml
SAUC,Colman's Tartare Sauce 144g
SAUC,Sainsbury's Horseradish Sauce 160ml
SAUC,Colman's Bramley Apple Sauce 155g
SAUC,Sainsbury's Seafood Sauce 250ml
SAUC,Colman's Mint Sauce 165g
SAUC,Sainsbury's Redcurrant Jelly 250ml
SAUC,Sainsbury's Dijon Mustard 185g
SAUC,Colman's Original English Mustard 170g
SAUC,Sainsbury's Wholegrain Mustard 180g
