POTT,Large Potatoes Baking Loose
POTT,Tesco Baking Potatoes 25Kg Pack
POTT,Tesco Finest Jacket Potatoes 4 Pack
POTT,Tesco 4 Baking Potatoes
POTT,Tesco Maris Piper Potatoes 25Kg
POTT,Tesco All Rounder Potatoes 25Kg
POTT,Tesco Finest Baby Potatoes 750G
POTT,Tesco Finest Baby Potatoes 360G
POTT,Tesco Baby Potatoes 1Kg
POTT,Tesco Finest Jacket Potatoes 4 Pack
POTT,Tesco Perfectly Imperfect Potatoes 25Kg
POTT,Sainsbury's British Baking Potatoes x4
POTT,Sainsbury's British Baking Potatoes Loose
POTT,"Sainsbury's Vivaldi Baking Potatoes, Taste the Difference x4 (minimum)"
POTT,Sainsbury's British Baking Potatoes 2.5kg
POTT,Sainsbury's British Maris Piper Potatoes 2.5kg
POTT,Sainsbury's British Baby Potatoes 1kg
POTT,Sainsbury's British White Potatoes 2.5kg
POTT,Sainsbury's British Mini Potatoes 750g
POTT,Sainsbury's British Baking Potatoes Loose
POTT,"Sainsbury's Vivaldi Baking Potatoes, Taste the Difference x4 (minimum)"
POTT,Sainsbury's British King Edward Potatoes 2kg
POTT,Sainsbury's British Baking Potatoes 2.5kg
POTT,"Sainsbury's White Vivaldi Potatoes, Taste the Difference 2kg"
POTT,Sainsbury's British Charlotte Potatoes 1kg
SWPT,Tesco Large Sweet Potatoes Loose Class 1
SWPT,Tesco Sweet Potatoes 1Kg
SWPT,Tesco Frozen Sweet Potato Chunks 600G
SWPT,Strong Roots Garlic Roasted Sweet Potato 500G
SWPT,Organic Sweet Potatoes 750G
SWPT,Tesco Butternut Squash  Sweet Potato 350G
SWPT,Tesco 2 Baking Sweet Potatoes
SWPT,Tesco Organic Baby Potatoes 750G
SWPT,Sainsbury's Sweet Potatoes Loose
SWPT,Sainsbury's Sweet Potato 1.25kg
SWPT,"Sainsbury's Sweet Potato, SO Organic 750g"
SWPT,Sainsbury's Baking Sweet Potatoes x2
SWPT,Sainsbury's White Flesh Sweet Potato 750g
