BSRX,Tesco Microwave Basmati Rice 250G
BSRX,Tesco Basmati Rice 2Kg
BSRX,Tesco Basmati Rice 4Kg
BSRX,Laila Basmati Rice 10Kg
BSRX,Tilda Pure Original Basmati Rice 10Kg
BSRX,Tilda Basmati Rice 1Kg
BSRX,Tilda Pure Steamed Basmati Rice Classic 250G
BSRX,Akash Basmati Rice 10Kg
BSRX,Growers Harvest Microwave Basmati Rice 250G
BSRX,Tilda Basmati Rice 500G
BSRX,Tilda Pure Original Basmati Rice 5Kg
BSRX,Laila Basmati Rice 5Kg
BSRX,Tesco Easy Cook Basmati Rice 1Kg
BSRX,Kohinoor Extra Flavour Basmati Rice 10Kg
BSRX,Tesco Boil In The Bag Basmati Rice 4 X 125G
BSRX,Badshah Superior Aged Basmati Rice 5Kg
BSRX,Kohinoor Classic Basmati Rice 10Kg
BSRX,Akash Gold Basmati Rice 10Kg
BSRX,Laila Basmati Rice 2Kg
BSRX,Tesco Organic Basmati Rice 500G
BSRX,Tesco Jasmine Rice 1Kg
BSRX,Ben's Original Classic Basmati Microwave Rice 220g
BSRX,Sainsbury's Microwave Rice Basmati 250g
BSRX,Sainsbury's Basmati Rice 1kg
BSRX,Tilda Microwave Rice Pure Basmati 250g
BSRX,Sainsbury's Microwave Rice Brown Basmati 250g
BSRX,Tilda Microwave Rice Wholegrain Basmati 250g
BSRX,Tilda Microwave Rice Lime & Coriander Basmati 250g
BSRX,Tilda Microwave Rice Pilau Basmati 250g
BSRX,Tilda Pure Basmati Rice 500g
BSRX,Sainsbury's Basmati Rice 500g
BSRX,Tilda Pure Basmati Rice 1kg
BSRX,Sainsbury's Boil In The Bag Basmati Rice 4x125g
BSRX,Veetee Heat& Eat Basmati Rice Pots x2 250g
BSRX,Tilda Microwave Rice Wholegrain Pilau Basmati 250g
BSRX,Tilda Wholegrain Basmati Rice 1kg
BSRX,Sainsbury's Basmati Rice 2kg
BSRX,Tilda Pure Basmati Rice 5kg
BSRX,Laila Basmati Rice 5kg
BSRX,Tilda Boil in Bag Pure Basmati Rice 250g
BSRX,Trophy Indian Basmati Rice 10kg
BSRX,Tilda Pure Basmati Rice 2kg
JSRX,Tesco Thai Hom Mali Aaa Jasmine Fragrant Rice 5Kg
JSRX,Tilda Thai Jasmine Rice 500G
JSRX,Tesco Microwave Jasmine Rice 250G
JSRX,Tilda Jasmine Fragrant Rice 250G
JSRX,Veetee Heat Eat Thai Jasmine Rice 2X140g
JSRX,Royal Umbrella Thai Jasmine Rice 1Kg
JSRX,Bens Original Long Grain Rice 500G
JSRX,Mai Thai AAA Jasmine Fragrant Rice 5kg
JSRX,Veetee Heat& Eat Thai Jasmine Rice Pots 280g
JSRX,Tilda Fragrant Jasmine Rice 500g
LGRX,Sainsbury's Microwave Rice Brown 250g
LGRX,Tesco Tuna Chunks In Sunflower Oil 400G
LGRX,Bens Original Classic Long Grain Microwave Rice 220G
LGRX,Tesco Easy Cook Long Grain Rice 1Kg
LGRX,Tesco Microwave Long Grain Rice 250G
LGRX,Grower Harvest Long Grain Rice 1Kg
LGRX,Tesco Easy Cook Rice 2Kg
LGRX,Tesco Organic Easy Cook Long Grain Rice 500G
LGRX,Tesco Easy Cook Long Grain Rice 4Kg
LGRX,Ben's Original Classic Long Grain Microwave Rice 220g
LGRX,Sainsbury's Microwave Rice Long Grain White 250g
LGRX,Sainsbury's Easy Cook Long Grain White Rice 1kg
LGRX,Sainsbury's Long Grain Rice 1kg
LGRX,Bens Original Boil in Bag Long Grain Rice 8x62.5g
LGRX,Sainsbury's Easy Cook Long Grain White Rice 2kg
LGRX,Sainsbury's Easy Cook Long Grain White Rice 500g
LGRX,Bens Original Long Grain Rice 1kg
LGRX,Veetee Heat& Eat Long Grain Rice Pots x2 260g
LGRX,Tilda Microwave Rice Premium USA Long Grain 250g
LGRX,Liberty Easy Cook Long Grain Rice 5kg
LGRX,Sainsbury's Long Grain Rice 2kg
